net_id,minlat_id,maxlat_id,minlon_id,maxlon_id,maxkmNS,maxkmEW,min_cut_lat,min_cut_lon,maxlon_dist,maxlat_dist,latavg,lonavg
1,NA,NA,NA,NA,NA,NA,NA,NA,NA,NA,NA,NA
2,171646,160258,170857,160913,491.7308903,406.1943485,1,1,4.389017733,4.447075174,33.7536045,-81.61874743
3,454431,450847,453717,449745,1330.342786,830.2617778,1,1,9.578337618,12.03124411,38.82836896,-110.5871544
4,124500,135248,135248,124500,1.104034649,0.004275468,1,1,5.17E-05,0.009984577,42.02256025,-70.71140373
5,149409,151756,151702,149409,168.7016759,319.5520487,6,6,3.571787938,1.52569027,36.51231563,-78.16744668
6,246793,238095,248782,241068,482.5592766,473.0447656,1,1,5.117953299,4.364129692,33.86167964,-86.36221137
7,1222,1362,1222,74937,139.1508016,139.8027949,1,1,1.738082128,1.258440516,43.73259764,-85.51977423
8,37625,39756,77078,38655,31.54679143,24.56169668,21,1,0.293188008,0.285300264,41.18737401,-81.83546545
9,157995,159782,159311,154722,315.884593,327.0631869,1,1,3.60747948,2.856770968,35.46396405,-79.98707333
10,79080,47828,63479,4357,505.3960943,470.4560369,1,7,5.646967003,4.570659416,41.53669276,-75.15076636
11,12003,316231,314653,56910,380.4055206,479.8230802,2,1,6.421737471,3.440279999,47.82467509,-97.69083535
12,112288,132822,3733,112288,0.81067832,0.708271313,1,1,0.008485607,0.007331546,41.42693217,-82.83527105
13,57286,79095,44866,74828,119.2570329,125.9640399,1,1,1.668097832,1.078526895,47.28414831,-92.26889936
14,456971,457037,457405,457037,143.1110167,72.60283926,6,1,0.848478362,1.294255582,39.76486876,-119.7853674
15,146566,145536,147884,144759,173.6281866,336.368795,426,1,3.804298756,1.57024424,37.4082651,-77.50264167
16,152010,150465,149963,150533,128.3191533,162.7552185,26,46,1.819904788,1.16048215,36.545819,-77.06621117
17,234589,232593,235091,233240,166.9418764,175.6662793,2,2,1.853217444,1.509775141,31.62237072,-86.49867212
18,221623,220894,222319,222314,130.1909486,89.3045889,4,2,0.934661875,1.177410138,30.87151142,-84.27936
19,80024,6866,98679,75792,28.67499508,11.4289629,1,1,0.136304768,0.25932855,41.12950289,-74.0235228
20,41590,6327,88347,117098,434.2133698,164.5456301,1,1,2.040431198,3.926902977,43.57748599,-71.78680704
21,198680,178033,173175,191956,539.4367778,235.3314492,1,1,2.438847414,4.878513735,29.90805018,-81.94493593
22,85237,62344,85237,62344,5.010226017,1.067955383,1,1,0.012699299,0.045311068,40.93583878,-73.80716447
23,45857,573,45857,96671,41.64633715,64.98138506,1,1,0.868929644,0.376637701,47.79440546,-90.73029129
24,173998,172844,177002,173998,316.3759383,261.229254,69,47,2.7851551,2.861214556,32.58591724,-82.65693487
25,427557,425149,424572,425641,129.1208634,89.33296532,4,1,0.925503028,1.16773259,29.87785175,-95.37280094
26,42700,122440,88385,79981,142.5119041,57.63450117,2,1,0.693358275,1.288837377,41.69339493,-73.11374482
27,27963,93606,120403,73695,48.20203283,20.17869275,1,1,0.23466583,0.43592556,39.42531689,-75.0269489
28,223577,226434,223395,230493,553.8740816,198.9151225,15,1,2.140389412,5.00908063,33.39917778,-84.3263842
29,60550,87656,46101,134880,159.9405762,152.3822725,1,1,1.910170964,1.446457361,44.22227113,-75.02682165
30,52241,134985,52241,6380,46.89547764,18.55293326,1,1,0.235348075,0.424109444,44.91466437,-85.31890505
31,444373,443837,444727,445081,253.012088,276.201509,65,1,2.824209173,2.288169805,28.5316872,-99.41368437
32,474408,473693,473726,474256,289.101781,247.0675415,1,1,2.954141495,2.614554787,41.29376917,-122.3260781
33,7992,96499,6250,53009,392.0716382,282.3700067,1,1,3.603209892,3.545785069,45.24841091,-69.5069185
34,465079,460323,467524,463179,820.3592652,1120.037963,1,1,14.19856583,7.419097304,44.80331802,-115.0881019
35,160694,162520,164569,165881,179.9544442,149.9864415,1,1,1.609357083,1.627457126,33.15369122,-81.14888721
36,215510,218899,218571,216510,245.8567106,162.7306882,550,1,1.699770882,2.223458594,30.68040195,-82.93447348
37,84141,7954,5641,114951,98.36476297,95.68028476,4,1,1.192218943,0.889583111,43.86787454,-70.62411376
38,31121,66539,10247,41678,2.752115552,4.583927694,1,1,0.054431012,0.024889355,40.84167858,-73.22328375
39,349624,354495,349624,352418,5.331539567,6.763596454,1,1,0.086960995,0.048216937,45.67832939,-97.28476439
40,472470,471642,472400,472506,72.84386661,74.5949511,131,131,1.000282747,0.658779339,47.93964014,-121.7267203
41,49093,51202,114220,49093,65.89128282,112.2667211,1,1,1.417216666,0.595902136,44.63300396,-83.99488303
42,69531,76793,76793,69531,6.046005677,5.915857352,1,1,0.070774511,0.054678366,41.33347385,-72.66856626
43,43528,15162,13082,18212,180.0053293,334.7889708,1,1,4.524818662,1.627917316,48.33645061,-94.38575819
44,252716,251770,251770,252864,66.54732344,33.66238495,28,28,0.351782757,0.601835182,30.72765713,-89.40806094
45,441494,442952,441156,440216,185.4055052,263.7759654,1,1,2.716709762,1.67675498,29.28129908,-98.08942407
46,137131,68585,138230,15360,74.06908938,41.09039958,1,1,0.488459755,0.669859907,40.91472085,-74.29981568
47,142040,17457,81063,95589,355.6900999,162.6979183,1,1,1.91630907,3.21676072,40.297202,-75.0219832
48,423903,421842,416267,411475,452.0061889,494.3018621,4,1,5.257590517,4.087816204,32.36529843,-95.90117827
49,74648,120304,140354,108841,29.94653274,30.55309928,1,1,0.366335063,0.270827977,41.47766023,-71.74006795
50,441624,428373,428160,425338,611.9304918,702.7485032,3,1,7.400862882,5.534126393,31.44335173,-98.90309657
51,142079,142383,141820,142298,9.841946688,14.14665093,6,1,0.163047644,0.089007784,38.7930875,-75.2310364
52,449071,447322,447499,449063,1312.700926,945.4034708,4,1,9.892074435,11.87169611,30.81601948,-102.1051531
53,1594,111258,96884,4462,187.9458995,176.763858,1,1,2.223819001,1.699729588,44.4335852,-73.14068436
54,149048,149074,145453,149074,15.30073527,25.411711,1,1,0.29153583,0.138375525,38.46239659,-75.94980206
55,4916,5468,4916,5468,0.776407879,1.485796348,1,1,0.019496924,0.007021613,46.79769183,-91.11785034
56,36402,61423,17531,80155,182.2193111,117.9307529,1,1,1.520762042,1.647939941,45.84288019,-88.12074626
57,138314,5742,74617,58148,215.6739223,96.34455715,1,1,1.183359936,1.950493988,42.99784406,-71.4717676
58,251265,250739,249955,252230,260.0795891,143.6908423,1,2,1.50893322,2.352086287,31.19125749,-88.70214654
59,477518,475808,475334,477742,629.5174466,410.3068721,1,1,4.668838266,5.693177841,37.85747473,-119.6760806
60,152949,153852,152066,152949,180.4286426,231.0075811,2,20,2.545306473,1.631745642,35.38120454,-77.84467552
61,7,62263,19481,56105,7.715449975,10.54078242,2,1,0.128873563,0.069776349,42.71415467,-70.98506527
62,13255,21606,62261,3287,15.52592432,14.20906486,1,1,0.172163335,0.140412071,42.14902699,-70.8031233
63,54312,50136,68707,91633,116.1084105,156.1451648,1,1,1.88378097,1.050051644,41.87339107,-85.68543882
64,107045,63646,82259,132828,266.8028102,303.9452876,1,1,3.736513833,2.412889198,43.04721215,-84.24725968
65,231649,233524,234042,232320,54.70746548,56.88366819,42,42,0.595533126,0.494758854,30.90202015,-86.85934765
66,351752,349655,353156,349655,5.116806981,9.250935077,1,1,0.117896857,0.046274956,45.18053702,-99.38636583
67,98926,50217,135944,115308,147.4867171,229.6205694,84,84,2.747691526,1.333828179,41.3454486,-83.87760646
68,4714,120499,141136,37499,241.0359467,135.3624632,1,2,1.69312566,2.179860968,44.0939185,-89.16604722
69,250893,252277,251327,251834,38.7269844,17.17757993,24,24,0.179169873,0.3502359,30.54353808,-89.49056182
70,14274,108840,14274,75746,20.23892041,31.31243439,1,3,0.382102147,0.183035075,42.59549274,-71.09749367
71,457369,457462,456907,457461,134.6023056,111.4949356,1,1,1.292199691,1.217305204,39.18586224,-119.1614159
72,47074,118514,132799,132801,11.87875648,11.53891492,8,8,0.141882319,0.107428116,43.06527731,-77.56952284
73,133138,100609,104733,69514,43.4663191,27.63036984,1,1,0.335084726,0.393097103,42.20618783,-71.31209748
74,2916,1263,72752,95701,62.43913647,61.08545848,1,1,0.796812501,0.564681901,46.4749344,-87.60487247
75,145337,146930,147989,148988,120.3178713,156.8409998,1,3,1.77985631,1.088120818,37.66399868,-77.07951371
76,75997,83373,75997,83373,6.162921757,0.609282233,1,1,0.007742575,0.055735722,45.01624045,-83.48620783
77,130843,31281,1446,96734,22.41674146,7.637909777,6,6,0.093603634,0.202730673,42.8605664,-88.03742763
78,108096,101962,41943,72860,27.64827232,20.75251467,13,13,0.247580302,0.250043159,41.15080116,-82.12866481
79,18408,135246,80964,122418,80.79263988,54.83231757,1,1,0.663976958,0.730665797,42.11113658,-71.68983115
80,24073,103967,141059,24073,43.14262855,50.70438171,1,1,0.657617821,0.390169737,46.1612594,-84.33354166
81,19648,29081,19648,130897,9.025070186,22.64988002,3,3,0.295455397,0.081620184,46.47610063,-87.66036965
82,97608,127903,127903,97608,8.428359235,4.955691885,1,1,0.059113904,0.076223698,41.14176088,-73.48565716
83,314637,316189,315837,315124,81.88115062,49.49443201,1,1,0.674445504,0.740509981,48.75851021,-99.46102269
84,85182,43766,43766,85182,0.131376701,0.112938901,1,1,0.00136817,0.001188134,42.13755061,-71.24141152
85,7853,113926,123411,97536,10.36034882,11.00692358,1,1,0.138566218,0.093696066,44.47375876,-69.13016728
86,126703,4836,14495,5247,54.76559492,28.2483217,2,5,0.35018721,0.49528456,43.5612058,-88.08540181
87,8143,23769,7634,112951,74.97071884,100.7124878,1,1,1.272489204,0.678013989,44.68462134,-68.34118842
88,139274,15317,111979,75764,97.71633357,55.3660828,1,1,0.666375211,0.883718899,41.72299504,-72.01825131
89,127704,41874,41874,127704,1.607415751,1.794096957,1,1,0.023195863,0.014537014,45.9881633,-86.12590061
90,143337,87434,57340,143564,238.1238141,266.9429519,309,309,3.06999724,2.153524464,38.63482266,-78.41238571
91,142339,142193,142031,142193,12.33696446,11.55807921,1,1,0.133507994,0.111572019,38.95032654,-75.41689096
92,79244,116400,132814,84494,50.59020816,52.54365946,1,1,0.631878126,0.457523542,41.66939736,-80.90692045
93,148383,148912,148912,148383,36.7042582,46.97374699,21,21,0.533086344,0.331942936,37.66792057,-76.61580318
94,1380,62257,1380,88373,7.460200833,3.670129153,1,1,0.0442232,0.067467948,41.79611777,-70.70247079
95,456891,456842,456733,456861,146.3906325,286.3295036,2,2,3.407117248,1.3239155,40.97639531,-116.7093872
96,28894,8094,28894,136251,22.37679375,11.95281956,3,1,0.149772791,0.202369397,44.19982582,-69.388077
97,37580,130797,130797,61499,29.73315501,14.5170073,1,1,0.185611749,0.268898249,45.36501736,-84.0695573
98,470929,471469,471841,472509,111.7809113,116.393521,1,1,1.57823922,1.010914965,48.50841481,-121.3450534
99,455353,455398,455031,455594,216.8296761,146.1242999,1,1,1.768046421,1.960946299,42.05974088,-111.2214452
100,235960,235032,235362,232122,187.6708927,93.17681821,206,206,0.980244251,1.697242505,31.36227336,-85.84197874
101,470507,472328,472328,470507,0.673756077,0.450546191,1,1,0.00603841,0.00609326,47.91259878,-122.7556633
102,8028,7762,8432,36178,87.56730797,76.93851724,1,1,0.981078367,0.791933981,45.21207011,-67.72298266
103,222948,221194,221838,220895,31.86647106,15.74148425,1,1,0.16430131,0.288191357,30.60881654,-83.97767394
104,14472,5495,125784,14472,36.13940422,24.97885634,1,1,0.310302116,0.326834556,43.68642679,-87.93868575
105,142834,143063,142736,142775,39.43475763,42.70522226,1,32,0.494621503,0.356636801,39.1406156,-76.02393343
106,462154,462161,462154,462161,29.30159456,26.06299713,1,1,0.346843227,0.264995338,47.54385637,-118.5690272
107,58191,23807,58191,32,4.447172106,4.407621244,1,1,0.053033389,0.040218967,41.70392531,-70.10583747
108,480729,481308,481308,480729,14.51939625,12.99409702,1,1,0.148155315,0.131309315,38.01256726,-122.6692633
109,476690,477968,477245,476803,66.10771214,74.00176043,7,1,0.826260388,0.597859462,36.43278884,-119.0472045
110,126613,2701,88641,126613,67.97372994,70.05516936,1,1,0.850873447,0.614735199,42.30135533,-83.42312955
111,470717,471606,472003,470717,54.53397882,49.61169205,1,1,0.659798503,0.493189889,47.50973466,-121.9646071
112,38561,104912,104912,3546,17.39482092,16.63019797,4,4,0.208198977,0.157313843,44.14803031,-88.03140813
113,211958,209599,211579,207212,30.27655102,21.89937592,1,1,0.22099891,0.273812569,27.10602792,-82.24551425
114,3419,134912,139000,42999,41.64065495,71.34545051,2,1,0.8623806,0.376586313,41.99641401,-84.05643333
115,137025,129860,3537,2206,35.96636603,27.29211761,5,5,0.354610214,0.325269648,46.26076329,-89.65888829
116,214159,219231,214159,219231,1.824174611,0.954321384,1,1,0.009846313,0.01649732,29.46429148,-83.2402509
117,136060,98795,3284,93671,97.05337443,48.63432434,1,1,0.637662633,0.877723284,46.75306227,-88.49278527
118,470040,470390,469894,470080,82.27943894,111.8888331,1,3,1.362461649,0.744111988,42.46181737,-123.3292603
119,456528,456677,456596,456546,220.237668,137.3250199,2,1,1.580235738,1.991767215,38.678951,-112.0702758
120,6285,5614,6081,8226,73.69452811,48.21139137,1,1,0.594488981,0.666472481,43.2383671,-71.08819126
121,45676,28893,45676,28893,0.538291172,0.878886908,1,1,0.011067143,0.004868153,44.48869332,-68.364858
122,481826,481671,481793,481826,90.12543529,88.17149954,4,15,0.987593734,0.815068961,36.67737969,-121.1210505
123,111164,109104,140104,35454,63.8221928,76.9103586,30,1,0.999328372,0.577189871,46.26162966,-86.18039753
124,233553,234707,233553,233567,6.745690891,2.974411234,2,1,0.031014471,0.061006122,30.51230825,-86.51496755
125,23048,77100,60530,23048,10.53264413,22.16418204,1,3,0.274036115,0.095254256,43.40102719,-75.95860192
126,154388,152253,152980,153254,110.7962505,204.4518126,80,80,2.270202916,1.002009971,35.9986839,-77.50874475
127,63613,139054,2197,79191,36.87930692,63.28220965,21,21,0.789438327,0.333526027,43.93711764,-86.140753
128,252712,249948,252712,249948,1.150369325,1.286892846,1,1,0.013409966,0.010403615,30.44997917,-88.27944634
129,210789,212102,205545,207514,45.87526519,61.06050943,16,16,0.619967177,0.414882931,27.77912701,-82.16456186
130,54244,58315,36382,4749,42.36750175,71.02860709,13,1,0.925163497,0.38315971,46.39541262,-90.69297234
131,356248,355680,355680,356248,1.7229111,4.283185179,1,1,0.054859374,0.015581521,45.46328684,-97.16359377
132,483155,482982,482963,483155,206.6411583,99.48410503,1,1,1.115676779,1.868804225,36.77182076,-118.2080417
133,235771,234791,235771,233077,97.06989581,83.2081922,135,135,0.869278017,0.877872699,30.69701778,-86.59177535
134,482444,482303,481908,482318,70.37510176,110.0669168,1,1,1.187896714,0.636452527,33.65844118,-117.3063001
135,83454,113296,28207,65775,33.3215659,21.6265623,11,1,0.273452736,0.301350823,44.72836746,-74.24753696
136,473931,473601,473601,474174,101.5683874,61.89121032,18,18,0.714152058,0.918555785,38.87499385,-122.9982661
137,481798,481696,481696,481703,8.830642042,14.02819521,1,2,0.156666088,0.07986183,36.45058393,-121.7335906
138,73682,34208,34208,82095,4.134341003,1.128273566,1,1,0.013373475,0.037389811,40.72257538,-73.33581934
139,45035,73961,81320,49174,194.8406151,284.1507629,13,13,3.497993232,1.762083448,43.13229587,-76.74337931
140,456142,456022,455818,455970,120.0043929,96.97160623,1,1,1.147618288,1.085285807,40.61815615,-111.9245518
141,19538,79020,69586,59298,4.042661396,19.40612697,1,1,0.230626878,0.036560687,40.8969152,-72.78097184
142,46842,141223,66557,81075,19.80638929,23.10758433,8,1,0.27106396,0.179123386,40.02235526,-74.37507678
143,135175,40573,135175,121436,3.995688714,0.4820196,1,1,0.005731096,0.036135879,40.92767383,-72.29070996
144,311,110009,97751,50044,18.10838471,20.13084535,12,12,0.267609938,0.163767113,47.48725134,-91.26769255
145,470146,470085,470085,470083,72.48363013,148.1923709,10,1,1.832797119,0.655521462,43.41830691,-123.6354735
146,28083,94727,117309,94727,23.79281709,45.50986432,8,8,0.5461089,0.215175512,41.52985931,-87.10803935
147,196210,193550,193550,201331,47.73852153,41.904506,1,1,0.417650997,0.431733694,25.6686571,-81.16204094
148,142723,142991,142983,142723,51.42283831,44.501004,2,8,0.516437697,0.465053614,39.27904475,-76.68042057
149,50212,258777,50212,258777,2.11239027,1.627594513,1,1,0.019534409,0.01910386,41.54193421,-82.83694858
150,14606,6511,84504,17656,30.81995048,53.54233942,25,1,0.652381119,0.27872692,42.50072922,-78.51141647
151,445926,444022,445850,445926,50.63171903,49.86184886,2,1,0.505724687,0.457898955,27.6630506,-98.02080235
152,79916,110876,110876,79916,7.65416519,5.794341759,1,1,0.073663245,0.069222106,45.03993844,-67.26387418
153,68708,140120,14516,138077,85.75847683,139.4700206,1,1,1.696191389,0.775575423,42.38297939,-85.24956352
154,70480,46688,63295,27833,29.65320004,9.639286929,1,9,0.125822023,0.268175159,46.51190663,-67.90170295
155,94532,87303,87303,94532,0.226640036,0.785720295,1,1,0.009423042,0.002049668,41.49262247,-71.25875819
156,74647,19491,140355,9435,25.88630656,9.580358354,1,1,0.11524647,0.234108439,41.68922579,-71.10593418
157,481459,480633,481459,480636,0.243852295,1.1737963,1,1,0.013224773,0.002205331,37.12494829,-122.3232802
158,198911,195190,201466,196439,2.142567742,6.627097771,1,1,0.066065165,0.019376777,25.69513893,-80.42502775
159,113058,25943,55156,31123,2.08710272,0.778738792,1,1,0.00923429,0.018875167,40.75042798,-73.15583827
160,310908,311352,311928,316103,122.7284339,265.9176753,1,1,3.626102872,1.109921265,48.78888893,-100.4130539
161,195504,193054,193054,200686,131.6472509,9.251901448,2,5,0.093207575,1.190580524,26.91499352,-80.15806831
162,13258,32127,116103,125585,16.21478937,15.9473722,1,1,0.1932846,0.146641972,42.16839652,-71.13648181
163,78969,63391,78969,63391,3.144943305,1.179999189,1,1,0.014088169,0.028441978,41.20021854,-73.14801389
164,134063,88497,92611,3103,18.81060337,18.90261638,1,1,0.252469633,0.17011778,47.73375917,-90.70052831
165,441155,440510,440462,442026,112.3077066,70.77754451,19,19,0.729536321,1.015679153,29.36407704,-96.78119658
166,145341,144385,146170,147793,143.1610374,182.2184702,1,1,2.077967598,1.294707955,38.02374822,-77.23828254
167,330657,331211,330657,331211,1.683190737,0.686602545,1,1,0.009317379,0.015222301,48.5494646,-103.1107162
168,110984,64470,51005,126832,72.12353377,59.7722616,1,1,0.705627018,0.652264852,40.45224199,-74.55480759
169,85341,139133,34306,132964,43.10441688,55.06850849,15,1,0.719227173,0.389824162,46.54312048,-85.21148216
170,64981,749,64981,749,4.61541573,4.480532026,1,1,0.057692153,0.041740515,45.76071516,-95.39229734
171,69709,4872,69709,4332,8.453078963,2.274922299,1,2,0.028560967,0.076447257,44.31407821,-87.72754896
172,204859,205986,204859,205986,0.683715369,0.263014798,1,1,0.002649544,0.006183329,26.90738352,-82.24191527
173,142854,142676,142565,92564,27.93006874,23.81448296,1,15,0.277256245,0.252591647,39.50276458,-75.91501078
174,482653,482668,482653,482668,8.477599009,3.087784047,1,1,0.036687215,0.076669009,40.88120649,-120.7734436
175,91660,13498,2155,25091,20.31467178,22.3522991,1,1,0.277869407,0.183720149,43.7287153,-86.2954322
176,314702,316566,314702,316566,3.034996216,0.068092285,1,1,0.000915779,0.027447648,48.09190019,-99.77859086
177,40773,49068,4134,1513,96.62927275,119.9849994,1,1,1.509769222,0.873887828,44.44500055,-85.25758033
178,70545,121371,70545,121371,8.40401352,4.131311019,1,1,0.049792571,0.076003523,41.8120279,-70.64022033
179,462358,461913,461165,461913,20.30137159,5.061846592,1,1,0.066032401,0.183599866,46.47889834,-119.0705694
180,4157,15417,117249,184,16.18677741,15.75585879,1,6,0.209809631,0.146388639,47.57699553,-91.1433064
181,106963,126742,126742,106963,0.058061071,0.572454461,1,1,0.007504046,0.000525088,46.74159684,-88.89940422
182,96696,54273,96696,688,11.68797217,12.2042893,1,1,0.159792694,0.105702716,46.6781936,-85.17906158
183,89650,62526,89650,62526,0.999730368,0.311019382,1,1,0.003933118,0.009041279,44.73568971,-86.06305118
184,149060,142978,142923,142180,86.65254753,72.41388137,14,1,0.834171512,0.783661146,38.75550871,-75.85049703
185,97606,133106,133106,131054,15.75213389,10.36444673,1,1,0.124043757,0.142457846,41.35889877,-72.51857815
186,69521,12227,121392,69521,0.557074951,1.467756213,1,1,0.01765851,0.005038028,41.69726624,-69.96900102
187,146612,145380,145378,146017,9.005019309,11.01051522,17,1,0.123605386,0.081438849,36.85070327,-76.10285174
188,140270,89482,100688,103766,39.38981251,44.89616052,1,1,0.524956325,0.35623033,39.80096251,-74.53497622
189,477821,477904,477997,477748,141.7070558,58.89665493,1,2,0.653901079,1.281558557,35.99082233,-118.5970224
190,66470,130019,92449,130019,10.30078074,4.491061194,1,3,0.054490329,0.093157349,42.23567286,-70.86406492
191,471612,472005,472367,470589,23.91361501,16.88417832,1,1,0.229635987,0.216267974,48.66243449,-122.2930602
192,250109,250524,250524,249707,30.58532275,32.53805219,25,25,0.339931709,0.276605013,30.69889212,-89.24611498
193,7795,7695,7795,7814,1.874709392,3.917287181,1,1,0.047019894,0.016954342,41.54821065,-71.4854115
194,18679,140067,2903,6354,57.81772159,63.96717443,1,1,0.810779628,0.522887131,44.86777623,-83.72118385
195,123562,65502,102717,68597,8.966184029,18.51909676,4,1,0.217763476,0.081087634,40.18652995,-74.14696964
196,235106,233359,233338,235130,61.81022149,39.07176852,15,15,0.408148267,0.558994171,30.68882174,-87.47337833
197,482466,482375,482466,482375,0.221394845,3.540989059,1,1,0.037979233,0.002002232,33.11841748,-117.2268462
198,120319,6855,6855,120319,6.97010675,4.432603428,1,1,0.053050851,0.063035675,41.35960641,-72.22477759
199,78160,83421,50228,33395,67.31032614,53.98918635,1,2,0.647311191,0.608735563,41.47503762,-81.23811092
200,84340,62429,105948,20702,22.54564444,66.21244132,1,1,0.889652822,0.203896435,48.04280941,-90.06670314
201,134178,37339,55120,79983,36.93947122,17.49079716,1,1,0.210026835,0.334070136,41.57333554,-72.87048461
202,16387,3969,3969,65516,42.08194581,29.01185699,4,4,0.337921973,0.380577223,39.53485411,-74.86540713
203,424392,427082,427082,425481,0.726275931,1.921168389,1,1,0.019849168,0.006568234,29.60351358,-94.70342354
204,21637,64406,117176,74678,20.29353125,8.794940122,4,1,0.104979283,0.18352896,41.18481945,-73.46091044
205,121689,6667,53406,130737,30.48300014,34.88919669,1,1,0.429825085,0.275679637,43.1831868,-78.24992496
206,213055,216041,213055,216041,0.816250808,0.444404754,2,2,0.004587496,0.007381942,29.5151436,-83.35928805
207,17689,38694,117423,30342,52.00166975,44.13213679,44,1,0.556171929,0.470288402,44.53576046,-74.57757666
208,69538,87330,87330,69538,0.568971972,0.344079729,1,1,0.004114024,0.005145622,41.29573151,-72.52793897
209,120282,68475,21576,120282,14.44247439,20.54816482,6,1,0.254391681,0.130613656,43.48096324,-70.7072948
210,357086,357370,357370,355665,3.455878841,4.21483369,1,1,0.05364934,0.031253991,45.1106252,-97.31496355
211,481926,482276,481926,482310,21.18174024,68.24425946,6,1,0.73311082,0.191561671,33.25578086,-117.2871529
212,11370,54276,97778,22893,16.51413415,44.03263794,1,1,0.57586133,0.149349161,46.61565433,-87.80912831
213,7781,27862,7638,21572,5.183922958,8.281477528,4,1,0.102023764,0.046881934,43.18222797,-70.70730004
214,16257,139344,70505,8245,55.27477731,17.14150663,1,1,0.215066567,0.499889461,44.2758725,-69.23694847
215,142544,142782,142695,142544,31.34711002,46.54278322,1,1,0.541551915,0.283494402,39.4622623,-76.51853252
216,4786,103836,103836,68652,22.77915325,9.183288487,2,3,0.120218266,0.206008223,46.66921378,-91.46099298
217,203226,205481,205481,203226,0.357781762,0.297511678,1,1,0.003051951,0.003235677,28.87209926,-82.62704161
218,116104,137200,116104,137200,2.184320203,0.006145089,1,1,7.39E-05,0.019754374,41.66178603,-70.41553002
219,709,38330,38330,8184,4.033065276,1.506552201,1,1,0.018930305,0.036473902,44.36363649,-68.36418755
220,136075,12402,12402,3514,9.428118656,17.88135415,5,1,0.237028505,0.08526524,47.33688464,-91.50812723
221,152036,150151,152021,152042,31.03724039,22.1754507,1,9,0.248559669,0.280692029,36.73222167,-76.09461634
222,482045,482415,481962,482313,30.56702613,24.06758949,1,1,0.256965916,0.276439544,32.71514424,-116.4685625
223,317062,317087,316922,317087,11.57250818,9.324289673,2,1,0.127422745,0.104658493,48.90180741,-113.737443
224,136948,3281,111152,29150,32.5306375,21.71202335,1,1,0.264325433,0.29419789,42.44820505,-86.15374359
225,74686,95548,15313,28954,23.32527452,15.93939257,1,1,0.190571315,0.210947189,41.29242173,-73.42152877
226,8486,8467,8467,7570,7.648734113,9.195298788,2,1,0.115501192,0.069172989,44.34301352,-69.09608782
227,481009,480728,480727,481012,54.89358705,34.48187901,13,13,0.3954248,0.496442084,38.4316211,-122.4369629
228,150964,150946,152961,150946,5.962157961,32.86252489,2,2,0.363376148,0.053920071,35.66824716,-75.98957094
229,309763,309764,309763,309764,0.461546901,0.543635568,1,1,0.005604653,0.0041741,29.38519618,-90.06420388
230,32168,84202,19511,79971,14.15756665,6.891401582,1,1,0.082188728,0.128037031,41.12957908,-73.67277055
231,140292,107871,140292,107871,1.254636277,0.23784228,1,1,0.002829698,0.011346576,40.9699579,-72.29346333
232,482165,481895,481895,482170,52.23358891,55.95312061,9,9,0.607466073,0.472385813,34.16427706,-118.124608
233,894,4972,894,4562,36.80440918,43.0378943,6,1,0.544091101,0.332848673,44.71840642,-72.30515417
234,218796,216535,216523,216882,53.60447205,43.87152722,3,1,0.458380875,0.484783693,30.7085503,-83.73061683
235,4425,26036,30169,10337,54.60349984,70.10200491,1,1,0.912791394,0.493818618,46.37730947,-89.30567631
236,481782,481699,481699,481782,189.1563631,153.0131887,7,7,1.699584384,1.710676679,36.02490448,-120.8934376
237,455768,456182,455880,455768,106.2251786,155.6588097,1,1,1.859200775,0.960670488,41.22604628,-112.0187682
238,351707,354478,354458,354478,6.953656371,6.814567196,1,1,0.087581385,0.062886903,45.65599438,-97.2326303
239,57208,137116,140259,43787,13.26401915,16.19438977,1,1,0.190210212,0.11995604,40.1089574,-74.23554859
240,210099,206558,211001,204251,124.878897,49.9646861,15,1,0.504593337,1.129369445,27.18828788,-81.73441007
241,97651,25942,25942,97651,3.555250969,0.391907755,1,1,0.004642093,0.032152685,40.6765781,-73.57202621
242,98803,2635,37480,2635,19.56768349,8.219624611,1,3,0.107083982,0.176964598,46.40669154,-89.96569292
243,82185,23961,1179,4905,36.35925274,17.78324622,1,4,0.231650307,0.328822804,46.40030846,-90.26930029
244,60463,34408,708,257921,70.11863481,67.84125717,1,1,0.867859117,0.634133113,45.39430602,-84.66836885
245,3454,123623,3454,123623,7.277711736,6.256688433,1,1,0.082912061,0.065817568,47.32145841,-88.22076066
246,32392,13519,13519,32392,18.02068905,25.78256015,1,1,0.320627065,0.162974018,43.7501587,-84.09188337
247,108802,15254,141478,15254,6.285894778,11.05279912,5,5,0.137046525,0.056847856,43.57346569,-70.36673888
248,236104,234502,233820,234502,20.58375687,37.30041783,5,5,0.388943984,0.186153679,30.51449706,-85.52169908
249,51996,45726,65438,110920,12.00513832,2.93855011,1,1,0.035790604,0.108571077,42.4766694,-71.14871884
250,106807,44773,59241,13269,16.77491595,10.04145085,1,2,0.120188042,0.151707598,41.3642945,-72.59014845
251,96684,54251,96684,54251,4.957930909,2.895426412,1,1,0.03817499,0.044838126,47.05173931,-91.90170223
252,472741,473175,473175,473191,56.52716355,58.91253608,4,4,0.723699378,0.511215689,43.00676349,-118.9525381
253,482955,483022,483108,482796,33.86571429,29.95328445,1,1,0.341453956,0.306271947,37.99844805,-119.2545987
254,71847,95846,15591,41947,35.87333415,29.8063359,14,3,0.364457706,0.324428294,42.72090769,-78.56339051
255,141883,141798,142025,142332,10.05494274,3.527676025,1,1,0.040849894,0.09093406,39.12614743,-75.54593951
256,446366,444031,444031,444580,18.08875929,31.18405364,4,4,0.31699665,0.163589626,27.90754889,-97.97794958
257,64382,139298,77825,137220,40.10014545,42.8115324,1,1,0.517306067,0.36265438,41.97519894,-71.04308582
258,482566,482401,482392,482220,7.120045784,14.81955243,1,2,0.158040479,0.064391681,32.61026929,-117.0041736
259,113136,119361,119361,113136,0.90911649,0.873431319,1,1,0.011713458,0.008221793,47.9451235,-89.75871067
260,470324,470104,470104,470324,0.654508505,2.169676873,1,1,0.027119368,0.00591919,44.05320402,-124.0814535
261,457000,457009,457076,457038,118.4857677,80.14757182,1,1,0.91987406,1.071551791,38.49200079,-119.1780359
262,351247,354045,354045,351247,1.195728214,0.228739645,1,1,0.002968362,0.010813828,46.19274077,-98.9294157
263,472433,470620,472270,470932,39.20870495,61.0959324,11,1,0.80483021,0.354592444,47.00548685,-121.8948415
264,460229,459878,459878,460229,5.264152945,2.230934563,1,1,0.029966687,0.047607511,48.02778429,-116.7028385
265,471685,471227,471075,471944,34.292026,55.57765621,15,15,0.748054071,0.31012739,48.13192488,-121.8361763
266,142722,142409,142783,142533,107.9815517,57.56416142,1,2,0.663461557,0.976554631,38.79338212,-76.76133178
267,80278,73924,73924,80278,13.20914592,15.17792777,3,3,0.183655274,0.119459782,42.06374004,-83.43001994
268,116329,602,116329,602,12.81357853,8.019956328,2,2,0.101536289,0.115882382,44.80214711,-85.77116962
269,132100,46751,132100,7966,8.102103847,4.138637995,2,2,0.049601997,0.073273137,41.45060981,-71.50338005
270,107075,43973,43973,107075,0.68234633,0.975082592,1,1,0.012608636,0.006170947,45.9960729,-84.11314107
271,94470,120255,119170,26880,8.573772987,9.552932261,1,1,0.120927091,0.077538779,44.79385836,-67.25545561
272,81246,257856,97859,42932,6.148726988,29.98128184,1,1,0.379019471,0.055607349,44.71722486,-85.82288046
273,478719,480311,480311,478720,5.534889018,7.424744215,1,1,0.083618,0.050055972,37.09404623,-121.1270779
274,36245,20553,88393,127893,16.40946947,8.58572205,2,2,0.102451518,0.148402603,41.16534077,-73.60620676
275,106063,1234,67785,58435,13.15929484,11.71070024,1,1,0.147045507,0.119008943,44.32252182,-83.9357864
276,87324,28952,55119,124528,7.093358928,2.469650624,1,1,0.029430293,0.064150333,41.0773166,-73.61808821
277,3031,37449,525,250,15.34800268,16.77304934,1,1,0.224421311,0.138802998,47.82532427,-90.56000235
278,108797,66408,108797,66408,2.446882059,1.734146161,1,1,0.021677121,0.02212891,44.05748532,-69.29881961
279,350957,350944,355108,353111,4.479258713,5.944590315,1,1,0.076488704,0.04050915,45.72063031,-97.34470706
280,45643,18317,73534,72490,19.51908774,19.31642467,12,12,0.251487176,0.176525112,46.37105048,-68.00602655
281,214206,213234,214206,213234,19.58340129,0.728376755,1,1,0.007521041,0.177106746,29.54423328,-83.14800522
282,123382,129009,129009,123382,3.05107636,2.59015049,1,1,0.03311828,0.027593072,45.36690626,-69.40361553
283,8048,131111,95484,125536,5.901738839,7.206759621,3,1,0.09052813,0.053373658,44.34610505,-68.69800292
284,140342,74673,74673,141701,2.463516817,2.283019787,1,1,0.0273061,0.02227935,41.31709392,-72.40633735
285,54092,57115,54092,57115,3.71582129,3.772798309,1,1,0.04564722,0.033604837,42.05787661,-70.68584313
286,58244,18462,18462,58244,1.300195881,0.081405424,1,1,0.000967347,0.011758604,40.89055328,-72.57901119
287,357324,357297,357297,357324,5.51218033,3.231983599,1,1,0.041174365,0.049850601,45.15971177,-97.42141663
288,222172,222878,222172,222511,0.373281831,3.774348638,1,1,0.039370194,0.003375855,30.54858629,-84.08427507
289,129761,1891,127699,24059,19.07044731,40.21033612,1,1,0.508266403,0.172467735,44.70950447,-85.60552346
290,142257,142035,142035,142257,2.308278711,1.354628227,1,1,0.015444939,0.02087542,38.0117238,-75.45239999
291,11284,120388,120388,11284,4.18830736,5.056164848,1,1,0.059431118,0.037877868,40.15957962,-74.06163954
292,469442,468714,468714,469442,0.742626552,1.848714714,1,1,0.023061215,0.006716105,43.93401851,-121.9464668
293,352,52144,1612,114091,19.49798133,12.42586672,1,1,0.165784424,0.176334232,47.67733865,-91.03870961
294,33339,77032,33339,77032,0.130469743,0.791144676,1,1,0.010117137,0.001179931,45.37458501,-83.6665025
295,36234,2212,36234,1692,7.028039255,1.490924348,1,1,0.017940403,0.0635596,41.70858751,-70.91574105
296,4997,70686,5111,105947,7.190673215,11.18171371,1,1,0.145867117,0.065030416,46.47900739,-91.73153116
297,137973,97943,97943,137973,11.00672079,6.503243663,1,1,0.080219186,0.099541672,43.26010202,-76.74411667
298,131925,53259,131925,93696,8.341775002,18.22346615,3,3,0.230626908,0.075440655,44.77950074,-88.35366989
299,229584,230607,230607,226575,0.565318326,0.822434513,2,2,0.008501849,0.005112579,29.65807029,-85.09526073
300,124459,28890,28890,124459,2.661342483,0.207895342,1,1,0.002618573,0.024068429,44.50445694,-67.91207194
301,149091,147876,149091,144833,15.53135006,12.43929832,4,1,0.142425556,0.14046114,38.31822347,-75.62211481
302,211196,206553,206553,211196,91.01366714,73.52698869,1,1,0.752393214,0.823101879,28.61322764,-82.20317312
303,451652,450626,450626,451652,14.07214238,6.287738255,1,1,0.076244646,0.127264478,42.19851045,-108.5317256
304,16459,15426,3472,82183,21.70956089,39.83640149,5,1,0.520173482,0.196335132,46.53137393,-92.42091616
305,317122,316993,317117,316963,44.83108151,28.11274513,1,3,0.383830377,0.405439629,48.85625379,-113.4945484
306,118231,83167,83167,118231,5.26028124,4.045449927,1,1,0.046950903,0.047572497,39.28381599,-75.08704125
307,21833,32292,73794,88536,44.3366787,14.53667827,8,1,0.188549189,0.40096839,46.16538225,-86.70624136
308,4036,119,119,15420,8.385377014,5.230042105,3,3,0.069669133,0.075834979,47.59531499,-91.01463272
309,44936,106001,53283,136972,22.474464,35.24098676,1,1,0.424306236,0.2032527,41.74620886,-86.63904786
310,207849,205480,207849,205480,0.242129585,0.461263752,1,1,0.004724687,0.002189752,28.71611945,-82.64081407
311,143040,142468,143030,142468,10.87398252,10.39290718,2,2,0.119957352,0.098341224,38.89612622,-76.1116415
312,456279,455972,456279,455972,23.61803398,0.26603405,1,1,0.003200878,0.213594823,41.70197143,-112.4594059
313,90901,94013,99111,90901,6.666572179,6.787043855,1,1,0.089371856,0.060290594,46.98457354,-94.90432388
314,445543,445641,446275,445622,29.84482837,107.7041322,1,1,1.078835248,0.269908192,26.25629715,-97.46815856
315,65734,74984,49152,130750,42.0786026,19.80251202,21,1,0.237679212,0.380546988,41.54442189,-81.34328567
316,135217,62296,135217,62296,5.436516083,3.395537578,1,1,0.040565142,0.049166315,41.24111961,-73.02075044
317,193781,197521,195027,201371,11.4025462,11.16552751,1,3,0.11094056,0.103121405,25.29731873,-80.9151441
318,480401,480078,480401,480078,2.423031677,0.601586243,1,1,0.006834909,0.021913214,37.75205046,-120.5141801
319,1691,141078,141078,1691,0.590099406,2.273834381,1,1,0.029398123,0.005336692,45.98767242,-85.9893445
320,482017,482456,482017,482456,0.83942938,0.659547402,1,1,0.007078388,0.007591562,33.17230561,-117.3504568
321,19719,59506,59506,24056,21.38178995,25.58851942,3,1,0.32630736,0.193370864,45.21523914,-85.1170532
322,26026,171,26026,171,1.033520026,1.459230713,1,1,0.019484873,0.009346863,47.7201573,-90.62242651
323,26064,38557,38557,51121,10.41072398,3.196416134,1,1,0.040906545,0.094151645,45.41723049,-87.5128179
324,234794,234255,234255,235947,26.96126046,4.135756389,4,4,0.04321202,0.243830018,30.70992407,-86.19692046
325,440654,442677,443090,442288,44.68961237,57.99002367,7,1,0.592016516,0.404160222,28.36594173,-97.38917276
326,19500,109888,39466,78975,17.10267992,5.627013907,1,1,0.067181512,0.154671803,41.20005742,-73.54765982
327,46053,51270,51270,46053,3.767070915,0.641375052,1,1,0.00781285,0.034068325,42.4855304,-79.09708053
328,316941,317083,317083,317085,16.9868031,13.57097864,1,1,0.185706781,0.153623846,48.96908919,-114.0108188
329,481543,481062,481138,480966,41.32520229,54.68448134,4,1,0.618892509,0.373733448,37.46356306,-121.703129
330,458346,459857,459857,458346,1.227648091,0.016022249,1,1,0.000217839,0.011102502,48.64524793,-117.3375807
331,450465,451464,450465,451464,33.35029528,9.404343002,1,1,0.1139658,0.301610643,42.15936701,-108.1430387
332,247800,245084,247800,245084,0.431996401,0.081118313,1,1,0.000845486,0.003906853,30.47288086,-88.10797683
333,53286,6472,6472,53286,1.523035901,3.772518389,1,1,0.045368897,0.013773906,41.67159327,-87.57121596
334,358992,358993,358992,358993,0.287480697,2.996278728,1,1,0.036867916,0.002599894,43.10803193,-106.7850096
335,116106,8305,8305,8289,11.35912583,1.871391269,1,1,0.022456212,0.102728723,41.52969726,-71.47226944
336,7965,67531,126909,70559,13.35214701,9.895934993,3,3,0.119287768,0.120753043,41.82122843,-71.28854029
337,108911,16363,16363,108911,0.77718755,1.024298181,1,1,0.012162501,0.007028665,40.83982274,-72.93106731
338,86374,50060,86374,61397,9.312835147,9.427637149,1,1,0.122886223,0.084222649,46.43528942,-92.03847338
339,472398,472147,471045,471433,23.70915492,71.39666862,1,12,0.974536626,0.214418895,48.84260578,-122.094795
340,344113,339681,344109,339681,3.880525686,1.328019441,1,1,0.017511853,0.035094377,47.05926216,-100.0026267
341,125786,136971,125786,124716,9.547349195,3.306563843,1,1,0.040352937,0.086343527,42.60065103,-87.88996297
342,208118,210395,204374,205356,16.62189204,27.91293543,7,7,0.282677278,0.150323693,27.49630729,-82.4781961
343,13314,134205,65449,134205,5.592718052,2.287871955,1,1,0.027561991,0.050578961,41.7828411,-71.19522415
344,60439,37567,257910,60439,11.54386545,19.40872126,1,1,0.251683381,0.104399456,46.15246504,-85.52066399
345,74683,89428,89428,74683,0.072262002,0.331112142,1,1,0.003941322,0.000653517,41.00271614,-73.68767655
346,111243,6527,111243,6527,18.56135346,12.49866257,1,1,0.156506046,0.167863634,44.15977807,-75.91146751
347,7200,123784,25192,84514,34.37651282,34.94529872,3,1,0.434485298,0.310891465,43.73802327,-75.98010644
348,447463,447464,447464,447463,5.077208419,0.13358848,1,1,0.001457867,0.045916838,34.59842433,-107.8522499
349,61414,102785,102785,61414,0.894604738,6.628559744,1,1,0.086341003,0.008090552,46.39731965,-86.98566097
350,341626,343406,341626,343406,0.561005487,1.57640336,1,1,0.020498477,0.005073575,46.30372888,-99.32228306
351,146022,146625,146625,149053,1.823147118,0.554214456,2,1,0.006255439,0.016488027,37.26132555,-75.98446623
352,355652,355464,355652,355464,3.949672532,1.962085614,1,1,0.025100193,0.035719722,45.39506959,-97.27333505
353,66805,99943,43022,9076,22.39626497,38.35144424,1,1,0.475160269,0.20254549,43.52657231,-75.88240049
354,348940,349188,349188,348940,6.083087937,10.38056436,1,1,0.125684353,0.055013728,42.10309299,-103.3059325
355,165157,164419,162965,162260,44.63487533,29.70648795,9,9,0.317279436,0.403665196,32.74544733,-80.15359948
356,314996,316285,316285,314996,13.44464299,7.558123836,1,1,0.101347283,0.121589551,47.93818439,-98.41195563
357,89362,9478,106736,89362,14.76489179,12.63818911,1,1,0.159270978,0.133529508,44.53555374,-67.99367094
358,12256,72583,32158,134170,10.92407461,2.818783402,1,1,0.033659407,0.098794243,41.21105183,-73.26764383
359,105728,16222,37242,16222,24.91893187,18.05701773,7,1,0.234261932,0.225359776,46.17755889,-67.89538468
360,319316,318712,319316,318712,11.73812617,8.962794199,3,3,0.122162411,0.106156295,48.77065506,-112.03664
361,14634,7437,24156,47086,15.45677839,11.36623219,1,2,0.143711833,0.139786735,44.72588601,-74.01631668
362,470443,471020,471020,470443,2.213494522,1.242030802,1,1,0.016369376,0.020018219,47.03126734,-122.7879576
363,482624,482609,482637,482624,21.51169221,4.606525257,1,1,0.054934203,0.194545664,41.12424227,-120.0890201
364,350875,352347,350875,352347,6.427863123,3.473741236,1,1,0.043160803,0.058131777,43.69749052,-97.48053282
365,478055,477164,478055,477164,8.488753087,0.609953147,1,1,0.006698229,0.076769883,35.11267155,-118.4959449
366,24847,96570,124526,96570,6.7909874,3.477412127,1,1,0.04166443,0.06141577,41.4308194,-71.9533493
367,324764,323803,324764,323803,2.73973838,0.595767868,1,1,0.008128453,0.024777419,48.82110115,-104.0658691
368,472925,472744,473384,472511,35.46142524,22.20407309,1,1,0.270431632,0.320703106,42.47504581,-119.8534489
369,470223,469721,470335,470106,23.22325998,17.04564572,4,4,0.21077138,0.210024599,43.40690906,-124.2060371
370,533,3092,533,3092,3.677889544,5.476382161,1,1,0.069230521,0.033261793,44.71628015,-93.44702981
371,469693,469828,469633,470435,91.36102226,96.55239964,14,14,1.267622479,0.82624326,46.82435848,-123.1565962
372,59584,141003,141003,63705,7.789552637,6.365408725,2,2,0.078459815,0.070446512,43.21418853,-77.07834089
373,1514,3431,1514,3431,3.224607036,0.024100379,1,1,0.000305685,0.029162435,44.90833108,-85.8411442
374,1809,57305,5376,1809,16.54701895,2.267250948,2,2,0.028257395,0.149646562,43.8819703,-87.86978312
375,61272,141679,113973,61272,11.95564781,3.876889198,1,1,0.046403621,0.108123499,41.36485172,-72.96255276
376,191890,188384,188384,191890,186.401443,64.43750475,8,8,0.659697405,1.68576196,28.66351059,-80.81333958
377,58332,112133,112133,58332,3.762892903,0.944737837,1,1,0.012406622,0.03403054,46.83921902,-88.1872555
378,158035,158438,158035,158438,1.208803339,1.116147523,1,1,0.012062061,0.010932076,33.77319397,-78.78894867
379,95696,93679,45905,93679,14.58924726,24.28905799,9,1,0.317547931,0.131941028,46.59770273,-85.59560076
380,137104,25963,137104,54176,5.315916232,2.687514471,2,2,0.031196417,0.048075644,39.29619772,-75.18181925
381,3311,126658,3311,16538,32.48740808,52.32204217,1,3,0.648137487,0.293806935,43.51595191,-86.08106896
382,470533,470712,470712,470533,19.30204911,25.91692485,4,4,0.340985912,0.174562276,46.9393046,-122.7381291
383,3688,96802,126640,3688,7.504580325,18.10266854,1,1,0.227512854,0.067869303,44.37574493,-83.72921344
384,235881,234717,234717,235881,4.864080704,4.005033631,1,1,0.041762558,0.043989371,30.51623734,-86.44824847
385,5159,5212,5212,806,2.13764609,1.565808313,1,1,0.019891964,0.019332267,44.99937642,-71.93533292
386,321812,323087,321812,323087,15.1307557,5.540459263,1,1,0.074844788,0.136838277,48.31868874,-107.7602842
387,2056,117184,126796,60308,10.00870041,9.614813144,1,1,0.111450574,0.090515857,39.19728874,-74.83534026
388,481490,481020,480893,481528,24.52896676,27.74427831,13,1,0.317443246,0.221833042,38.26817131,-122.1110374
389,142650,142937,142838,142558,2.684712466,3.153175643,1,5,0.036589859,0.024279781,39.27340365,-76.13857183
390,107764,18344,107764,18344,45.50077774,14.7090212,1,1,0.183922235,0.411496172,44.07581324,-69.50789032
391,101650,37333,101650,37333,2.957362537,1.217971839,1,1,0.014562059,0.026745551,41.29240289,-73.03675911
392,132017,60306,132017,60306,0.071621563,0.593172258,1,1,0.006958245,0.000647725,40.02263883,-74.16687342
393,456271,455884,455884,456271,41.44101469,20.00361427,1,1,0.230937157,0.374780823,38.91172789,-114.0375086
394,121445,18468,124574,83161,10.68287104,2.95149208,1,1,0.035117619,0.096612866,40.9748725,-73.75910466
395,472743,472514,472514,473086,15.95657804,11.00517018,1,1,0.135345958,0.144306781,43.0773048,-121.0771771
396,50167,103965,103965,50167,1.213412036,0.78959721,1,1,0.010192716,0.010973755,45.901322,-84.76157796
397,43863,1110,53230,49000,1.033509354,8.27847194,1,1,0.109997937,0.009346766,47.46236408,-87.87323621
398,41610,84175,41610,84175,0.332942952,0.216400546,1,1,0.002619062,0.003011042,42.07786574,-70.75038439
399,31280,119431,31280,119431,1.630149945,0.298500885,1,1,0.003608701,0.014742615,42.00732355,-86.54361846
400,10314,122554,10314,122554,0.164692445,0.532338956,1,1,0.00712445,0.001489432,47.83860525,-90.11892905
401,65402,72517,65402,72517,0.366904016,1.139564828,1,1,0.014355497,0.003318176,44.51241183,-68.10533568
402,27246,62618,27246,62618,1.347889438,4.79291228,1,1,0.060648213,0.012189931,44.77147904,-74.1588663
403,143163,142961,142961,143163,7.663117129,11.87275238,1,1,0.137958092,0.069303065,39.36733171,-75.86892147
404,461344,461585,461585,461344,10.40290549,2.889379973,1,1,0.039347031,0.094080937,48.72589743,-119.5308341
405,207214,207273,204413,210978,29.09273192,50.77005605,1,1,0.516837109,0.263106444,28.06240923,-82.2111526
406,1370,133976,1370,98876,8.347523847,28.14854792,9,9,0.351541619,0.075492646,44.00351418,-86.3051865
407,80019,26994,26994,127856,3.313099306,0.581813426,1,1,0.006892537,0.029962734,40.68661185,-73.51992531
408,461589,462034,462034,461589,0.806856973,1.345229143,1,1,0.018120912,0.007296986,48.17360126,-119.5329548
409,149036,142633,142633,149036,12.61243856,11.96534125,2,2,0.137055659,0.114063329,38.348231,-76.14974906
410,463528,463637,463666,463543,26.26959891,124.7497141,7,2,1.554093219,0.237574827,43.85432771,-113.7722362
411,153210,152339,152329,153507,18.43269364,20.98221607,8,8,0.229623494,0.166700071,34.83000553,-77.51732818
412,320794,320904,320904,320794,2.969653139,5.190327257,1,1,0.068619767,0.026856704,47.19726808,-108.5845424
413,482416,482427,482051,482219,20.09428866,73.86751056,1,4,0.805777124,0.181727067,34.56236029,-118.7539844
414,54101,72562,72562,54101,0.57404193,0.07543807,1,1,0.000908339,0.005191473,41.75010899,-70.50214603
415,8139,8382,8139,8382,11.1816971,2.004852502,1,1,0.025251929,0.101124108,44.50340985,-68.99520833
416,48926,60298,48926,60298,5.382703182,0.429818676,1,1,0.005056514,0.048679646,40.21788003,-74.08070739
417,80990,16306,80990,16306,0.635211442,0.281457911,1,1,0.003375573,0.005744673,41.49423821,-71.29104733
418,206702,211437,206702,211437,0.417606615,1.310905524,1,1,0.013441292,0.003776716,28.82325785,-82.59087029
419,69584,135176,69584,63444,27.43179213,9.46437167,1,3,0.111960104,0.248085374,40.5907132,-74.29398519
420,471486,470974,471072,471675,18.12209498,41.84707126,4,1,0.554455022,0.163891104,47.31259814,-121.9348558
421,481621,481775,481605,481621,26.21370345,99.83740955,1,1,1.089445746,0.237069324,34.5910477,-120.0063501
422,12226,14272,14272,12226,1.365705723,0.404030744,1,1,0.004858199,0.012351057,41.66181308,-70.33755226
423,446955,446416,445958,444231,8.35638358,33.38045527,1,1,0.333734938,0.075572771,26.03802608,-97.48343454
424,36399,105968,105968,36399,3.299699879,0.930694144,1,1,0.012180183,0.029841553,46.65360707,-87.562553
425,464751,464884,464751,464884,6.038594758,1.349698686,1,1,0.016655363,0.054611344,43.28379437,-118.0841993
426,142441,142819,142819,142821,0.655134244,0.846791641,2,2,0.009665054,0.005924849,38.08953627,-76.34097676
427,116388,58454,79236,111209,34.09618817,19.29620179,1,8,0.22977593,0.308356288,41.02785793,-82.32715048
428,84132,85122,70529,68469,4.678860621,4.320398433,3,3,0.054719165,0.042314293,44.82424346,-67.23897047
429,119419,85348,85348,119419,2.381722787,4.883657547,1,1,0.061890009,0.021539628,44.85869303,-87.41463074
430,201927,198212,201927,198212,0.059469502,5.380768609,1,1,0.053911295,0.000537825,26.28674906,-81.80223389
431,39442,7727,8114,7513,18.43854754,18.5549464,1,1,0.234896241,0.166753012,44.79775722,-67.90553285
432,456463,456685,456685,456463,5.433951531,6.176258214,1,1,0.070051023,0.049143122,37.62469483,-113.4874112
433,459869,458361,458361,458009,1.124783208,0.344492474,1,1,0.004625654,0.010172221,48.0089692,-117.0069469
434,133170,25847,62220,5869,6.993675098,5.999510731,1,1,0.073581574,0.063248821,42.90816216,-70.83321322
435,116108,44,63381,116108,6.092673315,5.025409786,1,1,0.061225505,0.055100415,42.49466947,-71.02278708
436,8318,8508,134245,109823,38.74093158,31.72632739,1,1,0.402348915,0.350362034,44.89939993,-67.44526378
437,24074,29208,24074,125845,11.68039609,4.476554215,4,4,0.058113947,0.105634201,46.21311243,-84.77879134
438,152660,152360,152660,154147,13.52328636,18.62850582,3,3,0.203889337,0.122300779,34.83977729,-77.17392967
439,33406,13574,33406,13574,4.239093934,5.936849116,1,1,0.07332852,0.038337167,43.3397185,-78.04668487
440,481053,481047,481148,480828,12.78800316,24.13806906,1,1,0.272234019,0.115651086,37.20226352,-121.9460964
441,100625,99647,100625,99647,1.266569555,0.666764916,1,1,0.007979662,0.011454497,41.35635262,-71.91249301
442,2803,5498,5498,2803,1.836205597,1.343325131,1,1,0.015717072,0.016606124,39.84481385,-74.20509129
443,471241,472021,471238,472289,10.86567957,12.60081267,1,1,0.167752485,0.098266135,47.56338236,-123.2334165
444,232646,236135,232646,236135,2.734793388,0.550502603,1,1,0.005719093,0.024732698,30.1525504,-85.6050206
445,481498,481377,481377,481498,1.668336184,0.210194638,1,1,0.002386385,0.015087961,37.69816399,-122.0542703
446,355953,355962,355953,355962,2.569460011,2.03811101,1,1,0.026082253,0.02323747,45.4156418,-97.12319901
447,153188,153484,153188,153484,0.107892628,0.930255065,1,1,0.010110197,0.00097575,34.25364086,-77.80916943
448,473739,473889,473448,474166,71.44860125,48.98359925,8,8,0.573171064,0.646160953,39.85150235,-123.209396
449,21567,127968,127968,21567,1.683240379,2.514771885,1,1,0.031857634,0.01522275,44.8374175,-67.17963525
450,222534,222448,223186,222534,16.27248539,22.24000002,1,1,0.231812167,0.147163758,30.47601613,-84.10187122
451,88398,88387,88398,18429,1.803779338,0.253581061,1,1,0.003024278,0.01631287,41.12961104,-73.29970948
452,98787,119388,96698,98787,4.745878824,9.412789261,1,1,0.123631652,0.042920387,46.84776145,-87.88231366
453,143095,143007,143007,143095,6.436883911,7.868788612,1,1,0.090979469,0.058213359,39.01780215,-76.61238357
454,1141,92707,1141,92707,2.873689638,2.260440588,1,1,0.028657759,0.025988837,44.88172523,-85.96211504
455,18342,7477,8248,7477,19.5759839,4.615949328,1,1,0.05765188,0.177039665,44.00788589,-69.47009986
456,469743,469496,469743,469496,1.137617607,0.142047492,1,1,0.001824707,0.010288292,45.62839485,-123.9393295
457,355172,356520,355172,356821,7.269781614,7.253351564,1,1,0.092982265,0.06574585,45.51223356,-97.27153746
458,456361,455981,456361,455981,0.202585226,4.268022469,1,1,0.051318662,0.001832124,41.65999588,-114.0036177
459,72735,117301,117301,72735,0.192459141,1.960185607,1,1,0.025227797,0.001740546,45.73436434,-87.3355056
460,469983,469598,469983,469966,9.687547247,7.222736074,1,3,0.08955293,0.087611439,43.57101524,-124.1967955
461,481309,480588,480588,481309,11.06453177,7.950400106,1,1,0.090077957,0.100064498,37.54593505,-122.3813354
462,345597,347720,347720,345597,0.927075904,0.551186236,1,1,0.006871807,0.008384212,43.90117642,-98.75417228
463,473313,472829,473050,472627,4.674390656,4.405373809,3,1,0.053786209,0.042273868,42.62788808,-119.7177656
464,87416,16391,16391,87416,0.21863544,0.222478681,1,1,0.002598176,0.001977277,39.71640636,-74.18104719
465,46043,128648,91723,128648,22.42787998,17.87763217,4,4,0.215691994,0.202831407,41.87791856,-80.54142158
466,482558,481943,482187,482213,21.78718982,51.2288362,1,1,0.549218265,0.197037186,33.07963628,-117.1587547
467,426511,424034,424034,426511,2.831172619,1.634591197,1,1,0.016830666,0.025604325,29.25631406,-95.03252458
468,100620,80975,137213,131067,6.771662795,3.497263176,1,1,0.042126924,0.061241004,41.77583593,-70.80618101
469,15450,83255,136059,141159,4.980272377,8.223169597,3,1,0.107540222,0.045040176,46.61433265,-87.55904301
470,60178,8118,8118,60178,7.083867813,8.651208756,1,1,0.109913414,0.064064498,45.0039688,-67.14583247
471,3520,19439,3520,19439,1.735210135,0.32574637,1,1,0.004095462,0.01569275,44.39732025,-68.2548594
472,219091,214031,215031,214031,0.282680371,1.466001083,1,1,0.015138767,0.002556481,29.55222382,-83.37657804
473,211342,205438,211342,203195,1.670905093,1.422700591,1,1,0.014438926,0.015111193,27.73239056,-82.66713117
474,58249,117178,58249,129972,8.728561669,15.53750735,1,1,0.182982989,0.078938644,40.29007582,-74.14624695
475,350580,351257,351257,350580,0.235441363,0.535126809,1,1,0.006941904,0.002129265,46.17329583,-98.900281
476,471592,472348,472348,471645,39.64183775,53.14187198,1,1,0.6982116,0.358509575,46.86476139,-122.4786188
477,457241,457242,457241,457242,3.747720932,3.37826724,1,1,0.039393174,0.033893329,39.61248164,-118.9548252
478,469800,469646,469994,469800,36.21728477,66.64805599,3,1,0.831322791,0.327538886,43.92964773,-123.4121915
479,441539,441544,441539,441544,0.129103609,0.807545782,1,1,0.008260514,0.001167577,28.57512206,-96.65609042
480,52022,70570,70570,116114,12.69494514,3.084676024,1,1,0.036916753,0.114809495,41.35667746,-72.71774202
481,456261,455797,456261,455797,14.90342224,4.381194443,1,1,0.052973119,0.134782338,42.01577245,-112.7166854
482,66533,38417,38417,66533,0.737194134,0.4079891,1,1,0.004839195,0.006666975,40.76770297,-73.03029628
483,199370,198771,199370,198771,1.139629596,1.798566614,1,1,0.017877769,0.010306488,25.34630756,-80.96306219
484,314256,314051,314256,314463,61.1464164,47.66408739,1,1,0.643698542,0.552990906,48.30390677,-98.74760583
485,31050,39449,39449,31050,2.221309275,0.463934276,1,1,0.005554507,0.020088893,41.38291271,-71.57154004
486,219166,215105,213099,215105,3.162912647,0.610511897,1,1,0.006358214,0.028604488,30.39509882,-83.32546481
487,90016,139705,139705,90016,1.91553382,0.905279899,1,1,0.0114086,0.017323546,44.5352536,-92.41837431
488,42998,85465,42998,85465,10.75462904,22.53669757,1,1,0.270658656,0.097261825,41.5832081,-83.34400268
489,125835,3362,125835,66727,8.773529738,10.91454837,1,2,0.141143053,0.079345323,45.99951138,-85.86324523
490,482509,481878,482508,482321,23.38933131,9.779723705,1,1,0.106529229,0.211526501,34.44371762,-119.3087052
491,223291,221213,223291,221213,2.5556658,1.888974566,1,1,0.019688007,0.023112719,30.47024977,-83.98356534
492,71691,2521,71691,124685,3.582396572,3.56295413,1,1,0.047055633,0.032398182,47.14185504,-88.30214437
493,40781,93785,93785,40781,2.798707426,8.406623847,1,1,0.107384687,0.025310719,45.31187945,-83.52769097
494,108873,66489,83105,35190,14.4564296,6.296483855,1,1,0.075261875,0.130739863,41.27608151,-73.20824779
495,97802,97796,59438,3380,22.39027723,8.631292832,1,5,0.111833208,0.202491338,46.1064856,-86.8297626
496,82062,101656,101656,6674,14.77416027,4.72913773,1,1,0.056672602,0.133613329,41.44305993,-72.21990577
497,142947,142652,142652,142947,1.170520428,0.441653931,1,1,0.005130797,0.010585856,39.35236764,-76.09616274
498,205395,210221,205395,210221,0.865460272,0.366425612,1,1,0.003738459,0.007826978,28.29908004,-82.72488303
499,115010,116126,115010,116126,3.710028123,1.457795532,1,1,0.017679737,0.033552446,42.20786532,-70.82475754
500,456772,456797,456738,456774,27.44283048,28.8824294,7,1,0.347758716,0.248185202,41.74814445,-118.7923742
501,98626,120318,98626,120318,1.259645484,0.827500308,1,1,0.009899799,0.011391878,41.33332831,-72.23286779
502,354516,352463,354516,352463,1.208250555,0.187120052,1,1,0.002360093,0.010927076,44.58338428,-99.38177152
503,470332,469977,469977,470332,0.333307836,0.053230977,1,1,0.000655829,0.003014342,43.18678528,-124.3860864
504,59243,69533,59243,20555,1.898839419,0.531892991,1,1,0.00635068,0.017172567,41.20369955,-73.16883957
505,353823,351771,353823,351771,1.811893749,6.506170559,1,1,0.082125854,0.016386255,44.6296212,-99.3876482
506,482702,482720,482720,482702,16.78876951,13.02467587,1,1,0.157033275,0.151832886,41.83385553,-120.0281634
507,454004,453894,453894,454004,14.43676152,1.748021373,1,1,0.019069277,0.13056199,34.56756487,-110.3861264
508,469967,469579,469579,469967,4.382515447,0.833243642,1,1,0.010387321,0.039634231,43.89555222,-124.095191
509,134668,1448,1448,134668,0.052084643,0.685566183,1,1,0.008813405,0.000471039,45.67156883,-95.52810573
510,356061,355168,356061,356748,4.136829315,9.652529495,1,1,0.123402243,0.037412315,45.35897296,-97.47764211
511,110985,127858,127858,110985,0.012853471,0.627243918,1,1,0.007460788,0.000116243,40.95432515,-72.39445071
512,52,35237,52,35237,0.298852019,0.835248857,1,1,0.009854861,0.002702733,40.41511946,-74.23137568
513,195306,200429,195306,200429,0.795112397,3.106305571,1,1,0.03098835,0.007190772,25.7786454,-80.28982231
514,447078,447016,447016,447078,4.091995851,1.091170525,1,1,0.012425743,0.037006854,37.92104782,-105.534151
515,482526,482234,482234,482526,0.91008874,0.798313782,1,1,0.008620097,0.008230585,33.7018025,-118.0523478
516,471596,472006,471596,471607,2.650869368,3.334667556,1,1,0.04486928,0.023973713,48.11601707,-122.3021096
517,132968,72714,112128,72714,3.193479444,5.728136629,1,2,0.075034361,0.028880925,46.7033714,-87.60360912
518,344770,346027,346027,344770,8.163625176,5.147934575,1,1,0.063849243,0.073829518,43.59107382,-99.12744048
519,76786,97581,97581,36224,15.29402485,6.177780442,1,1,0.074533634,0.138314838,41.8773148,-70.77859438
520,471492,471744,471492,471744,12.06843391,1.808061204,1,1,0.02428487,0.109143505,48.02431345,-123.7275652
521,482623,482695,482695,482722,19.49260162,25.96751082,3,1,0.30896048,0.176285579,40.97319409,-120.2106166
522,204461,205609,204450,209234,12.53748462,4.013036387,1,5,0.040576345,0.113385467,27.32191111,-82.49728122
523,12233,45716,45716,12233,2.018326184,0.170069796,1,1,0.002041624,0.018253171,41.55601722,-71.27775784
524,45733,127927,9428,45733,2.053205109,2.33186033,1,1,0.028148551,0.018568607,41.91168329,-70.60883921
525,109929,132044,132044,109929,0.39645377,0.086722852,1,1,0.001030829,0.003585416,40.90942422,-72.55176276
526,203154,206593,203154,206593,3.134993695,0.822667718,1,1,0.008383701,0.028351997,28.177352,-82.72382357
527,483099,482874,483244,482874,74.60329528,42.81053973,5,5,0.467244016,0.674691114,34.60681843,-116.964147
528,472369,471589,472369,471589,2.340742693,8.085641299,2,2,0.110242578,0.021169015,48.78692034,-122.4052629
529,356410,357014,356982,355324,4.904714989,5.227181555,1,1,0.066289537,0.044356856,44.89871184,-97.42474574
530,210240,206616,210240,206616,0.112996446,0.39070252,1,1,0.003989635,0.001021908,28.39203675,-82.69731317
531,80282,86553,80282,86553,2.244286069,1.966533097,1,1,0.023839783,0.020296689,42.18194132,-79.79798544
532,79033,56147,79033,56147,0.786788187,0.133083698,1,1,0.001577607,0.00711549,40.72935369,-73.20233178
533,338022,342456,338022,341703,10.00221496,4.734687285,1,1,0.061400019,0.090457205,46.15496864,-99.50390484
534,46713,7761,8439,46713,10.31793602,4.351217051,1,1,0.054579758,0.093312497,44.26194065,-69.11055068
535,142824,142442,142442,142553,5.635906636,9.985607478,3,3,0.116192781,0.050969547,39.46507186,-76.32807832
536,109021,3250,87465,3250,13.37944187,24.9763875,1,1,0.327477037,0.12099989,46.75356156,-87.83065448
537,351028,349708,351028,349708,1.35145209,13.36776927,1,1,0.170289995,0.012222151,45.15608396,-99.2959179
538,77786,99593,99593,77786,4.574503096,0.768073382,1,1,0.009675556,0.041370513,44.51160941,-68.02276408
539,473700,473697,473697,473700,4.844126043,8.062929227,1,1,0.097419993,0.043808907,41.97066481,-121.2941504
540,63703,50242,50242,63703,1.715032756,3.76804517,1,1,0.046463176,0.015510271,43.23830442,-77.38104086
541,482014,482420,482014,482307,38.14889992,55.56652236,4,1,0.597769288,0.345007867,33.3796511,-117.2270434
542,193118,199425,199425,193118,1.458659758,0.124930322,1,1,0.001251177,0.013191707,26.23741576,-81.81632566
543,460957,461435,460957,461435,8.283944909,7.551702877,1,1,0.100359282,0.074917656,47.47184007,-118.7759705
544,470256,470088,470087,470256,21.22125907,56.01268878,8,8,0.75187375,0.191919068,47.99273965,-124.1361332
545,480971,480712,481067,481184,33.9463572,29.02692515,1,1,0.327258888,0.307001259,37.17626572,-121.6456188
546,120595,49138,49138,120595,1.485937732,7.952778363,1,1,0.095663191,0.013438401,41.68628077,-83.6286085
547,97541,7994,7765,97541,7.039662992,18.0157806,3,1,0.224738466,0.063664722,43.93564936,-70.23493716
548,77880,120374,120374,77880,0.969959041,0.136535948,1,1,0.001625866,0.008772035,41.02865891,-72.22972333
549,378437,378432,378432,378437,9.289777764,49.16881691,1,1,0.565135653,0.084014124,38.59567524,-101.9833526
550,350898,351623,350898,350917,4.62976352,1.891528892,1,1,0.024350867,0.041870273,45.74970213,-97.47165655
551,353822,350357,353822,350357,8.606848202,2.525485256,1,1,0.031854381,0.077837902,44.58546985,-99.4094201
552,235846,233549,233549,235846,1.272822972,0.022126341,1,1,0.000230601,0.011511051,30.4648611,-86.53153685
553,103754,52066,103754,52066,4.366458393,1.421600126,1,1,0.016841578,0.039489015,40.68814087,-73.45962434
554,37642,132795,132795,125905,2.837044036,12.31307582,2,2,0.152450466,0.025657424,43.48547669,-76.07658067
555,146628,145394,145394,146628,0.190274378,1.815714677,1,1,0.020503936,0.001720788,37.29767223,-75.96920348
556,128700,37582,93782,37582,2.262491216,1.876953226,1,1,0.024249108,0.020461331,45.94705482,-84.78184221
557,53033,114936,114936,53033,5.166991914,1.22408807,1,1,0.015420507,0.046728814,44.51332326,-68.06476523
558,18413,8304,8320,18413,1.629525629,0.969080453,1,1,0.011663491,0.014736969,41.72222072,-71.40586346
559,15299,131063,15299,131063,7.243890258,5.452527654,1,1,0.066109398,0.065511696,42.19129689,-70.93696831
560,105885,93608,105885,10264,0.822124637,10.59205237,1,1,0.124016038,0.007435063,39.89333723,-74.27454771
561,251722,253168,251722,253168,1.183322405,0.083050879,1,1,0.000864478,0.010701633,30.34302072,-88.47959024
562,234757,235352,234757,235352,0.23109105,0.638788817,1,1,0.006658638,0.002089922,30.48201297,-86.33168429
563,471224,472133,472133,471224,2.241044622,1.657144399,1,1,0.021981568,0.020267374,47.37313013,-122.1638918
564,310579,309194,310579,309194,0.367321811,1.735953859,1,1,0.017859093,0.003321955,29.16879741,-90.0972037
565,22914,66662,25026,109041,14.95773245,4.942048885,3,1,0.063937,0.135273504,46.02390185,-86.57569762
566,16613,85502,85502,16613,6.875955094,5.611599968,1,1,0.069277164,0.062184194,43.30985259,-76.66046004
567,459442,459876,459876,459442,1.661817587,3.469484082,1,1,0.046367832,0.015029009,47.76549823,-116.7328777
568,142049,141969,142049,141969,0.111003138,0.870862015,1,1,0.009914595,0.001003881,37.90341407,-75.36099871
569,2676,15522,2676,15522,4.094026199,6.181926818,1,1,0.076795552,0.037025216,43.6864622,-86.46450386
570,3676,25015,3676,111081,16.17712895,8.028432932,1,1,0.104414156,0.146301381,46.31309768,-86.85819047
571,206550,206667,206550,206667,3.729184157,9.041829547,1,1,0.092095407,0.033725687,28.1207226,-82.6757843
572,51462,69026,51462,69026,0.594598253,0.22389991,1,1,0.002874381,0.005377379,45.59364472,-93.12172026
573,130875,27119,130875,68675,11.16740557,9.455084987,1,4,0.121592029,0.100994859,45.69028772,-87.48874383
574,112123,103865,2638,103865,2.773143062,3.426685617,2,2,0.045529156,0.025079522,47.46006438,-88.04703266
575,138171,42826,26029,42826,2.645756774,1.644626591,1,1,0.022019118,0.023927476,47.85885186,-90.22668532
576,142366,142371,142366,142290,7.99018805,6.87502609,1,1,0.079010183,0.072261002,38.5868211,-75.32664066
577,340803,341707,338147,340803,3.982938904,7.808864577,1,1,0.100950014,0.036020574,45.98227896,-99.05654419
578,55327,77029,77029,55327,0.542198759,1.080274082,1,1,0.013974754,0.004903492,46.01944738,-84.39166091
579,470396,469530,469530,470396,13.09748731,5.611004506,1,1,0.072529523,0.118449973,45.97663393,-123.3305263
580,452848,452754,452754,452848,1.796877465,0.946122336,1,1,0.011201318,0.016250452,40.64460709,-110.2958602
581,61399,555,70678,81136,2.911758291,5.314981007,1,4,0.071169271,0.026333119,47.86579644,-90.18500455
582,147777,148971,144704,145963,12.01463289,8.809358296,5,5,0.09963764,0.108656944,37.41683228,-76.5254271
583,468302,468524,468524,468302,0.621201111,0.474317967,1,1,0.005917635,0.005617967,43.94309755,-121.9115315
584,481961,482128,481961,482130,13.71488315,28.24810895,1,1,0.301695503,0.124033526,32.74316159,-116.8688965
585,786,112034,786,112034,1.683348757,2.279937277,1,1,0.026483246,0.01522373,39.34361688,-75.18877228
586,325837,325836,325836,325196,11.55539807,4.853454038,1,1,0.062744689,0.104503754,45.9832451,-109.1666465
587,154407,152395,154407,153250,6.917920648,4.096417399,2,2,0.045179151,0.062563719,35.46133583,-76.15763622
588,131860,26122,72790,24060,7.003928637,4.782124456,3,2,0.062011074,0.063341551,46.15131577,-85.371913
589,83,127,83,46889,8.282130037,5.128072675,2,2,0.067406074,0.074901243,46.88898695,-92.09443717
590,40878,63715,40878,63715,7.673402377,12.23185606,1,1,0.153149069,0.069396082,44.1535858,-76.04087659
591,95776,67746,39682,67746,4.591369345,4.147390853,1,1,0.053696641,0.041523047,46.06548948,-85.61497499
592,165186,161575,165186,161575,0.797079063,1.439149987,1,1,0.015398901,0.007208558,32.90766073,-79.60403054
593,145350,144734,144733,149008,2.064760905,3.370506704,1,1,0.038262585,0.018673114,37.69138164,-76.39382042
594,315742,315579,315742,315579,2.833497574,0.395067794,1,1,0.005196926,0.025625351,46.92972204,-98.20239664
595,64387,52006,132099,117132,7.824004932,6.798600542,1,1,0.082196605,0.070758089,42.01157371,-70.78208522
596,246,8132,8132,246,2.092852947,1.009899294,1,1,0.012685977,0.01892717,44.34642294,-68.19948544
597,352431,353725,352431,353725,5.803632297,2.645720291,1,1,0.034044367,0.05248641,45.72397227,-97.42376798
598,8275,63369,63369,8275,0.910524674,0.423701651,1,1,0.005088846,0.008234528,41.58732877,-71.2754683
599,45031,69859,89720,69859,5.848961106,34.53648887,2,2,0.416739249,0.052896351,41.88702281,-80.27537198
600,132975,15446,132975,15446,2.661093676,1.856774147,1,1,0.024343309,0.024066179,46.74979095,-89.78084232
601,481016,480644,480644,481016,1.251784552,4.712317409,1,1,0.053284719,0.011320786,37.39768344,-122.2110114
602,211861,208206,208206,211861,2.425224779,7.589043879,1,1,0.077196651,0.021933047,27.97952752,-82.34132162
603,233714,233727,233714,233727,0.229530139,0.595644093,1,1,0.006197147,0.002075806,30.29683416,-86.05781719
604,471511,471526,471511,471526,13.3456285,11.03159399,5,5,0.14670078,0.120694092,47.50588034,-122.9131162
605,93992,90879,93992,90879,0.363082083,0.448816842,1,1,0.005711529,0.003283612,45.0973887,-94.36816659
606,640,89363,89363,640,1.466613946,0.269953488,1,1,0.003390361,0.013263642,44.33443328,-68.33904325
607,103700,92462,107820,103700,7.445649474,4.347619291,3,3,0.052979734,0.067336349,42.50868859,-70.8902679
608,10332,1106,3424,1106,2.405544412,9.001808666,2,2,0.119388184,0.021755064,47.36501968,-88.02233808
609,330479,331840,330479,331840,3.341404811,3.486208531,1,1,0.047178206,0.030218721,48.40926093,-102.4574177
610,440533,441488,440533,441488,0.561756071,0.84519739,1,1,0.008634899,0.005080363,28.44376405,-96.85345781
611,474945,476037,474945,476037,1.121741423,1.913371314,1,1,0.022606233,0.010144712,40.50705414,-121.3605316
612,472078,470526,470526,472078,1.345841849,2.323482192,1,1,0.031466374,0.012171413,48.44662395,-122.6249823
613,472868,472982,472868,472981,5.792275376,1.429397274,2,2,0.017543312,0.052383701,42.95147515,-120.7649642
614,141926,142081,142081,141926,2.626527876,1.04600831,1,1,0.011968292,0.023753576,38.26894095,-75.1826881
615,85235,116151,116151,59304,0.463594038,0.361602419,1,1,0.004291605,0.004192613,40.80804996,-72.8337056
616,128895,133077,128895,133077,0.770213412,1.202763596,1,1,0.014261632,0.006965592,40.74694603,-73.06864869
617,483389,483334,483389,483334,70.62966926,39.96817476,1,1,0.428078417,0.638754764,32.9941751,-116.0305923
618,356987,356678,356678,356415,1.392386364,1.574444265,3,3,0.020062834,0.012592349,45.1737771,-97.46375177
619,79961,14279,79961,14279,0.916556339,0.394178335,1,1,0.00474531,0.008289076,41.73747501,-71.26246896
620,56155,7291,56155,7291,2.028443976,0.078110445,1,1,0.000926629,0.018344674,40.77875746,-73.02161723
621,41621,34177,23834,19512,5.51981581,7.45137152,2,1,0.089134226,0.049919654,41.32583674,-72.78671057
622,66659,59427,59427,66659,4.107319726,4.63986734,1,1,0.058578865,0.037145439,44.64043721,-88.12408865
623,189997,186710,186710,189997,2.31262643,0.84785499,1,1,0.008721888,0.02091474,29.16115874,-81.83550708
624,109958,54169,54169,109958,1.188629751,1.969388408,1,1,0.023162638,0.010749631,40.20081935,-74.02385942
625,54290,27099,27099,54290,28.43055078,31.663159,2,2,0.409764286,0.257117865,46.0409771,-87.64571267
626,60254,42683,42683,26943,11.99335789,1.806788495,1,1,0.021555543,0.108464539,41.15177404,-73.50763566
627,233986,233999,233986,235704,13.85436395,7.682993842,5,5,0.080084604,0.125294951,30.47986538,-87.35630676
628,200071,193744,200071,193744,0.464574016,0.320699418,1,1,0.003185948,0.004201476,25.27759741,-80.93498632
629,200182,201404,201404,200182,0.461017469,0.37870642,1,1,0.003759868,0.004169312,25.20189271,-80.64241174
630,143118,142552,142631,143118,1.20737591,1.021514449,1,1,0.011837401,0.010919166,39.17631927,-76.22234124
631,129709,70850,70850,102929,1.289587015,2.573994094,2,2,0.03100538,0.01166266,41.77555305,-80.96568877
632,26121,22971,2734,16535,18.07742227,36.87765831,1,1,0.465370779,0.163487097,44.6136797,-86.06682702
633,202614,194339,193051,200158,4.239471711,6.0888588,1,1,0.060445556,0.038340584,25.19025746,-80.78397423
634,195039,193753,195039,193753,5.085726482,2.670516839,2,2,0.026551796,0.045993873,25.37742049,-80.94121279
635,198105,193678,193678,198105,8.858947853,4.063456506,1,1,0.04034168,0.08011782,25.19864007,-81.13143163
636,61504,1269,14561,61504,13.91935732,28.36167625,2,1,0.367550873,0.125882733,46.11794238,-84.87037835
637,463212,463056,463212,463056,0.167177612,1.838797016,1,1,0.022759233,0.001511907,43.46623083,-114.2053348
638,123770,85485,106098,85485,15.53399033,8.299528541,1,2,0.101446696,0.140485018,42.69893349,-78.78333297
639,79913,96521,96521,41547,2.116084558,6.128649896,3,1,0.077405946,0.019137271,44.66368821,-67.86882063
640,128971,53059,128971,53059,0.555688563,0.233926611,1,1,0.002835962,0.00502549,42.18480801,-72.66003335
641,472105,471837,472105,471837,0.569870847,0.94980743,1,1,0.01292905,0.005153751,48.70548235,-122.4468995
642,481546,481694,481694,481546,0.401999563,0.195724249,1,1,0.002190226,0.00363557,36.60573513,-121.8571625
643,451824,450809,450807,450809,44.43509578,29.66599257,1,3,0.357393937,0.401858446,41.78418701,-107.4426001
644,205380,210211,205380,210211,0.282065896,0.489303653,1,1,0.0049713,0.002550924,27.85006967,-82.74149236
645,249924,252681,252681,249924,2.095459066,1.041321699,1,1,0.010842182,0.018950739,30.37051493,-88.50282989
646,70855,82349,82349,70855,1.201463574,0.294041697,1,1,0.003629168,0.010865697,43.29512851,-77.69545135
647,122423,87309,87309,122423,1.872202143,1.640862956,1,1,0.019879378,0.016931667,42.14252187,-70.72017694
648,456792,456731,456792,456794,24.32012068,31.43880428,1,1,0.375062033,0.219944297,41.14952341,-119.3331253
649,51148,70774,51148,70774,3.373748322,6.535762579,1,1,0.080145075,0.030511226,42.89784648,-87.89442795
650,343221,344116,343221,344116,1.451683027,1.719137512,1,1,0.021905706,0.013128611,45.17136928,-99.99611716
651,106036,136915,43948,106036,5.103978813,1.619024811,1,3,0.020908318,0.046158942,45.92448808,-84.86692615
652,481433,480969,480596,480833,7.828200017,6.711953385,1,1,0.07667623,0.070796028,38.15410717,-122.728336
653,35433,1867,38596,130808,6.694760308,40.42897428,2,1,0.505213461,0.06054552,44.0391562,-86.22807779
654,472335,471803,471803,472335,3.006584361,4.668812958,3,3,0.062181995,0.027190699,47.58603097,-122.7362335
655,469888,469971,469888,469971,7.948019812,24.34519033,1,1,0.311518313,0.071879645,45.40951336,-123.5482232
656,208299,210688,207098,210688,0.513022961,0.452414332,1,1,0.004559043,0.004639635,26.94541985,-82.32126194
657,1069,644,1069,644,1.196707295,0.148125109,1,1,0.001859733,0.010822683,44.31617155,-68.28857499
658,35207,101640,101640,35207,2.770434811,1.353474049,1,1,0.016246807,0.025055029,41.55146296,-71.18715375
659,483316,483241,483105,483241,8.375470498,3.445599774,2,2,0.038487867,0.075745388,36.46591495,-116.3197298
660,469585,470331,469585,469832,14.17210697,6.412931404,1,1,0.078716088,0.128168529,42.95831476,-124.4684788
661,94608,2620,107896,132016,1.06998182,3.949489581,2,1,0.046345625,0.009676613,40.04602099,-74.16598339
662,201052,193457,202276,199802,2.391104836,1.169650507,1,1,0.011681614,0.021624476,25.91277002,-81.44439153
663,40595,114046,40595,114046,1.932673807,0.68598382,1,1,0.007956038,0.017478556,39.23633586,-74.90753844
664,472,99697,99697,472,2.060573114,0.318160843,1,1,0.003697269,0.018635241,39.37354398,-74.5801073
665,445910,445809,445809,445012,42.12223937,78.5701539,1,1,0.795287938,0.380941626,27.44066913,-98.35306793
666,62435,3156,116258,3156,14.18604462,4.449965929,1,1,0.058217361,0.128294578,46.6347967,-85.3771234
667,59574,30327,59574,30327,6.061943516,18.02292529,2,2,0.224562423,0.054822504,43.86538673,-76.05024827
668,126251,40161,126251,55760,10.65589317,1.799623534,2,2,0.021151102,0.096368886,40.15311796,-91.49351565
669,461301,461300,461300,461301,0.471210001,1.373756603,1,1,0.018041842,0.00426149,46.84278886,-119.8439075
670,129711,85481,85481,129711,0.648833154,0.931505837,1,1,0.01116469,0.005867864,41.45350212,-81.96264621
671,127850,55172,55172,67591,0.987511158,0.783424465,2,2,0.009150714,0.008930772,39.72874711,-74.1953861
672,119169,44701,7568,119169,4.352477238,1.532515703,1,1,0.019388423,0.039362574,44.76071105,-67.51019621
673,470720,470444,471230,472019,17.11206476,20.4947456,5,5,0.271942393,0.154756677,47.38962206,-123.3219578
674,469740,469732,469732,469740,2.805724768,6.690896599,1,1,0.088331377,0.025374182,47.12094833,-124.003063
675,139153,61388,61388,139153,2.422614079,2.308650695,1,1,0.030961194,0.021909437,47.94549142,-89.84378249
676,456651,456684,456651,456519,7.218164482,11.31234919,1,1,0.12813689,0.065279039,37.52735961,-113.8642753
677,8267,50892,8267,284,2.853950008,3.541454676,1,1,0.044530592,0.025810317,44.40452746,-68.30067369
678,49165,129700,49165,129700,9.2373089,6.809489482,1,1,0.083967529,0.083539611,43.2388679,-77.70852077
679,127924,125589,125589,127924,0.402276622,3.043428115,1,1,0.037091389,0.003638076,42.5161417,-70.96035887
680,213883,219964,212845,219964,1.820462772,2.081745661,1,1,0.02156694,0.016463751,29.87692128,-83.50689303
681,472605,472831,472716,473168,2.910123189,1.575260555,1,1,0.019238825,0.026318332,42.64765718,-119.685149
682,450208,450316,450208,450316,0.662391479,0.262604879,1,1,0.003007466,0.005990481,38.33590391,-107.6484422
683,451619,451621,451621,451619,0.25928777,0.094033659,1,1,0.001151895,0.002344925,42.83371712,-109.4026128
684,471710,470692,471710,470692,6.641183842,4.225134461,2,2,0.05775398,0.060060989,48.9144897,-121.3406483
685,147230,144756,147230,148399,3.36759033,5.086270037,1,1,0.057116783,0.030455535,36.87438633,-76.19545268
686,40852,89733,89733,40852,14.1331978,5.107057258,1,1,0.062968983,0.127816646,43.23313549,-76.79871209
687,203958,208660,203958,208660,0.585853921,1.148814444,1,1,0.011556802,0.005298297,26.75005187,-82.02300412
688,137635,112613,137635,112613,0.786904618,1.395951282,2,2,0.0175256,0.007116543,44.31357667,-90.40825224
689,315773,313902,313902,315773,1.146476316,0.28181206,1,1,0.003779436,0.010368408,47.94643639,-100.1984608
690,470245,470366,470366,470245,7.668822905,1.19223676,1,1,0.015429612,0.069354667,46.04264409,-123.9158584
691,1962,72568,1962,72568,1.520591283,0.833639639,1,1,0.010173515,0.013751798,42.59985312,-70.81860365
692,11271,37377,11271,37377,1.92927048,0.347109114,1,1,0.00412384,0.017447777,40.87632983,-73.56751575
693,471009,471525,471009,471525,3.612285792,10.79487263,1,1,0.143129082,0.032668492,47.35029175,-122.9173686
694,481649,481650,481650,481649,0.446145366,0.0548645,1,1,0.000601862,0.004034813,35.02656533,-120.6229259
695,200210,198882,198882,200210,0.512194103,0.288926361,1,1,0.002869293,0.004632139,25.23488578,-80.49332945
696,481199,480611,481199,480611,1.957027714,2.8698554,1,1,0.032819124,0.017698805,38.23043545,-122.5430066
697,246462,245043,245043,246462,7.04910255,3.111285264,1,1,0.032486492,0.063750091,30.64617887,-88.19347116
698,18494,49955,18494,49955,1.926093281,5.957528937,1,1,0.06965949,0.017419043,39.80108486,-74.24573905
699,202552,197540,202552,197540,1.173083106,1.863169781,1,1,0.018514554,0.010609032,25.31119186,-80.92822281
700,455290,455204,455290,455204,8.957469263,2.139708431,1,1,0.025688962,0.08100882,41.56245835,-112.2097792
701,441987,441153,441987,441153,8.361323995,10.80695365,1,1,0.110451811,0.075617451,28.4852349,-96.58134747
702,466,113903,817,113903,4.964200327,1.067684915,1,1,0.013418746,0.044894825,44.37650317,-68.23787155
703,219933,214896,219933,214896,0.948692456,1.66178551,1,1,0.017239918,0.008579706,30.01418124,-83.51542529
704,212148,203962,212149,203962,1.955746817,1.044218026,1,3,0.01051714,0.017687221,26.8854178,-82.03234681
705,52001,32130,35170,32130,8.452726998,7.221052809,1,6,0.087578391,0.076444074,42.21037241,-70.98926107
706,130819,3343,3343,130819,2.369687622,5.274834051,1,1,0.067817572,0.021430785,45.67660653,-84.71733407
707,472580,472697,472580,472697,16.6987796,4.635807842,2,2,0.056593508,0.151019042,42.62115343,-120.1100864
708,231605,232181,234576,232181,2.013900401,2.219587671,2,2,0.023131491,0.018213146,30.46030773,-87.27614064
709,94633,100707,100707,94633,7.3913618,3.580706615,1,1,0.041556183,0.066845387,39.28216993,-74.78581688
710,36393,25173,21785,36393,3.561913203,10.3576227,2,1,0.13556066,0.032212936,46.65693302,-88.42505758
711,105044,41948,63692,41948,1.546526412,3.272463469,1,2,0.040041082,0.013986348,42.76270592,-78.71482441
712,467379,467387,467379,467381,9.864170504,12.61902663,1,1,0.156520175,0.08920877,43.59407818,-121.9900842
713,58434,85422,85422,58434,0.27969388,0.274753965,1,1,0.003520257,0.002529472,45.48227893,-83.93888607
714,38326,7622,7622,38326,0.044603632,1.134577611,1,1,0.014281275,0.000403383,44.46588687,-68.66993635
715,205355,207759,205355,207759,5.819940359,1.269209685,1,1,0.012898674,0.052633895,27.88006278,-82.77482039
716,457484,457560,457560,457484,7.483460984,2.492342701,1,1,0.028417368,0.067678306,38.01341318,-114.7585666
717,76044,68785,76044,68785,0.165250497,0.424560835,1,1,0.005097004,0.001494479,41.55994603,-83.56285387
718,31010,48818,48818,31010,3.573641228,0.93379146,1,1,0.011538086,0.032319001,43.36305214,-70.63179003
719,313943,314362,313943,314362,2.79837394,12.16381381,1,1,0.166322431,0.025307703,48.93054311,-99.42805918
720,22949,105970,105970,22949,12.65847404,1.921955868,1,1,0.025356992,0.114479661,47.08707531,-88.74645319
721,143120,142748,143120,142940,3.12724685,6.462557531,4,4,0.074515225,0.028281937,38.822574,-76.16376771
722,469761,470348,470091,469761,11.29299746,57.05291973,2,2,0.702202101,0.102130677,43.12446149,-123.9100599
723,208985,207753,208985,207753,3.10317032,0.506147265,1,1,0.00514443,0.028064195,27.89220222,-82.80652991
724,39510,87391,39510,87391,0.398074331,0.34088245,1,1,0.003980471,0.003600072,39.70841539,-74.19118334
725,88103,55898,55898,88103,0.256633296,2.602273049,1,1,0.034675265,0.002320919,47.61118034,-96.0242168
726,473291,473404,473404,473291,6.233542374,12.52502861,1,1,0.15202878,0.056374395,42.2613198,-119.5817705
727,447792,447784,447792,447796,21.18092499,13.14191978,2,2,0.140287312,0.191554298,32.69803653,-108.0524155
728,456358,456176,456260,456176,38.73465691,34.57987746,3,3,0.415524673,0.350305288,41.61908936,-114.0251856
729,7599,8342,8342,7599,7.333656565,3.54939587,1,1,0.043935058,0.066323517,43.47081496,-70.62547514
730,142526,142905,142905,142526,5.430999099,5.487057134,1,1,0.063506037,0.049116421,39.08935293,-76.53015418
731,41622,111972,11228,90445,6.176100819,2.020908913,1,1,0.024087115,0.05585491,41.08926919,-73.63812933
732,459596,458455,458455,459596,0.272653706,0.603567831,1,1,0.008209847,0.002465803,48.6681359,-114.7960412
733,34097,100570,100570,34097,3.698312861,3.026673928,1,1,0.038103991,0.033446496,44.47556834,-68.94825184
734,53092,54100,54100,53092,0.308724227,1.764203752,1,1,0.021164933,0.002792015,41.51423707,-71.01111272
735,39695,131856,39695,131856,0.353342732,2.274648661,1,1,0.029349737,0.003195532,45.8764566,-84.77093293
736,473593,473877,473877,473593,4.272293703,3.037612567,1,1,0.036029354,0.038637417,40.76763169,-123.7773209
737,21614,108856,21614,108856,2.317199338,0.812505253,1,1,0.009764204,0.020956096,41.62468845,-71.46040882
738,38610,31345,38610,31345,0.365115123,0.008015735,1,1,0.000103539,0.003301998,45.93665846,-84.74132213
739,481856,481789,481856,481789,1.670968812,5.00085972,1,1,0.054962333,0.01511177,35.17956276,-120.5080486
740,441595,441593,441593,441595,0.824153289,1.146267804,1,1,0.011738947,0.007453409,28.69667952,-96.29235923
741,356879,356528,356879,356528,0.165032583,3.975756858,1,1,0.05075523,0.001492508,45.27796424,-97.27864209
742,364641,363664,363664,364641,0.970743302,7.400330207,1,1,0.089792604,0.008779128,42.23843295,-101.3661721
743,70238,276778,276778,70238,2.845634816,6.058526967,1,1,0.07096415,0.025735117,39.92082403,-91.47952984
744,11264,51002,11264,51002,0.973377151,0.386175248,1,1,0.004573377,0.008802948,40.66469694,-73.65314164
745,19485,96560,19485,96560,6.764015622,1.295083101,1,1,0.015554857,0.061171845,41.58869769,-70.57475099
746,17,1658,17,1658,1.342408322,0.809207662,1,1,0.009741198,0.012140361,41.73459843,-70.11464187
747,461224,461494,461224,461494,1.373482426,1.114254976,1,1,0.014820975,0.012421387,47.51773394,-117.7022633
748,480737,481435,481435,481332,4.616010301,10.5553173,2,2,0.12049087,0.041745892,38.09880582,-122.5829019
749,460508,459419,459419,460508,2.241312978,1.345815064,1,1,0.017756731,0.020269801,47.08993481,-112.9276762
750,92402,44700,7652,92402,22.61939895,16.33705571,1,1,0.20744425,0.20456345,44.97145061,-67.30245027
751,361475,361209,361209,361475,0.624791475,1.162928611,1,1,0.013743107,0.005650437,40.52294266,-104.8117757
752,2391,137029,19654,10333,15.34005582,9.340563302,4,1,0.122052113,0.138731129,46.56947471,-85.95803282
753,25144,70837,70837,114270,1.895607582,2.936959122,1,1,0.035390063,0.017143339,41.79827416,-83.59658308
754,457519,457589,457589,457592,34.94074765,13.96577586,3,3,0.162187537,0.315994245,39.3281702,-114.8319975
755,7963,8086,8086,7963,3.674479975,1.518784971,2,2,0.018223148,0.033230958,41.52302511,-71.13955629
756,343312,344174,343305,343312,1.598468974,1.21738506,2,2,0.015473583,0.014456102,45.02889476,-99.66460542
757,482265,482018,482265,482018,3.197654293,4.14039001,1,1,0.044427547,0.028918682,33.15670679,-117.3053484
758,141107,55303,101895,55303,6.891104498,15.82024681,2,1,0.19360527,0.062321201,42.77309348,-86.04204554
759,121310,120236,120236,121310,1.377191328,0.62515312,1,1,0.008026078,0.012454929,45.59706472,-69.26844045
760,322457,322949,322949,322457,5.180392037,3.940320502,1,1,0.053874193,0.046850001,48.92689198,-111.7716636
761,19495,135226,25898,135226,7.860748091,3.563373266,1,1,0.042674651,0.071090384,41.40081371,-72.02900693
762,473306,472625,473306,472625,17.55913689,12.00173789,1,1,0.14508051,0.158799871,42.00139976,-118.6348242
763,200220,193856,193856,200220,0.148677462,0.557403837,1,1,0.00553566,0.001344597,25.23815783,-80.4683365
764,482331,482329,482328,482331,12.68970374,17.19050391,1,1,0.186459367,0.114762094,34.08610893,-118.7353717
765,149804,150175,150175,149805,6.445695691,6.230727295,1,1,0.069064203,0.05829305,35.86221231,-75.94668219
766,144210,144794,149068,144210,3.923709853,2.483843523,4,4,0.02846196,0.035484923,38.37635526,-75.91861387
767,196034,201281,196034,201281,2.683378055,24.96140895,1,1,0.251174361,0.024267713,26.78101379,-81.2543415
768,474258,474127,474127,474258,2.483681682,0.963969193,1,1,0.011502587,0.022461715,41.16395353,-124.1107431
769,445014,444995,444995,445014,7.383597961,22.41064924,1,1,0.226808588,0.066775173,27.42515133,-97.98104216
770,116109,60209,116109,60209,2.143482068,0.771565407,1,1,0.009257424,0.019385046,41.52157982,-71.37693396
771,16263,7775,16263,7775,3.804100198,6.585016424,1,1,0.083276043,0.034403207,44.73750537,-67.30781469
772,472943,472832,473047,472943,58.13749387,30.66214768,1,1,0.379546847,0.525779061,43.47160556,-119.5025183
773,457671,459066,457671,459066,5.558535938,5.102441497,1,1,0.068819515,0.050269828,48.23843798,-115.9803732
774,442895,440610,440610,442895,3.121886372,2.433044757,1,1,0.024879583,0.028233458,28.53950354,-96.52259131
775,445473,444535,443556,445473,3.948941783,69.38872825,2,2,0.700683835,0.035713113,27.17661202,-98.04387854
776,351312,352060,351312,352060,4.092822036,4.67728006,1,1,0.059806943,0.037014326,45.36891818,-98.61256727
777,247191,246582,247191,246582,0.203468057,4.681642391,1,1,0.048886554,0.001840108,30.65245882,-87.87952353
778,109952,79041,109952,79041,0.118317742,0.29433101,1,1,0.003438048,0.001070032,39.73162095,-74.17514956
779,46763,104752,46763,104752,0.820628721,0.246665197,1,1,0.002952684,0.007421534,41.3709309,-71.93114344
780,473406,473193,473406,473193,16.15942161,27.71141404,1,1,0.338249473,0.146141241,42.61211538,-119.4908076
781,141966,141817,142353,141967,3.540379412,5.205700401,1,1,0.060047672,0.032018191,38.85148186,-75.39637867
782,98889,21869,21869,98889,2.088274959,1.788318259,1,1,0.023127806,0.018885768,46.00409003,-85.85113877
783,50238,106102,50238,106102,10.80911369,12.71390408,2,2,0.156800242,0.097754569,43.24881804,-77.81045531
784,22739,107818,22739,107818,0.296809821,1.781693541,1,1,0.021438206,0.002684264,41.70545431,-70.19578183
785,316104,314991,316104,314991,6.150583954,0.115173073,1,1,0.001514382,0.055624143,46.90622446,-98.29074029
786,134122,2384,2384,134122,5.095444246,3.464840465,1,1,0.040467498,0.046081757,39.72323091,-74.28367975
787,30806,133388,133388,30806,1.50996655,0.741489606,1,1,0.0097388,0.013655711,46.84641122,-96.24126046
788,29204,83375,29204,83375,0.329778682,0.039102978,1,1,0.000505475,0.002982425,45.97858132,-83.98755671
789,69517,88360,88360,69517,4.980825937,0.719076124,1,1,0.008638826,0.045045182,41.60526132,-70.51664648
790,7518,40474,7518,40474,1.071692764,1.809174503,1,1,0.022534875,0.009692086,43.84657926,-69.85741032
791,157527,160072,157527,160072,0.096015427,0.158159057,1,1,0.001700055,0.000868336,33.30929269,-79.29641478
792,70889,41961,47067,70889,3.32173193,2.316925312,1,1,0.028583183,0.030040805,43.26716044,-76.88615881
793,339028,340652,340652,339028,0.247858783,0.715160191,1,1,0.00917936,0.002241565,45.58312421,-99.67570545
794,258038,257990,257990,258038,0.708275825,1.229227514,1,1,0.015898967,0.006405446,46.01007928,-83.72655194
795,481453,480620,480620,481453,2.62205543,3.433128105,1,1,0.038724277,0.023713128,37.21157461,-122.3828305
796,18579,84350,84350,12411,17.99950841,3.639804266,2,2,0.047786434,0.162782466,46.82490799,-88.02894938
797,89559,41777,89559,41777,1.076811401,3.686130515,1,1,0.048160163,0.009738378,46.56260984,-86.36508271
798,73601,141306,141306,73601,0.921102632,1.971035185,1,1,0.023913352,0.008330192,42.23213162,-71.06145228
799,472838,472948,472838,472948,50.19986871,9.557741007,2,2,0.119345983,0.453993423,43.99423564,-119.2267795
800,197535,202578,197535,202578,0.858655874,0.753366475,1,1,0.007483889,0.007765441,25.27217167,-80.9068592
801,44800,36279,36279,44800,0.568709532,0.386655385,1,1,0.004598272,0.005143248,40.94253098,-72.43467153
802,28036,61403,61403,28036,9.513300453,1.143767346,1,1,0.014909249,0.0860356,46.43751886,-86.53076862
803,205516,210332,206692,210332,1.326609404,1.051541706,1,1,0.010645783,0.01199748,27.46226674,-82.58650754
804,340629,340630,340630,340629,2.3518823,0.339663616,1,1,0.004376823,0.021269759,45.80215198,-99.76401912
805,471745,472029,471745,472029,0.524413126,2.513951648,1,1,0.033290505,0.004742644,47.28375875,-123.0619144
806,86177,133180,133180,86177,1.209619857,5.075086904,1,1,0.064156151,0.01093946,44.71507579,-67.62239119
807,460214,458711,458711,460214,3.992484786,4.922540433,1,1,0.065620747,0.036106904,47.63344329,-117.1525028
808,442720,440383,443088,442720,46.05248931,51.52391345,2,2,0.525399383,0.416485696,28.24352456,-97.49394817
809,451104,451253,451253,451110,0.928689935,2.297162951,1,1,0.028139116,0.008398809,42.83218633,-109.3724918
810,318323,318504,318504,318323,2.269092255,6.446350557,1,1,0.087729987,0.020521029,48.69424659,-112.1142912
811,79956,104729,79956,104729,1.385304386,1.550481729,1,1,0.018643985,0.012528301,41.66347787,-70.206473
812,257983,257984,257983,257984,2.662532245,0.754709885,1,1,0.009749258,0.024079189,45.94057221,-83.57655619
813,482777,483225,482777,483225,0.418002801,1.194343606,1,1,0.013063767,0.003780299,34.78717177,-118.1198372
814,61198,131110,131110,61198,3.175232468,2.730244036,1,1,0.034322633,0.028715905,44.39137124,-68.62216026
815,471836,471828,471828,471836,5.678552457,6.325328109,2,2,0.083528579,0.051355223,47.13581098,-122.4898286
816,222763,222764,222764,222763,4.771911522,0.091102398,1,1,0.000948329,0.043155819,30.34741425,-84.3081886
817,60272,74732,60272,74732,0.007430538,0.419089298,1,1,0.004967984,6.72E-05,40.72927356,-73.22249315
818,233564,232949,232949,233564,0.185333305,0.178219969,1,1,0.001856235,0.001676102,30.40310577,-86.4810731
819,52172,912,912,52172,3.307664656,11.17594448,1,1,0.148394633,0.029913584,47.42597365,-87.9076982
820,472016,470451,470451,470455,3.815739984,9.422157277,2,2,0.125619278,0.034508474,47.63994372,-123.3184766
821,482284,482139,482285,482137,14.66233683,30.08612418,1,3,0.321708175,0.13260203,32.84888622,-117.0093497
822,86236,89413,89413,86236,0.495699309,0.344088366,1,1,0.004205712,0.004482964,42.69679492,-70.87292647
823,14563,257939,257939,14563,2.149709143,1.754215357,1,1,0.02179004,0.019441362,43.68134011,-83.92031874
824,194693,199749,194693,199749,0.585792554,0.021980566,1,1,0.00021959,0.005297742,25.94745525,-81.49132202
825,128717,120540,128717,120540,0.446467763,0.251374679,1,1,0.003250321,0.004037728,45.99327285,-85.66672971
826,143048,142755,142755,142655,1.944144009,1.214924436,2,2,0.014108604,0.017582289,39.32534138,-76.08667795
827,110937,41616,109896,32153,1.861503251,0.77858804,1,1,0.009311505,0.016834909,41.31141229,-72.98566379
828,49845,21565,21565,46709,2.597071956,1.26993255,1,1,0.015879183,0.023487185,44.07542155,-69.6307563
829,122612,111128,122612,111128,1.163086924,1.74424014,1,1,0.02100062,0.010518629,41.74545932,-86.83856634
830,355207,356286,355207,356286,1.895390314,0.170449326,1,1,0.002152011,0.017141374,44.64229365,-97.64095725
831,142428,142704,142704,142428,12.59449877,15.21141663,2,2,0.176024587,0.113901087,39.07767112,-76.63731288
832,141645,59253,59253,141645,7.903078363,1.262092888,1,1,0.015107354,0.071473207,41.36913544,-72.2645446
833,44682,7741,44682,98541,11.53205353,1.238545614,1,1,0.016133839,0.104292632,46.4008132,-67.87085057
834,450109,450153,450109,450153,1.028423221,1.339301973,1,1,0.015491873,0.009300769,39.04870481,-107.9366669
835,470497,472050,472050,470497,0.197119741,2.59361558,1,1,0.034801381,0.001782695,47.97301852,-122.8317853
836,456767,456791,456767,456791,7.917856466,2.73854238,1,1,0.032662045,0.071606856,41.13248271,-119.8343222
837,456091,455696,456091,455696,0.530336235,0.362417687,1,1,0.004354829,0.004796211,41.61741857,-112.4152663
838,473427,473078,473427,473078,33.6920036,1.613504051,1,1,0.019652021,0.304700957,42.47684607,-118.5986098
839,441093,442014,441093,442014,1.503532625,2.961588345,1,1,0.030240265,0.013597524,28.38567481,-96.53805419
840,358288,357764,358288,357764,4.59979275,1.917083037,1,1,0.023577532,0.041599225,43.07856491,-106.3182528
841,312880,313655,313655,312880,0.327614186,0.731143792,1,1,0.009778329,0.00296285,47.80260009,-100.5535592
842,106891,9347,9347,106891,0.6127754,0.455952619,1,1,0.005324554,0.005541768,39.71376171,-74.18907673
843,41629,59250,71563,59250,14.90119084,9.410317142,2,2,0.112638574,0.134762158,41.36700505,-72.79610261
844,98778,135083,98778,135083,3.646450369,0.587334053,1,1,0.007733322,0.032977466,46.97974869,-92.00374903
845,84370,33293,84370,33293,3.541982301,2.376784101,1,1,0.029976453,0.032032687,44.5809431,-88.04790395
846,114110,91578,114110,91578,0.870598758,1.400145105,1,1,0.018394195,0.007873449,46.85968771,-88.90982215
847,32385,1153,1153,32385,5.259843106,4.843209331,1,1,0.061723708,0.047568534,45.18082532,-83.44687288
848,45795,52062,52062,45795,0.620024899,0.238065986,1,1,0.002827345,0.00560733,40.85279613,-73.46041709
849,52010,92467,52010,92467,0.496973108,0.157752489,1,1,0.001909427,0.004494484,42.08361931,-70.67850935
850,249996,249993,249993,249996,0.258345396,0.293502991,1,1,0.003052078,0.002336403,30.24667724,-89.45691903
851,4483,5556,2432,5556,5.244280807,15.68017435,1,1,0.199138433,0.047427793,44.98156407,-71.78372571
852,141350,104692,141350,104692,0.643690481,0.732027696,1,1,0.009074496,0.005821355,43.55950116,-70.2522465
853,319321,319322,318511,319324,2.033763598,2.143661291,1,1,0.028772647,0.018392783,47.98880192,-112.0299613
854,470357,470113,470357,470113,1.94813928,0.014188216,1,1,0.000184711,0.017618421,46.36810925,-124.0473501
855,68781,31373,29244,68781,21.58612797,24.01307568,2,2,0.290474447,0.19521884,42.04459618,-83.51215719
856,254,23966,23966,254,1.295131108,0.934224606,1,1,0.012533958,0.0117128,47.96660709,-89.73472245
857,3167,79219,79219,3167,3.306452499,12.12295103,1,1,0.152230236,0.029902622,44.32571907,-83.56569399
858,93327,90223,90223,65258,4.398954588,2.082614703,1,1,0.027758855,0.039782902,47.62631317,-95.97867938
859,441928,441929,441928,441929,1.105567638,0.050811534,1,1,0.000517465,0.009998441,28.1052527,-96.85255912
860,461719,461174,461719,461174,0.360866082,0.804362905,1,1,0.010654298,0.003263571,47.29707691,-119.0483578
861,471243,470994,471243,470994,3.732037387,1.081858888,1,1,0.014449686,0.033751491,47.73384927,-123.1494873
862,477979,476934,477979,476934,0.459096718,17.21805667,1,1,0.188436342,0.004151941,34.83296252,-118.938006
863,146644,148445,146644,148445,2.577475032,2.411006866,1,1,0.027326513,0.023309956,37.5727398,-75.83076548
864,475222,475216,475216,475222,2.841559894,3.229924941,1,1,0.038498543,0.025698264,41.0913584,-121.2945765
865,353621,353635,353621,353636,1.044450259,1.176907043,1,1,0.015030362,0.009445713,45.29968486,-97.56450101
866,338163,340643,338163,340643,12.41631723,1.74301048,1,1,0.02211883,0.112289663,44.93638917,-99.73483112
867,353324,349790,349790,353324,0.592518883,2.725936219,1,1,0.035311598,0.005358573,46.09465078,-99.06097067
868,145455,146642,145455,146642,1.743402638,1.435350944,1,1,0.016401096,0.015766841,38.17139423,-75.88549938
869,197640,196345,196345,197640,0.499381525,0.695071719,1,1,0.006903545,0.004516265,25.25021227,-80.44758921
870,456628,456566,456628,456566,0.878730255,1.953566608,1,1,0.022126284,0.007946988,37.52030318,-112.6847401
871,71570,74681,71570,74681,3.715192142,0.622091541,1,1,0.007412101,0.033599148,41.0664086,-73.59728862
872,467297,466671,467297,466671,2.686641786,1.951005185,1,1,0.024350744,0.024297229,43.96707288,-121.8117603
873,231648,235760,235760,235761,0.555463353,0.285604218,1,1,0.002979403,0.005023454,30.55731574,-87.03810228
874,4355,37505,37505,4355,1.671123248,1.920924505,1,1,0.024020427,0.015113166,44.0785451,-87.74622122
875,204275,203143,203143,204275,0.911340206,0.458593334,1,1,0.004673712,0.008241903,28.182998,-82.75119427
876,469580,469712,469580,469712,12.58062474,4.420879442,1,1,0.059525836,0.113775614,48.15151874,-124.6074251
877,460860,461571,461571,460860,16.5823959,5.839170139,1,1,0.07936506,0.149966501,48.62972807,-119.5879369
878,1358,53338,1358,53338,1.187608233,1.056959858,1,1,0.013505576,0.010740393,45.32934925,-85.17332356
879,449960,450058,450058,449960,0.404227126,0.135014996,1,1,0.001561503,0.003655716,39.03821957,-107.9119541
880,44761,60211,60211,44761,0.502394592,1.537455412,1,1,0.018484995,0.004543515,41.65527757,-71.47019448
881,71544,111952,71544,111952,0.571049556,2.269212885,1,1,0.027696705,0.005164411,42.60848765,-70.71365299
882,27886,131060,27886,131060,3.384754018,3.871424654,1,1,0.046759572,0.030610759,41.94784698,-70.03658149
883,102663,14282,102663,14282,1.13170385,0.177606432,1,1,0.002138578,0.01023481,41.75145079,-71.19154124
884,216002,216003,216002,216003,0.644263701,0.371515146,1,1,0.003835609,0.005826539,29.52931423,-83.37752719
885,161583,163034,163034,161583,0.997644815,0.114518252,1,1,0.001229651,0.009022418,33.21642344,-79.2644657
886,4818,78007,78007,4818,7.711795984,4.132100756,1,1,0.052468422,0.069743303,44.97139707,-87.22958029
887,470982,472011,470982,472011,0.84874711,0.415642584,1,1,0.005567813,0.007675829,47.88653727,-123.3476523
888,425485,423544,425485,423544,0.380855615,6.222494745,1,1,0.064276605,0.003444351,29.58295925,-94.62909361
889,65521,83192,83192,65521,0.003391195,1.864526869,1,1,0.02168803,3.07E-05,39.44051891,-74.53959135
890,73103,132595,132595,73103,0.043893092,1.141252926,1,1,0.014731211,0.000396957,45.8977732,-95.55529296
891,43663,1023,43663,1023,3.624121328,0.15512579,1,1,0.001947603,0.032775529,44.31545094,-68.25579141
892,339916,344253,344253,339916,1.512357562,2.665985801,1,1,0.034648727,0.013677334,46.27537972,-99.39739974
893,473826,473967,473967,473826,0.810692034,1.088528577,1,1,0.01314243,0.00733167,41.92378118,-121.7473581
894,15372,118224,15372,118224,5.789854672,1.651930178,1,1,0.019253332,0.052361809,39.57854804,-74.3556258
895,230597,225508,225508,230597,0.765565339,1.009730054,1,1,0.010436412,0.006923557,29.64274231,-85.12359603
896,476573,475757,476573,475757,13.08527632,2.460092677,1,1,0.029116005,0.11833954,40.62285053,-121.2832257
897,34211,116162,34211,116162,4.016621152,0.634784031,1,1,0.007523488,0.036325186,40.71695925,-73.31285451
898,480973,480826,480973,480826,5.248465557,0.168015717,1,1,0.001908927,0.047465639,37.7528531,-122.1008148
