net_id,vertices_count,edges_count,artic_count,max_cliques,mean_degree_norm,far_vert_1,far_vert_2,far_vert_dist,edge_conn,edge_dens,min_cut,far_min_cut,strength
1,32811,35914533,7241,NA,0.06672284,399474,317508,6028.755,1,0.06672284,NA,NA,3629673
2,3241,369134,804,1032,0.070305614,170111,160258,1514.947,1,0.070305614,1,1,79841.67127
3,2027,154370,552,675,0.075179548,451553,454420,2850.43,1,0.075179548,1,1,82939.19852
4,2,1,0,1,1,135248,124500,0.703,1,1,1,1,0.703
5,483,13802,56,122,0.118570827,150979,150204,536.833,1,0.118570827,1,1,5634.289975
6,2604,150330,361,508,0.04435683,248119,244041,1346.429,1,0.04435683,1,1,17209.48999
7,153,997,68,78,0.085741314,1362,86477,314.749,1,0.085741314,1,1,886.8176078
8,32,244,8,9,0.491935484,43008,56391,110.578,1,0.491935484,1,1,453.167375
9,2247,205384,459,602,0.081392386,155028,157218,863.05,1,0.081392386,1,1,44951.00068
10,2659,871114,661,832,0.246508373,106925,42739,1387.715,1,0.246508373,1,1,304016.1399
11,754,15689,353,464,0.055266115,68299,314653,1541.499,1,0.055266115,1,1,19211.07249
12,3,2,1,2,0.666666667,132822,112288,1.25,1,0.666666667,1,1,0.833333333
13,240,3679,87,113,0.128277545,84324,74828,380.642,1,0.128277545,1,1,3752.078092
14,65,122,26,42,0.058653846,457037,456958,179.715,1,0.058653846,1,1,112.6379077
15,765,95350,142,177,0.326284091,147319,144237,733.312,1,0.326284091,1,1,48486.39434
16,400,20994,66,77,0.263082707,151837,151141,532.638,1,0.263082707,1,22,15343.03796
17,222,7444,34,44,0.303452774,233240,235119,356.26,1,0.303452774,1,2,7095.803523
18,410,33969,79,94,0.405140438,220894,222644,317.101,1,0.405140438,1,1,12447.35533
19,21,22,14,18,0.104761905,6866,98679,40.578,1,0.104761905,1,1,9.120095238
20,1118,97174,376,443,0.155627055,101616,6327,634.938,1,0.155627055,1,1,34993.03425
21,516,27618,146,202,0.207857304,183361,198501,998.894,1,0.207857304,1,1,24032.42819
22,4,3,2,3,0.5,62344,85237,4.317,1,0.5,1,1,2.1585
23,237,373,124,195,0.013337624,45857,1174,108.208,1,0.013337624,1,1,25.53668354
24,1810,314056,326,386,0.191831512,172844,174134,903.143,1,0.191831512,1,56,97237.9521
25,98,862,25,36,0.181359142,424060,424145,257.326,1,0.181359142,1,12,1681.468204
26,418,7355,124,161,0.084391817,79984,16329,274.876,1,0.084391817,1,1,1921.385742
27,31,63,15,18,0.135483871,135153,27963,62.5,1,0.135483871,1,2,54.52664516
28,1665,63795,338,461,0.046052062,228005,231466,906.019,1,0.046052062,1,10,7936.724404
29,736,11255,224,361,0.04161121,54459,33428,510.317,1,0.04161121,1,1,4974.579087
30,20,23,13,15,0.121052632,121618,37569,33.256,1,0.121052632,1,1,9.4935
31,454,11481,113,135,0.111649211,443378,443837,843.969,1,0.111649211,1,1,6671.28896
32,122,1892,22,28,0.25633383,473864,473644,761.156,1,0.25633383,1,1,6082.014754
33,1731,29994,565,881,0.020031857,5933,130102,1275.396,1,0.020031857,1,1,4580.589187
34,2397,93217,647,830,0.032461626,459826,463173,2580.165,1,0.032461626,1,1,27681.47836
35,609,32719,227,258,0.176729539,161025,164708,546.219,1,0.176729539,1,1,25569.58132
36,1076,176225,198,214,0.304703034,216704,214628,590.491,1,0.304703034,1,213,76948.31113
37,261,2372,100,142,0.069908635,6049,64343,252.781,1,0.069908635,1,4,1044.017556
38,6,5,3,5,0.333333333,66539,41678,6.855,1,0.333333333,1,1,2.348333333
39,7,9,3,4,0.428571429,354495,352418,9.646,1,0.428571429,1,1,11.52771429
40,200,8727,52,61,0.438542714,472506,471722,239.527,1,0.438542714,1,131,9344.32855
41,100,536,39,47,0.108282828,72811,112242,226.807,1,0.108282828,1,1,546.9306
42,8,8,4,6,0.285714286,69531,76793,22.258,1,0.285714286,1,1,12.015
43,1190,3334,539,897,0.004712667,2966,91282,562.897,1,0.004712667,1,1,588.6163815
44,36,413,6,8,0.655555556,251770,252716,119.776,1,0.655555556,1,28,1041.143444
45,326,8186,80,93,0.15452572,439752,441156,1196.13,1,0.15452572,1,1,9048.012086
46,258,1430,113,143,0.043133351,77879,75799,149.097,1,0.043133351,1,1,406.8529302
47,1463,198639,480,587,0.185738878,17457,6401,697.393,1,0.185738878,1,1,65038.21626
48,1603,58994,300,449,0.045945376,416267,411282,1613.854,1,0.045945376,1,1,12743.03181
49,62,140,29,35,0.074034902,29997,64389,69.644,1,0.074034902,1,1,53.857
50,1529,92416,314,384,0.079112721,428160,435543,3123.395,1,0.079112721,1,1,50246.4823
51,13,27,5,7,0.346153846,142079,141820,32.134,1,0.346153846,1,1,58.68784615
52,536,15028,129,155,0.104812387,447962,446971,3497.365,1,0.104812387,1,1,11744.63953
53,338,1849,97,160,0.032465366,194,121725,320.07,1,0.032465366,1,10,643.0552249
54,18,59,4,5,0.385620915,145453,149074,52.241,1,0.385620915,1,1,70.931
55,2,1,0,1,1,5468,4916,0.92,1,1,1,1,0.92
56,453,9479,157,191,0.092588251,40691,17531,466.335,1,0.092588251,1,1,4877.649038
57,749,24504,288,365,0.087474922,5742,21,306.105,1,0.087474922,1,2,6664.155186
58,441,66153,59,70,0.681849103,250450,249699,633.069,1,0.681849103,1,363,84597.46907
59,1780,47894,576,719,0.030249288,478074,475808,1310.401,1,0.030249288,1,1,11868.72728
60,586,17378,128,187,0.101385607,153710,154150,484.12,1,0.101385607,1,4,7813.414751
61,9,11,4,5,0.305555556,19481,48870,38.833,1,0.305555556,1,1,22.41911111
62,26,57,13,15,0.175384615,289,98600,33.511,1,0.175384615,1,1,50.93284615
63,454,2939,213,274,0.028580875,2217,91633,430.353,1,0.028580875,1,1,1000.048322
64,825,24111,344,421,0.070935569,107107,93761,850.529,1,0.070935569,1,1,17075.69627
65,48,908,5,6,0.804964539,234102,232320,144.123,1,0.804964539,1,42,2714.802833
66,6,5,4,5,0.333333333,349655,353156,11.657,1,0.333333333,1,1,3.885666667
67,146,3657,42,48,0.345488899,85456,115308,617.999,1,0.345488899,1,1,13963.86299
68,364,5262,132,169,0.079647625,4237,126731,535.638,1,0.079647625,1,1,4709.666126
69,26,301,1,2,0.926153846,250893,252277,85.278,1,0.926153846,1,24,952.9494615
70,29,115,9,11,0.283251232,134203,14274,67.031,1,0.283251232,1,3,169.261931
71,40,446,8,10,0.571794872,457462,457369,260.183,1,0.571794872,1,1,1867.6208
72,12,39,3,4,0.590909091,58489,81317,54.638,1,0.590909091,1,1,185.3215
73,74,352,31,39,0.130322103,78948,34159,98.124,1,0.130322103,1,1,217.2606216
74,58,379,16,18,0.229280097,19666,33266,153.441,1,0.229280097,1,1,623.4613448
75,382,34355,77,98,0.472097401,147989,144840,492.709,1,0.472097401,1,2,30260.89531
76,2,1,0,1,1,75997,83373,3.387,1,1,1,1,3.387
77,7,21,0,1,1,1446,130843,39.098,6,1,6,6,136.4385714
78,16,93,2,3,0.775,108096,87612,136.295,1,0.775,1,13,754.10825
79,325,760,180,230,0.014434948,80964,18408,148.631,1,0.014434948,1,1,70.49654769
80,20,110,5,6,0.578947368,128701,141059,152.106,1,0.578947368,1,14,820.5551
81,15,27,4,8,0.257142857,19648,131941,49.366,1,0.257142857,1,1,38.12866667
82,4,3,2,3,0.5,97608,127903,9.756,1,0.5,1,1,4.878
83,23,39,12,15,0.154150198,314354,316189,196.078,1,0.154150198,1,1,119.4304348
84,2,1,0,1,1,43766,85182,0.065,1,1,1,1,0.065
85,7,12,2,3,0.571428571,113926,7853,26.355,1,0.571428571,1,1,56.57
86,36,154,12,14,0.244444444,4345,51145,193.459,1,0.244444444,1,1,458.595
87,181,590,73,106,0.036218539,33063,7524,193.513,1,0.036218539,1,1,190.3108066
88,380,1684,188,220,0.023385641,141681,33122,186.293,1,0.023385641,1,1,215.3172158
89,3,2,1,2,0.666666667,41874,127704,4.186,1,0.666666667,1,1,2.790666667
90,420,48239,59,73,0.548232754,144103,143169,719.497,1,0.548232754,1,309,69318.58243
91,9,11,4,6,0.305555556,142193,142339,28.673,1,0.305555556,1,1,21.92622222
92,75,1408,15,18,0.507387387,33399,97928,172.388,1,0.507387387,1,2,2892.38504
93,23,232,1,2,0.916996047,148912,148383,85.237,1,0.916996047,1,21,713.0594783
94,7,6,5,6,0.285714286,88373,62257,11.461,1,0.285714286,1,1,3.274571429
95,21,157,2,3,0.747619048,456892,456733,552.243,1,0.747619048,1,2,3279.04981
96,13,21,5,7,0.269230769,28894,8094,42,1,0.269230769,1,3,44.764
97,14,20,6,9,0.21978022,33357,37580,49.424,1,0.21978022,1,1,21.52142857
98,92,1374,21,35,0.32823698,471343,470703,205.634,1,0.32823698,1,1,2781.588652
99,105,788,27,34,0.144322344,455353,455031,624.304,1,0.144322344,1,1,1774.492667
100,249,21364,38,42,0.691929006,235032,234485,415.661,1,0.691929006,1,1,26893.43588
101,2,1,0,1,1,470507,472328,0.689,1,1,1,1,0.689
102,72,122,26,51,0.047730829,22660,87253,127.05,1,0.047730829,1,1,67.21988889
103,27,59,10,15,0.168091168,222521,221504,47.746,1,0.168091168,1,1,71.36577778
104,17,32,9,10,0.235294118,125784,128792,138.734,1,0.235294118,1,1,137.5835294
105,36,531,3,4,0.842857143,142840,143063,77.344,1,0.842857143,1,1,1207.316444
106,15,14,13,14,0.133333333,462161,462154,31.873,1,0.133333333,1,1,4.249733333
107,4,3,1,3,0.5,58191,32,4.354,1,0.5,1,1,2.326
108,5,4,3,4,0.4,480729,481308,25.607,1,0.4,1,1,10.2428
109,52,354,18,19,0.266968326,477629,477307,230.108,1,0.266968326,1,1,673.5262692
110,142,290,82,103,0.028968135,2701,126613,149.024,1,0.028968135,1,1,64.82657746
111,18,41,5,9,0.267973856,470717,471378,94.021,1,0.267973856,1,1,110.7141111
112,5,10,0,1,1,3546,104912,86.674,4,1,4,4,186.2524
113,10,24,3,4,0.533333333,207212,209599,54.332,1,0.533333333,1,1,118.1338
114,50,97,24,30,0.079183673,33385,139000,252.379,1,0.079183673,1,1,171.29908
115,47,111,23,26,0.102682701,139148,93680,73.116,1,0.102682701,1,1,85.64089362
116,2,1,0,1,1,214159,219231,4.141,1,1,1,1,4.141
117,49,303,12,15,0.257653061,132966,34311,214.256,1,0.257653061,1,4,528.0259592
118,28,220,4,6,0.582010582,470203,469894,337.058,1,0.582010582,1,3,1494.641357
119,45,140,13,14,0.141414141,456626,456530,759.697,1,0.141414141,1,1,531.4321778
120,134,784,42,55,0.087981147,31011,89368,154.57,1,0.087981147,1,1,407.0676716
121,3,2,1,2,0.666666667,28893,45676,4.543,1,0.666666667,1,1,3.028666667
122,27,138,5,8,0.393162393,481826,481671,206.972,1,0.393162393,1,4,673.5596296
123,82,600,29,37,0.180668473,140104,109104,237.936,1,0.180668473,1,1,1114.041829
124,4,4,1,2,0.666666667,233553,234707,14.971,1,0.666666667,1,2,16.867
125,10,22,2,3,0.488888889,77100,23048,57.025,1,0.488888889,1,1,95.1726
126,304,13859,31,40,0.300916276,153576,153254,425.248,1,0.300916276,1,80,7429.369033
127,30,239,8,9,0.549425287,62527,79191,181.193,1,0.549425287,1,21,1379.003133
128,3,2,1,2,0.666666667,250871,249948,20.07,1,0.666666667,1,1,13.38
129,23,146,3,4,0.577075099,207514,205545,130.727,1,0.577075099,1,16,744.9310435
130,45,178,19,21,0.17979798,5399,76915,226.833,1,0.17979798,1,1,487.5049333
131,4,3,2,3,0.5,355680,356248,7.422,1,0.5,1,1,3.711
132,108,251,57,69,0.043440637,482887,483155,279.233,1,0.043440637,1,1,200.1079444
133,172,9216,30,37,0.626682987,233077,234791,211.831,1,0.626682987,1,135,9973.579035
134,40,206,11,14,0.264102564,482041,482318,230.511,1,0.264102564,1,1,452.297
135,24,79,9,12,0.286231884,138941,28207,141.446,1,0.286231884,1,1,173.5180833
136,21,174,1,2,0.828571429,474174,473601,178.772,2,0.828571429,2,18,1330.781714
137,5,5,1,3,0.5,481798,481696,26.155,1,0.5,1,1,27.4112
138,3,2,1,2,0.666666667,73682,34208,3.919,1,0.666666667,1,1,2.612666667
139,271,8341,50,72,0.227989613,17657,73961,524.33,1,0.227989613,1,1,12572.7232
140,41,98,13,20,0.119512195,456336,455874,198.429,1,0.119512195,1,1,176.1284878
141,25,40,13,17,0.133333333,59298,69586,23.584,1,0.133333333,1,1,13.83176
142,26,56,11,15,0.172307692,117197,141223,49.53,1,0.172307692,1,1,78.77815385
143,3,2,1,2,0.666666667,135175,40573,3.276,1,0.666666667,1,1,2.184
144,15,80,2,3,0.761904762,110009,50044,47.415,1,0.761904762,1,12,274.6018667
145,23,70,7,11,0.276679842,469961,470083,340.92,1,0.276679842,1,1,731.9184348
146,33,132,8,11,0.25,117309,9204,95.498,1,0.25,1,8,215.0251515
147,24,111,4,5,0.402173913,193550,201332,140.907,1,0.402173913,1,1,329.2578333
148,21,77,4,6,0.366666667,142991,142607,90.34,1,0.366666667,1,2,150.0975238
149,3,2,1,2,0.666666667,258777,50212,0.322,1,0.666666667,1,1,0.214666667
150,29,328,3,4,0.807881773,6511,9093,119.788,1,0.807881773,1,25,1411.960207
151,22,38,11,13,0.164502165,445850,445435,176.881,1,0.164502165,1,1,119.3356364
152,5,4,3,4,0.4,26881,110876,12.282,1,0.4,1,1,4.9128
153,174,1403,78,90,0.093216398,4139,108019,315.567,1,0.093216398,1,1,968.1887126
154,15,50,4,6,0.476190476,70480,19415,40.657,1,0.476190476,1,1,117.1764
155,2,1,0,1,1,94532,87303,0.337,1,1,1,1,0.337
156,17,19,10,14,0.139705882,33105,140355,38.403,1,0.139705882,1,1,14.79894118
157,3,2,1,2,0.666666667,480636,481459,0.483,1,0.666666667,1,1,0.322
158,6,5,3,5,0.333333333,198911,195190,39.591,1,0.333333333,1,1,13.21533333
159,4,3,2,3,0.5,25943,55156,3.449,1,0.5,1,1,1.7245
160,147,537,80,86,0.050041935,311110,310810,656.399,1,0.050041935,1,1,1168.538082
161,8,18,1,2,0.642857143,195504,193054,144.038,2,0.642857143,2,2,221.63475
162,33,49,18,22,0.09280303,32127,18412,35.707,1,0.09280303,1,1,16.82193939
163,2,1,0,1,1,78969,63391,3.389,1,1,1,1,3.389
164,30,52,17,22,0.11954023,88497,33244,40.217,1,0.11954023,1,1,36.27073333
165,24,194,4,5,0.702898551,440510,440502,325.208,1,0.702898551,1,19,2299.103333
166,186,9781,38,42,0.56849753,144909,147196,325.718,1,0.56849753,1,1,14648.22733
167,2,1,0,1,1,331211,330657,2.019,1,1,1,1,2.019
168,79,991,25,29,0.321648815,3136,64470,156.973,1,0.321648815,1,3,1460.000835
169,34,167,9,11,0.297682709,34306,139133,129.241,1,0.297682709,1,1,400.3708824
170,2,1,0,1,1,64981,749,0.141,1,1,1,1,0.141
171,4,4,1,2,0.666666667,69709,4872,15.963,1,0.666666667,1,1,16.5725
172,2,1,0,1,1,204859,205986,0.618,1,1,1,1,0.618
173,20,124,4,5,0.652631579,142676,142979,52.661,1,0.652631579,1,1,314.8709
174,2,1,0,1,1,482653,482668,15.891,1,1,1,1,15.891
175,9,10,4,6,0.277777778,24055,25091,46.631,1,0.277777778,1,1,28.29711111
176,2,1,0,1,1,314702,316566,2.963,1,1,1,1,2.963
177,55,227,19,22,0.152861953,49068,81243,333.86,1,0.152861953,1,1,556.0442545
178,5,4,3,4,0.4,70545,121371,5.311,1,0.4,1,1,2.1244
179,3,2,1,2,0.666666667,461165,461913,32.097,1,0.666666667,1,1,21.398
180,11,26,2,4,0.472727273,117249,15417,37.375,1,0.472727273,1,1,84.514
181,2,1,0,1,1,106963,126742,0.163,1,1,1,1,0.163
182,3,2,1,2,0.666666667,688,96696,24.963,1,0.666666667,1,1,16.642
183,3,2,1,2,0.666666667,62526,89650,0.406,1,0.666666667,1,1,0.270666667
184,57,538,9,10,0.337092732,149060,142923,185.886,1,0.337092732,1,14,913.6642807
185,14,20,6,8,0.21978022,133106,123491,27.828,1,0.21978022,1,1,14.66528571
186,3,2,1,2,0.666666667,69521,121392,1.357,1,0.666666667,1,1,0.904666667
187,25,160,6,8,0.533333333,146017,149035,31.541,1,0.533333333,1,1,158.1412
188,66,223,36,39,0.103962704,89482,100688,101.874,1,0.103962704,1,1,224.4824848
189,133,2131,46,50,0.242766006,477997,476841,200.082,1,0.242766006,1,1,1027.219474
190,9,14,3,4,0.388888889,66470,95537,18.588,1,0.388888889,1,1,15.64333333
191,8,10,3,5,0.357142857,471612,470589,33.765,1,0.357142857,1,1,39.6755
192,26,325,0,1,1,250524,252928,127.579,25,1,25,25,1561.876538
193,4,3,2,3,0.5,7814,7795,3.564,1,0.5,1,1,1.782
194,62,262,24,30,0.138551031,18680,2435,164.055,1,0.138551031,1,1,304.8202258
195,6,11,1,2,0.733333333,102717,68597,29.446,1,0.733333333,1,1,69.66433333
196,18,122,2,3,0.797385621,232737,235081,134.359,1,0.797385621,1,1,861.0991111
197,2,1,0,1,1,482375,482466,12.284,1,1,1,1,12.284
198,5,4,3,4,0.4,6855,120319,7.429,1,0.4,1,1,2.9716
199,89,811,29,35,0.207099081,83421,43004,175.054,1,0.207099081,1,3,888.4453034
200,64,109,38,47,0.05406746,23951,111074,61.758,1,0.05406746,1,1,51.79778125
201,39,96,15,20,0.129554656,124530,37339,82.406,1,0.129554656,1,1,60.08476923
202,23,44,12,13,0.173913043,65516,3969,72.761,1,0.173913043,1,4,69.3086087
203,3,2,1,2,0.666666667,427082,424392,7.112,1,0.666666667,1,1,4.741333333
204,28,53,13,15,0.14021164,117176,64406,37.228,1,0.14021164,1,1,29.081
205,14,27,4,6,0.296703297,110177,121689,94.679,1,0.296703297,1,1,80.80714286
206,3,3,0,1,1,216041,213056,2.228,2,1,2,2,3.128666667
207,83,1048,23,30,0.307963562,26227,79262,211.182,1,0.307963562,1,1,2419.345494
208,2,1,0,1,1,69538,87330,0.436,1,1,1,1,0.436
209,17,31,6,11,0.227941176,17309,68475,47.832,1,0.227941176,1,1,48.11070588
210,7,7,4,5,0.333333333,357370,355665,7.238,1,0.333333333,1,1,3.004285714
211,8,22,1,2,0.785714286,482310,481926,92.498,1,0.785714286,1,1,247.697
212,33,73,9,18,0.138257576,139147,97778,44.644,1,0.138257576,1,4,50.17254545
213,9,15,3,4,0.416666667,7613,7638,25.396,1,0.416666667,1,1,39.03022222
214,43,63,19,29,0.069767442,16257,25837,79.435,1,0.069767442,1,1,33.99930233
215,12,19,3,6,0.287878788,143100,142695,90.572,1,0.287878788,1,1,64.94433333
216,7,10,2,3,0.476190476,4786,68652,60.178,1,0.476190476,1,2,72.77971429
217,2,1,0,1,1,205481,203226,0.11,1,1,1,1,0.11
218,2,1,0,1,1,137200,116104,2.184,1,1,1,1,2.184
219,4,3,2,3,0.5,709,38330,2.584,1,0.5,1,1,1.292
220,7,16,1,2,0.761904762,1604,12402,45.141,1,0.761904762,1,5,134.0851429
221,15,51,3,5,0.485714286,151685,150152,63.228,1,0.485714286,1,9,207.8266667
222,9,12,3,5,0.333333333,482045,482415,97.624,1,0.333333333,1,1,52.84266667
223,14,16,7,10,0.175824176,316922,317030,19.788,1,0.175824176,1,1,9.313142857
224,23,142,6,7,0.561264822,2055,29150,86.802,1,0.561264822,1,1,559.4355652
225,28,49,12,15,0.12962963,81002,15313,47.806,1,0.12962963,1,1,23.5
226,4,4,1,2,0.666666667,8467,7570,17.945,1,0.666666667,1,1,20.1225
227,16,94,1,2,0.783333333,480728,480839,126.386,2,0.783333333,2,13,582.816375
228,3,3,0,1,1,152961,150946,52.768,2,1,2,2,79.31733333
229,2,1,0,1,1,309764,309763,0.511,1,1,1,1,0.511
230,23,50,9,10,0.197628458,84202,49908,20.37,1,0.197628458,1,1,18.44373913
231,3,2,1,2,0.666666667,107871,140292,0.222,1,0.666666667,1,1,0.148
232,13,48,3,4,0.615384615,481901,482170,182.666,1,0.615384615,1,9,641.3538462
233,47,113,14,23,0.10453284,5316,96879,112.866,1,0.10453284,1,1,98.02880851
234,46,192,12,14,0.185507246,218566,218796,101.619,1,0.185507246,1,3,173.5472174
235,79,376,25,35,0.122038299,10337,37486,211.17,1,0.122038299,1,1,503.2652658
236,14,37,4,5,0.406593407,481699,481782,340.195,1,0.406593407,1,7,774.4412857
237,28,67,12,16,0.177248677,455880,455768,168.47,1,0.177248677,1,1,255.1951429
238,10,9,5,9,0.2,355155,354478,9.637,1,0.2,1,1,2.7384
239,13,22,6,8,0.282051282,140259,137116,40.17,1,0.282051282,1,1,41.86292308
240,19,123,3,4,0.719298246,206558,204215,239.845,1,0.719298246,1,1,1551.092
241,3,2,1,2,0.666666667,97651,25942,2.934,1,0.666666667,1,1,1.956
242,6,8,2,3,0.533333333,98803,2635,38.455,1,0.533333333,1,1,47.868
243,15,24,5,8,0.228571429,82185,4905,80.553,1,0.228571429,1,1,73.7452
244,50,89,21,31,0.072653061,60463,94786,179.001,1,0.072653061,1,1,86.46984
245,2,1,0,1,1,3454,123623,19.328,1,1,1,1,19.328
246,3,2,1,2,0.666666667,118449,13519,70.629,1,0.666666667,1,1,47.086
247,6,15,0,1,1,141478,108802,43.513,5,1,5,5,102.5566667
248,6,15,0,1,1,233820,234502,80.569,5,1,5,5,229.025
249,9,9,5,7,0.25,51996,45726,16.89,1,0.25,1,1,6.630888889
250,19,41,7,8,0.239766082,44773,13269,30.033,1,0.239766082,1,1,34.38294737
251,2,1,0,1,1,96684,54251,9.022,1,1,1,1,9.022
252,6,11,1,2,0.733333333,472741,473175,144.34,1,0.733333333,1,4,284.586
253,42,65,22,26,0.075493612,483108,482883,52.396,1,0.075493612,1,1,19.50747619
254,22,121,2,3,0.523809524,118490,71847,139.165,3,0.523809524,3,14,722.5363636
255,5,5,2,3,0.5,141798,141883,15.344,1,0.5,1,1,14.6124
256,5,10,0,1,1,444031,444580,52.782,4,1,4,4,124.0528
257,113,626,64,73,0.098925411,66462,132108,109.896,1,0.098925411,1,1,464.7887434
258,4,4,1,2,0.666666667,482566,482401,18.066,1,0.666666667,1,1,18.645
259,2,1,0,1,1,119361,113136,1.097,1,1,1,1,1.097
260,2,1,0,1,1,470104,470324,0.844,1,1,1,1,0.844
261,55,235,23,28,0.158249158,457218,456931,304.258,1,0.158249158,1,1,661.0857091
262,2,1,0,1,1,354045,351247,0.446,1,1,1,1,0.446
263,14,68,2,3,0.747252747,470659,472433,183.135,1,0.747252747,1,11,934.9158571
264,5,4,3,4,0.4,460229,459878,7.54,1,0.4,1,1,3.016
265,20,124,4,5,0.652631579,471944,470650,140.534,1,0.652631579,1,15,733.6249
266,40,418,10,11,0.535897436,142989,142533,159.97,1,0.535897436,1,28,1455.828
267,4,6,0,1,1,80278,73924,35.749,3,1,3,3,64.9595
268,3,3,0,1,1,602,2789,16.319,2,1,2,2,29.232
269,8,11,2,4,0.392857143,132100,46751,14.651,1,0.392857143,1,2,14.52475
270,2,1,0,1,1,107075,43973,0.766,1,1,1,1,0.766
271,9,9,5,7,0.25,120255,119170,5.54,1,0.25,1,1,3.036888889
272,19,22,10,15,0.128654971,97859,257856,35.267,1,0.128654971,1,1,8.170842105
273,3,2,1,2,0.666666667,478720,480311,0.454,1,0.666666667,1,1,0.302666667
274,30,43,12,19,0.098850575,31075,88396,24.937,1,0.098850575,1,1,8.9642
275,11,16,6,7,0.290909091,40796,67785,80.252,1,0.290909091,1,1,94.87563636
276,7,9,3,4,0.428571429,55119,28952,12.406,1,0.428571429,1,1,11.73428571
277,50,56,32,45,0.045714286,250,2751,29.937,1,0.045714286,1,1,6.80452
278,2,1,0,1,1,108797,66408,3.658,1,1,1,1,3.658
279,9,8,7,8,0.222222222,353111,350944,7.336,1,0.222222222,1,1,1.630222222
280,14,79,1,2,0.868131868,73534,72490,56.948,1,0.868131868,1,12,342.301
281,2,1,0,1,1,214206,213234,21.864,1,1,1,1,21.864
282,5,4,3,4,0.4,129009,123382,1.426,1,0.4,1,1,0.5704
283,6,8,2,3,0.533333333,125536,95484,18.895,1,0.533333333,1,1,24.10433333
284,6,6,3,4,0.4,74673,141701,5.584,1,0.4,1,1,3.150333333
285,5,7,1,2,0.7,54092,57115,11.085,1,0.7,1,1,17.0204
286,2,1,0,1,1,18462,58244,0.852,1,1,1,1,0.852
287,5,4,3,4,0.4,357324,357297,5.205,1,0.4,1,1,2.082
288,3,2,1,2,0.666666667,222172,222511,7.755,1,0.666666667,1,1,5.17
289,13,16,8,9,0.205128205,24059,1891,61.238,1,0.205128205,1,1,41.77138462
290,2,1,0,1,1,142035,142257,2.811,1,1,1,1,2.811
291,3,2,1,2,0.666666667,120388,11284,5.911,1,0.666666667,1,1,3.940666667
292,3,2,1,2,0.666666667,469442,468714,1.615,1,0.666666667,1,1,1.076666667
293,23,34,11,16,0.134387352,40654,352,21.578,1,0.134387352,1,1,14.7486087
294,2,1,0,1,1,33339,77032,0.12,1,1,1,1,0.12
295,5,4,2,4,0.4,36234,1843,4.751,1,0.4,1,1,1.9432
296,7,6,4,6,0.285714286,48986,1530,23.312,1,0.285714286,1,1,6.920571429
297,3,2,1,2,0.666666667,137973,97943,18.798,1,0.666666667,1,1,12.532
298,4,6,0,1,1,131925,4834,69.537,3,1,3,3,122.2895
299,4,4,0,4,0.666666667,226575,230607,0.409,2,0.666666667,2,2,0.434
300,2,1,0,1,1,28890,124459,2.582,1,1,1,1,2.582
301,7,12,2,3,0.571428571,149091,147876,43.448,1,0.571428571,1,4,71.74371429
302,19,24,7,13,0.140350877,206553,211196,183.185,1,0.140350877,1,1,65.624
303,3,2,1,2,0.666666667,450626,451651,83.55,1,0.666666667,1,1,55.7
304,16,36,5,6,0.3,17506,16459,131.691,1,0.3,1,5,179.657
305,69,224,17,33,0.095481671,317092,317118,63.818,1,0.095481671,1,1,112.374
306,4,4,1,2,0.666666667,118231,83167,20.565,1,0.666666667,1,1,23.856
307,12,39,3,4,0.590909091,21833,32292,95.283,1,0.590909091,1,8,273.1205
308,4,6,0,1,1,4036,119,21.396,3,1,3,3,44.695
309,27,257,4,5,0.732193732,39645,113180,83.949,1,0.732193732,1,22,714.28
310,2,1,0,1,1,207849,205480,2.36,1,1,1,1,2.36
311,3,3,0,1,1,143030,142468,23.153,2,1,2,2,35.296
312,2,1,0,1,1,455972,456279,27.405,1,1,1,1,27.405
313,8,7,6,7,0.25,90901,94013,6.904,1,0.25,1,1,1.726
314,72,82,48,65,0.032081377,446275,445622,147.739,1,0.032081377,1,1,17.08986111
315,44,279,12,13,0.294926004,130750,114273,96.781,1,0.294926004,1,1,444.2726364
316,4,3,2,3,0.5,135217,62296,5.279,1,0.5,1,1,2.6395
317,26,94,8,12,0.289230769,196229,200129,28.239,1,0.289230769,1,1,84.00353846
318,2,1,0,1,1,480401,480078,2.828,1,1,1,1,2.828
319,2,1,0,1,1,141078,1691,1.726,1,1,1,1,1.726
320,2,1,0,1,1,482017,482456,0.122,1,1,1,1,0.122
321,14,20,5,8,0.21978022,1338,19719,42.758,1,0.21978022,1,1,29.138
322,2,1,0,1,1,171,26026,11.307,1,1,1,1,11.307
323,5,4,2,4,0.4,61439,38557,29.062,1,0.4,1,1,11.8728
324,6,11,1,2,0.733333333,234794,234255,40.939,1,0.733333333,1,4,72.577
325,13,36,3,4,0.461538462,443090,441835,177.075,1,0.461538462,1,1,379.3612308
326,22,30,11,14,0.12987013,109888,19500,18.187,1,0.12987013,1,1,7.426818182
327,2,1,0,1,1,51270,46053,6.274,1,1,1,1,6.274
328,20,39,6,9,0.205263158,316941,317083,32.833,1,0.205263158,1,1,32.4743
329,19,45,5,7,0.263157895,480821,480966,134.263,1,0.263157895,1,1,140.1663158
330,2,1,0,1,1,458346,459857,0.728,1,1,1,1,0.728
331,2,1,0,1,1,451464,450465,55.938,1,1,1,1,55.938
332,2,1,0,1,1,247800,245084,0.084,1,1,1,1,0.084
333,2,1,0,1,1,6472,53286,4.534,1,1,1,1,4.534
334,2,1,0,1,1,358992,358993,15.202,1,1,1,1,15.202
335,3,2,1,2,0.666666667,8305,116106,14.322,1,0.666666667,1,1,9.548
336,8,16,1,3,0.571428571,75739,70559,35.09,1,0.571428571,1,1,50.14625
337,2,1,0,1,1,108911,16363,0.591,1,1,1,1,0.591
338,6,6,3,4,0.4,50060,86374,29.499,1,0.4,1,1,18.93833333
339,22,87,7,10,0.376623377,471433,470793,131.887,1,0.376623377,1,1,455.9259091
340,3,2,1,2,0.666666667,344109,339681,13.752,1,0.666666667,1,1,9.168
341,3,2,1,2,0.666666667,125786,124716,15.604,1,0.666666667,1,1,10.40266667
342,8,28,0,1,1,208118,205356,58.311,7,1,7,7,205.32
343,4,3,2,3,0.5,13314,134205,5.849,1,0.5,1,1,2.9245
344,8,11,1,4,0.392857143,82270,37567,34.494,1,0.392857143,1,2,33.323
345,2,1,0,1,1,89428,74683,0.076,1,1,1,1,0.076
346,4,3,2,3,0.5,111243,6527,18.191,1,0.5,1,1,9.0955
347,12,29,3,4,0.439393939,84514,123784,106.562,1,0.439393939,1,1,175.253
348,2,1,0,1,1,447464,447463,5.306,1,1,1,1,5.306
349,2,1,0,1,1,61414,102785,11.139,1,1,1,1,11.139
350,2,1,0,1,1,341626,343406,1.682,1,1,1,1,1.682
351,4,4,1,2,0.666666667,146625,146022,5.393,1,0.666666667,1,2,6.887
352,2,1,0,1,1,355464,355652,4.169,1,1,1,1,4.169
353,26,74,6,12,0.227692308,129690,82356,51.104,1,0.227692308,1,1,81.74023077
354,5,4,2,4,0.4,349188,348940,19.319,1,0.4,1,1,7.8584
355,10,45,0,1,1,165132,163705,95.654,9,1,9,9,470.605
356,5,4,2,4,0.4,315186,316285,12.808,1,0.4,1,1,5.4592
357,18,24,10,12,0.156862745,89362,8104,26.548,1,0.156862745,1,1,12.84666667
358,6,6,2,4,0.4,72583,12256,10.292,1,0.4,1,1,9.348
359,18,53,5,6,0.346405229,105728,32057,57.766,1,0.346405229,1,7,134.1328889
360,4,6,0,1,1,318712,319316,40.141,3,1,3,3,73.9565
361,7,8,1,4,0.380952381,24156,53420,21.704,1,0.380952381,1,1,17.04914286
362,2,1,0,1,1,471020,470443,1.657,1,1,1,1,1.657
363,5,7,1,2,0.7,482609,482637,38.123,1,0.7,1,3,55.5796
364,5,4,3,4,0.4,350875,352347,7.252,1,0.4,1,1,2.9008
365,2,1,0,1,1,478055,477164,11.21,1,1,1,1,11.21
366,6,6,3,4,0.4,56121,124526,10.707,1,0.4,1,1,7.469333333
367,2,1,0,1,1,324764,323803,0.032,1,1,1,1,0.032
368,12,13,5,9,0.196969697,472586,473384,56.167,1,0.196969697,1,1,21.85716667
369,6,11,1,2,0.733333333,470223,469837,36.899,1,0.733333333,1,1,91.972
370,3,2,1,2,0.666666667,3092,533,0.875,1,0.666666667,1,1,0.583333333
371,16,106,1,2,0.883333333,469828,470435,251.492,1,0.883333333,1,14,1604.798
372,3,3,0,1,1,59584,141003,12.94,2,1,2,2,22.45466667
373,2,1,0,1,1,3431,1514,3.031,1,1,1,1,3.031
374,3,3,0,1,1,57305,5376,46.882,2,1,2,2,79.52866667
375,10,11,6,7,0.244444444,141679,17366,17.523,1,0.244444444,1,1,6.578
376,9,36,0,1,1,188384,191890,221.964,8,1,8,8,977.2668889
377,2,1,0,1,1,58332,112133,8.675,1,1,1,1,8.675
378,2,1,0,1,1,158035,158438,0.711,1,1,1,1,0.711
379,13,48,3,4,0.615384615,45905,135072,76.83,1,0.615384615,1,1,199.1033846
380,3,3,0,1,1,137104,54176,9.714,2,1,2,2,17.75666667
381,28,150,9,10,0.396825397,126658,116318,133.998,1,0.396825397,1,1,575.1662857
382,5,10,0,1,1,471796,470533,51.843,4,1,4,4,118.8848
383,6,6,3,4,0.4,96802,1986,37.693,1,0.4,1,1,30.66833333
384,2,1,0,1,1,234717,235881,7.465,1,1,1,1,7.465
385,4,3,2,3,0.5,367,5212,2.199,1,0.5,1,1,1.0995
386,5,7,1,2,0.7,323087,321812,27.069,1,0.7,1,1,48.67
387,6,8,2,3,0.533333333,60308,117184,24.707,1,0.533333333,1,1,25.25466667
388,16,93,2,3,0.775,481528,481476,73.407,1,0.775,1,13,431.739875
389,7,16,1,2,0.761904762,142650,142558,7.457,1,0.761904762,1,1,15.64314286
390,11,19,3,5,0.345454545,18344,107764,45.114,1,0.345454545,1,1,47.922
391,2,1,0,1,1,37333,101650,3.142,1,1,1,1,3.142
392,2,1,0,1,1,132017,60306,0.093,1,1,1,1,0.093
393,4,4,1,2,0.666666667,456173,456271,92.301,1,0.666666667,1,1,95.947
394,6,6,3,4,0.4,124574,18468,20.707,1,0.4,1,1,11.36266667
395,3,2,1,2,0.666666667,472743,473086,48.17,1,0.666666667,1,1,32.11333333
396,2,1,0,1,1,50167,103965,1.5,1,1,1,1,1.5
397,4,3,1,3,0.5,43863,53230,5.53,1,0.5,1,1,2.9205
398,2,1,0,1,1,84175,41610,0.032,1,1,1,1,0.032
399,3,2,1,2,0.666666667,119431,31280,0.986,1,0.666666667,1,1,0.657333333
400,2,1,0,1,1,10314,122554,0.269,1,1,1,1,0.269
401,2,1,0,1,1,72517,65402,0.17,1,1,1,1,0.17
402,2,1,0,1,1,62618,27246,13.447,1,1,1,1,13.447
403,13,22,7,8,0.282051282,143163,142961,24.559,1,0.282051282,1,1,33.03553846
404,4,3,2,3,0.5,461585,461344,10.542,1,0.5,1,1,5.271
405,23,52,9,11,0.205533597,210978,210366,132.062,1,0.205533597,1,1,164.4868696
406,10,45,0,1,1,112233,98876,48.688,9,1,9,9,250.8464
407,5,4,3,4,0.4,26994,80019,2.592,1,0.4,1,1,1.0368
408,2,1,0,1,1,461589,462034,1.953,1,1,1,1,1.953
409,3,3,0,1,1,142633,149036,33.34,2,1,2,2,47.35466667
410,10,31,1,2,0.688888889,463528,463543,252.944,2,0.688888889,2,2,422.3156
411,9,36,0,1,1,152329,152331,70.177,8,1,8,8,349.1851111
412,4,3,1,3,0.5,320906,320904,9.316,1,0.5,1,1,5.167
413,9,14,4,5,0.388888889,482219,482051,136.925,1,0.388888889,1,4,166.9633333
414,2,1,0,1,1,54101,72562,0.056,1,1,1,1,0.056
415,4,3,2,3,0.5,8382,8139,7.648,1,0.5,1,1,3.824
416,2,1,0,1,1,60298,48926,9.727,1,1,1,1,9.727
417,2,1,0,1,1,16306,80990,0.044,1,1,1,1,0.044
418,3,2,1,2,0.666666667,206702,211437,0.384,1,0.666666667,1,1,0.256
419,11,17,4,5,0.309090909,63444,135176,48.518,1,0.309090909,1,1,35.25145455
420,6,11,1,2,0.733333333,470593,471675,108.512,1,0.733333333,1,1,210.361
421,9,11,5,6,0.305555556,481775,481621,117.12,1,0.305555556,1,1,78.16155556
422,2,1,0,1,1,14272,12226,0.584,1,1,1,1,0.584
423,9,8,7,8,0.222222222,444231,446416,64.439,1,0.222222222,1,1,14.31977778
424,2,1,0,1,1,105968,36399,10.22,1,1,1,1,10.22
425,2,1,0,1,1,464751,464884,12.561,1,1,1,1,12.561
426,3,3,0,1,1,142819,142821,0.969,2,1,2,2,1.593333333
427,10,37,1,2,0.822222222,116388,58454,95.236,1,0.822222222,1,1,242.4292
428,4,6,0,1,1,84132,70529,8.379,3,1,3,3,20.369
429,2,1,0,1,1,119419,85348,11.417,1,1,1,1,11.417
430,2,1,0,1,1,201927,198212,8.367,1,1,1,1,8.367
431,17,44,6,9,0.323529412,7513,79912,60.438,1,0.323529412,1,1,116.4598824
432,2,1,0,1,1,456463,456685,8.86,1,1,1,1,8.86
433,3,2,1,2,0.666666667,459869,458361,0.267,1,0.666666667,1,1,0.178
434,6,8,2,3,0.533333333,62220,6085,14.972,1,0.533333333,1,1,25.24133333
435,6,5,2,5,0.333333333,116108,63381,14.098,1,0.333333333,1,1,5.313333333
436,27,48,14,17,0.136752137,8508,58134,61.314,1,0.136752137,1,1,42.73844444
437,6,11,1,2,0.733333333,24074,29208,42.171,1,0.733333333,1,4,88.90866667
438,6,8,2,3,0.533333333,154147,152360,57.621,1,0.533333333,1,3,70.43733333
439,2,1,0,1,1,13574,33406,13.293,1,1,1,1,13.293
440,9,10,4,6,0.277777778,481053,481293,55.572,1,0.277777778,1,1,30.41022222
441,2,1,0,1,1,99647,100625,1.164,1,1,1,1,1.164
442,3,2,1,2,0.666666667,2803,5498,0.438,1,0.666666667,1,1,0.292
443,7,7,4,5,0.333333333,471241,471238,35.442,1,0.333333333,1,1,20.154
444,2,1,0,1,1,236135,232646,1.121,1,1,1,1,1.121
445,2,1,0,1,1,481377,481498,6.026,1,1,1,1,6.026
446,2,1,0,1,1,355953,355962,2.766,1,1,1,1,2.766
447,2,1,0,1,1,153188,153484,0.821,1,1,1,1,0.821
448,12,40,2,3,0.606060606,474283,474044,170.247,1,0.606060606,1,1,630.1861667
449,2,1,0,1,1,21567,127968,2.866,1,1,1,1,2.866
450,17,28,9,10,0.205882353,223186,222534,43.137,1,0.205882353,1,1,23.93082353
451,3,2,1,2,0.666666667,88398,88387,1.823,1,0.666666667,1,1,1.215333333
452,8,8,2,6,0.285714286,96698,25001,8.62,1,0.285714286,1,1,4.454
453,3,2,1,2,0.666666667,142903,143007,21.621,1,0.666666667,1,1,14.414
454,2,1,0,1,1,1141,92707,0.107,1,1,1,1,0.107
455,12,14,4,9,0.212121212,8195,18337,19.186,1,0.212121212,1,1,9.526333333
456,2,1,0,1,1,469743,469496,0.426,1,1,1,1,0.426
457,5,4,3,4,0.4,357114,356821,15.982,1,0.4,1,1,6.3928
458,2,1,0,1,1,455981,456361,4.658,1,1,1,1,4.658
459,2,1,0,1,1,117301,72735,4.409,1,1,1,1,4.409
460,6,8,2,3,0.533333333,469598,469983,16.955,1,0.533333333,1,1,20.22366667
461,3,2,1,2,0.666666667,480588,481309,3.434,1,0.666666667,1,1,2.289333333
462,2,1,0,1,1,347720,345597,0.869,1,1,1,1,0.869
463,5,7,1,2,0.7,473050,473313,6.652,1,0.7,1,3,9.7644
464,2,1,0,1,1,16391,87416,1.047,1,1,1,1,1.047
465,6,11,1,2,0.733333333,46043,96838,55.732,1,0.733333333,1,1,108.0536667
466,14,25,5,6,0.274725275,482213,482397,96.075,1,0.274725275,1,1,93.75742857
467,2,1,0,1,1,426511,424034,1.678,1,1,1,1,1.678
468,5,4,2,4,0.4,131067,80975,7.179,1,0.4,1,1,3.3288
469,5,7,1,2,0.7,83255,136059,13.181,1,0.7,1,1,26.1152
470,3,2,1,2,0.666666667,8118,60178,7.701,1,0.666666667,1,1,5.134
471,2,1,0,1,1,3520,19439,1.353,1,1,1,1,1.353
472,3,2,1,2,0.666666667,214031,215031,1.493,1,0.666666667,1,1,0.995333333
473,3,2,1,2,0.666666667,205438,211342,2.852,1,0.666666667,1,1,1.901333333
474,12,27,2,5,0.409090909,3647,58249,41.788,1,0.409090909,1,1,77.39766667
475,2,1,0,1,1,351257,350580,0.431,1,1,1,1,0.431
476,18,46,7,9,0.300653595,472348,471645,99.397,1,0.300653595,1,1,180.2575556
477,2,1,0,1,1,457241,457242,1.22,1,1,1,1,1.22
478,6,8,2,3,0.533333333,470228,469800,180.352,1,0.533333333,1,1,238.9016667
479,3,2,1,2,0.666666667,441539,441544,1.05,1,0.666666667,1,1,0.7
480,6,11,1,2,0.733333333,32156,70570,17.07,1,0.733333333,1,1,34.762
481,2,1,0,1,1,456261,455797,17.275,1,1,1,1,17.275
482,2,1,0,1,1,66533,38417,0.241,1,1,1,1,0.241
483,3,2,1,2,0.666666667,198771,198759,2.273,1,0.666666667,1,1,1.515333333
484,9,14,3,4,0.388888889,314256,314463,107.651,1,0.388888889,1,1,110.6702222
485,2,1,0,1,1,39449,31050,3.09,1,1,1,1,3.09
486,7,6,3,6,0.285714286,219166,215105,4.686,1,0.285714286,1,1,1.461714286
487,2,1,0,1,1,90016,139705,1.769,1,1,1,1,1.769
488,3,2,1,2,0.666666667,42998,85465,30.542,1,0.666666667,1,1,20.36133333
489,6,7,2,3,0.466666667,125835,3362,24.083,1,0.466666667,1,1,19.84566667
490,7,12,2,3,0.571428571,482321,481878,27.355,1,0.571428571,1,1,58.076
491,2,1,0,1,1,223291,221213,6.235,1,1,1,1,6.235
492,3,2,1,2,0.666666667,2521,71691,4.721,1,0.666666667,1,1,3.147333333
493,3,2,1,2,0.666666667,40781,93785,1.041,1,0.666666667,1,1,0.694
494,8,10,4,5,0.357142857,66489,69546,21.841,1,0.357142857,1,1,15.41975
495,9,18,3,4,0.5,97796,103896,50.265,1,0.5,1,1,108.1562222
496,10,19,4,5,0.422222222,82062,101656,24.011,1,0.422222222,1,1,40.1866
497,2,1,0,1,1,142652,142947,0.923,1,1,1,1,0.923
498,2,1,0,1,1,210221,205395,0.053,1,1,1,1,0.053
499,3,2,1,2,0.666666667,116126,115010,3.385,1,0.666666667,1,1,2.256666667
500,10,30,2,3,0.666666667,456738,456772,88.121,1,0.666666667,1,7,265.6002
501,2,1,0,1,1,120318,98626,1.105,1,1,1,1,1.105
502,2,1,0,1,1,352463,354516,0.98,1,1,1,1,0.98
503,2,1,0,1,1,469977,470332,1.715,1,1,1,1,1.715
504,3,2,1,2,0.666666667,59243,69533,1.554,1,0.666666667,1,1,1.036
505,3,2,1,2,0.666666667,351771,353823,8.471,1,0.666666667,1,1,5.647333333
506,3,2,1,2,0.666666667,482702,482720,36.461,1,0.666666667,1,1,24.30733333
507,2,1,0,1,1,454004,453894,15.379,1,1,1,1,15.379
508,2,1,0,1,1,469967,469579,1.603,1,1,1,1,1.603
509,2,1,0,1,1,134668,1448,0.071,1,1,1,1,0.071
510,3,2,1,2,0.666666667,356061,356748,7.322,1,0.666666667,1,1,4.881333333
511,2,1,0,1,1,127858,110985,0.076,1,1,1,1,0.076
512,2,1,0,1,1,35237,52,3.205,1,1,1,1,3.205
513,2,1,0,1,1,200429,195306,1.488,1,1,1,1,1.488
514,2,1,0,1,1,447016,447078,13.962,1,1,1,1,13.962
515,2,1,0,1,1,482526,482234,0.719,1,1,1,1,0.719
516,5,4,3,4,0.4,472006,471607,10.124,1,0.4,1,1,4.0496
517,5,5,2,3,0.5,39617,132968,15.887,1,0.5,1,1,12.968
518,2,1,0,1,1,344770,346027,17.106,1,1,1,1,17.106
519,7,7,3,5,0.333333333,36224,97581,21.293,1,0.333333333,1,1,13.17142857
520,2,1,0,1,1,471492,471744,32.258,1,1,1,1,32.258
521,6,8,2,3,0.533333333,482722,482695,55.524,1,0.533333333,1,1,72.101
522,10,19,4,5,0.422222222,205609,204450,16.069,1,0.422222222,1,5,33.6088
523,3,2,1,2,0.666666667,12233,45716,0.62,1,0.666666667,1,1,0.413333333
524,5,4,3,4,0.4,45733,9428,5.942,1,0.4,1,1,2.3768
525,2,1,0,1,1,109929,132044,0.069,1,1,1,1,0.069
526,3,2,1,2,0.666666667,206593,203154,4.193,1,0.666666667,1,1,2.795333333
527,7,16,1,2,0.761904762,483099,482874,152.876,1,0.761904762,1,5,298.0988571
528,3,3,0,1,1,470797,471589,13.937,2,1,2,2,21.31866667
529,6,6,3,4,0.4,356410,356982,11.709,1,0.4,1,1,9.568666667
530,2,1,0,1,1,206616,210240,0.137,1,1,1,1,0.137
531,2,1,0,1,1,86553,80282,11.193,1,1,1,1,11.193
532,2,1,0,1,1,79033,56147,0.109,1,1,1,1,0.109
533,4,3,2,3,0.5,342610,338022,22.564,1,0.5,1,1,11.282
534,5,4,2,4,0.4,8439,7761,9.678,1,0.4,1,1,3.922
535,4,6,0,1,1,142442,142553,17.245,3,1,3,3,30.8535
536,10,19,3,5,0.422222222,87465,135064,52.073,1,0.422222222,1,1,86.7144
537,4,3,2,3,0.5,351028,349708,20.543,1,0.5,1,1,10.2715
538,2,1,0,1,1,77786,99593,4.329,1,1,1,1,4.329
539,2,1,0,1,1,473697,473700,44.9,1,1,1,1,44.9
540,2,1,0,1,1,50242,63703,12.822,1,1,1,1,12.822
541,6,11,1,2,0.733333333,482014,482307,84.851,1,0.733333333,1,1,149.353
542,2,1,0,1,1,199425,193118,0.725,1,1,1,1,0.725
543,5,5,2,3,0.5,460958,461435,13.048,1,0.5,1,1,7.0316
544,10,37,1,2,0.822222222,470088,470256,152.093,1,0.822222222,1,8,598.4894
545,7,8,3,4,0.380952381,480712,481075,109.011,1,0.380952381,1,1,52.82314286
546,2,1,0,1,1,120595,49138,18.827,1,1,1,1,18.827
547,5,7,1,2,0.7,40475,7765,70.464,1,0.7,1,1,118.0468
548,2,1,0,1,1,77880,120374,0.72,1,1,1,1,0.72
549,2,1,0,1,1,378432,378437,121.163,1,1,1,1,121.163
550,5,4,3,4,0.4,350898,351623,2.989,1,0.4,1,1,1.1956
551,4,3,2,3,0.5,353822,350357,12.095,1,0.5,1,1,6.0475
552,2,1,0,1,1,233549,235846,0.065,1,1,1,1,0.065
553,4,3,2,3,0.5,103754,52066,3.79,1,0.5,1,1,1.895
554,3,3,0,1,1,125905,132795,15.704,2,1,2,2,25.75
555,2,1,0,1,1,146628,145394,2.185,1,1,1,1,2.185
556,3,2,1,2,0.666666667,37582,93782,1.647,1,0.666666667,1,1,1.098
557,3,2,1,2,0.666666667,53033,114936,4.163,1,0.666666667,1,1,2.775333333
558,3,2,1,2,0.666666667,8304,18413,8.117,1,0.666666667,1,1,5.411333333
559,7,9,1,4,0.428571429,15299,131063,10.419,1,0.428571429,1,1,7.910571429
560,3,2,1,2,0.666666667,105885,10264,19.449,1,0.666666667,1,1,12.966
561,2,1,0,1,1,253168,251722,3.927,1,1,1,1,3.927
562,2,1,0,1,1,235352,234757,1.091,1,1,1,1,1.091
563,2,1,0,1,1,472133,471224,1.767,1,1,1,1,1.767
564,2,1,0,1,1,310579,309194,6.056,1,1,1,1,6.056
565,6,8,2,3,0.533333333,66672,25026,40.958,1,0.533333333,1,1,52.81533333
566,2,1,0,1,1,16613,85502,14.916,1,1,1,1,14.916
567,2,1,0,1,1,459876,459442,0.46,1,1,1,1,0.46
568,2,1,0,1,1,141969,142049,1.707,1,1,1,1,1.707
569,3,2,1,2,0.666666667,15522,2676,8.636,1,0.666666667,1,1,5.757333333
570,6,6,2,4,0.4,111081,38527,21.07,1,0.4,1,1,10.19766667
571,2,1,0,1,1,206550,206667,13.479,1,1,1,1,13.479
572,2,1,0,1,1,51462,69026,0.3,1,1,1,1,0.3
573,6,11,1,2,0.733333333,60402,28067,32.908,1,0.733333333,1,4,68.76133333
574,3,3,0,1,1,112123,2638,6.129,2,1,2,2,10.572
575,4,4,1,2,0.666666667,26029,42826,4.352,1,0.666666667,1,1,4.3215
576,6,6,2,4,0.4,142371,142290,12.782,1,0.4,1,1,10.75
577,3,2,1,2,0.666666667,340803,338147,11.253,1,0.666666667,1,1,7.502
578,2,1,0,1,1,77029,55327,0.95,1,1,1,1,0.95
579,2,1,0,1,1,469530,470396,38.055,1,1,1,1,38.055
580,2,1,0,1,1,452848,452754,2.055,1,1,1,1,2.055
581,6,11,1,2,0.733333333,70678,61399,15.856,1,0.733333333,1,4,31.83766667
582,7,16,1,2,0.761904762,144704,148971,33.566,1,0.761904762,1,5,92.13228571
583,2,1,0,1,1,468524,468302,0.317,1,1,1,1,0.317
584,5,5,1,3,0.5,482130,481961,33.119,1,0.5,1,1,18.0712
585,3,2,1,2,0.666666667,112034,786,2.09,1,0.666666667,1,1,1.393333333
586,3,2,1,2,0.666666667,325837,325836,19.874,1,0.666666667,1,1,13.24933333
587,3,3,0,1,1,154407,152395,21.44,2,1,2,2,32.944
588,6,9,1,2,0.6,72790,26122,17.86,2,0.6,2,3,24.70066667
589,3,3,0,1,1,83,127,39.326,2,1,2,2,63.17933333
590,3,2,1,2,0.666666667,40878,63715,18.163,1,0.666666667,1,1,12.10866667
591,6,5,3,5,0.333333333,67746,95776,6.001,1,0.333333333,1,1,2.772
592,2,1,0,1,1,161575,165186,0.063,1,1,1,1,0.063
593,7,9,3,4,0.428571429,144734,149008,4.111,1,0.428571429,1,1,2.691428571
594,3,2,1,2,0.666666667,315742,315579,0.815,1,0.666666667,1,1,0.543333333
595,13,22,6,8,0.282051282,91438,64387,16.701,1,0.282051282,1,1,19.73030769
596,2,1,0,1,1,246,8132,4.974,1,1,1,1,4.974
597,3,2,1,2,0.666666667,352431,353725,6.122,1,0.666666667,1,1,4.081333333
598,2,1,0,1,1,8275,63369,0.822,1,1,1,1,0.822
599,3,3,0,1,1,69859,89720,80.924,2,1,2,2,120.6913333
600,2,1,0,1,1,15446,132975,3.104,1,1,1,1,3.104
601,2,1,0,1,1,480644,481016,19.893,1,1,1,1,19.893
602,3,2,1,2,0.666666667,211861,208206,9.163,1,0.666666667,1,1,6.108666667
603,2,1,0,1,1,233714,233727,0.116,1,1,1,1,0.116
604,8,17,2,3,0.607142857,471511,471526,22.219,1,0.607142857,1,5,51.8125
605,2,1,0,1,1,90879,93992,0.374,1,1,1,1,0.374
606,2,1,0,1,1,89363,640,0.162,1,1,1,1,0.162
607,4,6,0,1,1,76782,103700,17.337,3,1,3,3,36.222
608,3,3,0,1,1,3424,10332,9.198,2,1,2,2,13.65066667
609,2,1,0,1,1,331840,330479,4.28,1,1,1,1,4.28
610,2,1,0,1,1,440533,441488,3.19,1,1,1,1,3.19
611,3,2,1,2,0.666666667,474945,476037,1.13,1,0.666666667,1,1,0.753333333
612,2,1,0,1,1,470526,472078,1.128,1,1,1,1,1.128
613,3,3,0,1,1,472982,472868,12.349,2,1,2,2,17.46333333
614,2,1,0,1,1,141926,142081,4.893,1,1,1,1,4.893
615,3,2,1,2,0.666666667,59304,116151,0.183,1,0.666666667,1,1,0.122
616,3,2,1,2,0.666666667,133077,128895,2.464,1,0.666666667,1,1,1.642666667
617,2,1,0,1,1,483389,483334,96.151,1,1,1,1,96.151
618,4,6,0,1,1,356678,355567,2.518,3,1,3,3,5.8145
619,2,1,0,1,1,14279,79961,0.079,1,1,1,1,0.079
620,2,1,0,1,1,7291,56155,0.915,1,1,1,1,0.915
621,8,9,4,5,0.321428571,23834,19512,20.32,1,0.321428571,1,1,12.80725
622,2,1,0,1,1,66659,59427,15.235,1,1,1,1,15.235
623,2,1,0,1,1,189997,186710,0.085,1,1,1,1,0.085
624,2,1,0,1,1,109958,54169,1.732,1,1,1,1,1.732
625,3,3,0,1,1,27099,54290,160.295,2,1,2,2,242.8453333
626,5,5,2,3,0.5,42683,60254,13.17,1,0.5,1,1,9.3228
627,6,15,0,1,1,233999,235704,22.503,5,1,5,5,69.937
628,2,1,0,1,1,193744,200071,0.239,1,1,1,1,0.239
629,2,1,0,1,1,201404,200182,0.483,1,1,1,1,0.483
630,3,2,1,2,0.666666667,143118,142552,2.647,1,0.666666667,1,1,1.764666667
631,3,3,0,1,1,102929,129709,8.739,2,1,2,2,15.86066667
632,17,26,9,10,0.191176471,2636,16535,81.006,1,0.191176471,1,1,30.80623529
633,5,4,2,4,0.4,202614,194339,2.031,1,0.4,1,1,0.89
634,3,3,0,1,1,195039,193753,13.826,2,1,2,2,23.15733333
635,3,2,1,2,0.666666667,198105,193678,7.038,1,0.666666667,1,1,4.692
636,4,4,1,2,0.666666667,14561,61504,50.936,1,0.666666667,1,1,53.9645
637,2,1,0,1,1,463056,463212,1.875,1,1,1,1,1.875
638,4,4,1,2,0.666666667,85485,123770,40.83,1,0.666666667,1,1,47.224
639,5,7,1,2,0.7,96521,41547,13.841,1,0.7,1,1,23.142
640,3,2,1,2,0.666666667,128971,53059,0.145,1,0.666666667,1,1,0.096666667
641,2,1,0,1,1,472105,471837,0.833,1,1,1,1,0.833
642,2,1,0,1,1,481694,481546,0.156,1,1,1,1,0.156
643,8,11,3,4,0.392857143,451824,450809,131.468,1,0.392857143,1,1,116.3755
644,2,1,0,1,1,210211,205380,0.627,1,1,1,1,0.627
645,2,1,0,1,1,249924,252681,8.559,1,1,1,1,8.559
646,2,1,0,1,1,82349,70855,0.222,1,1,1,1,0.222
647,2,1,0,1,1,87309,122423,6.752,1,1,1,1,6.752
648,5,4,3,4,0.4,456792,456794,65.593,1,0.4,1,1,26.2372
649,2,1,0,1,1,51148,70774,15.729,1,1,1,1,15.729
650,2,1,0,1,1,343221,344116,1.96,1,1,1,1,1.96
651,5,7,1,2,0.7,43948,136915,7.702,1,0.7,1,1,10.316
652,4,3,2,3,0.5,480833,480969,36.971,1,0.5,1,1,18.4855
653,6,6,2,4,0.4,38596,130808,58.024,1,0.4,1,1,44.52833333
654,4,6,0,1,1,472335,471803,8.034,3,1,3,3,17.3295
655,2,1,0,1,1,469888,469971,80.039,1,1,1,1,80.039
656,3,2,1,2,0.666666667,208299,210688,0.981,1,0.666666667,1,1,0.654
657,2,1,0,1,1,644,1069,0.553,1,1,1,1,0.553
658,2,1,0,1,1,35207,101640,2.377,1,1,1,1,2.377
659,3,3,0,1,1,483316,483241,39.116,2,1,2,2,54.40066667
660,6,8,1,3,0.533333333,469832,469585,15.816,1,0.533333333,1,1,18.23
661,6,6,3,4,0.4,94608,107896,3.097,1,0.4,1,1,2.566333333
662,4,3,2,3,0.5,202276,193457,6.153,1,0.5,1,1,3.0765
663,2,1,0,1,1,114046,40595,0.617,1,1,1,1,0.617
664,2,1,0,1,1,99697,472,1.476,1,1,1,1,1.476
665,5,7,1,2,0.7,445809,445012,144.013,1,0.7,1,1,124.9624
666,4,3,2,3,0.5,62435,3156,29.351,1,0.5,1,1,14.6755
667,3,3,0,1,1,30327,59574,26.96,2,1,2,2,42.72933333
668,3,3,0,1,1,126251,40161,23.525,2,1,2,2,35.37266667
669,2,1,0,1,1,461301,461300,0.506,1,1,1,1,0.506
670,2,1,0,1,1,129711,85481,0.916,1,1,1,1,0.916
671,3,3,0,1,1,67591,55172,2.529,2,1,2,2,3.916666667
672,4,3,2,3,0.5,7568,44701,5.717,1,0.5,1,1,2.8585
673,6,15,0,1,1,470444,471230,53.188,5,1,5,5,165.295
674,2,1,0,1,1,469740,469732,12.054,1,1,1,1,12.054
675,2,1,0,1,1,61388,139153,11.626,1,1,1,1,11.626
676,4,4,1,2,0.666666667,456519,456651,22.647,1,0.666666667,1,1,26.2135
677,3,2,1,2,0.666666667,284,8267,7.026,1,0.666666667,1,1,4.684
678,3,2,1,2,0.666666667,70858,49165,16.394,1,0.666666667,1,1,10.92933333
679,2,1,0,1,1,127924,125589,3.844,1,1,1,1,3.844
680,3,2,1,2,0.666666667,219964,212845,1.192,1,0.666666667,1,1,0.794666667
681,7,6,4,6,0.285714286,472716,472831,2.508,1,0.285714286,1,1,0.814857143
682,2,1,0,1,1,450208,450316,22.264,1,1,1,1,22.264
683,2,1,0,1,1,451619,451621,0.043,1,1,1,1,0.043
684,3,3,0,1,1,471710,470692,22.897,2,1,2,2,39.73133333
685,5,4,3,4,0.4,148399,147230,7.42,1,0.4,1,1,2.968
686,3,2,1,2,0.666666667,89733,40852,16.417,1,0.666666667,1,1,10.94466667
687,2,1,0,1,1,203958,208660,1.069,1,1,1,1,1.069
688,3,3,0,1,1,137635,112613,1.959,2,1,2,2,2.732
689,2,1,0,1,1,315773,313902,0.517,1,1,1,1,0.517
690,2,1,0,1,1,470366,470245,7.679,1,1,1,1,7.679
691,3,2,1,2,0.666666667,72568,1962,0.743,1,0.666666667,1,1,0.495333333
692,4,3,2,3,0.5,11271,37377,1.386,1,0.5,1,1,0.693
693,3,2,1,2,0.666666667,471009,471525,14.371,1,0.666666667,1,1,9.580666667
694,2,1,0,1,1,481649,481650,0.192,1,1,1,1,0.192
695,2,1,0,1,1,200210,198882,0.906,1,1,1,1,0.906
696,3,2,1,2,0.666666667,481199,480611,14.549,1,0.666666667,1,1,9.699333333
697,2,1,0,1,1,245043,246462,13.882,1,1,1,1,13.882
698,2,1,0,1,1,18494,49955,6.646,1,1,1,1,6.646
699,2,1,0,1,1,202552,197540,4.382,1,1,1,1,4.382
700,2,1,0,1,1,455290,455204,11.067,1,1,1,1,11.067
701,4,3,2,3,0.5,441153,441987,21.723,1,0.5,1,1,10.8615
702,4,3,2,3,0.5,466,113903,2.156,1,0.5,1,1,1.078
703,2,1,0,1,1,214896,219933,3.936,1,1,1,1,3.936
704,5,7,1,2,0.7,203962,212149,4.757,1,0.7,1,3,7.0916
705,9,23,2,3,0.638888889,52001,134186,17.056,1,0.638888889,1,1,45.46711111
706,2,1,0,1,1,130819,3343,3.702,1,1,1,1,3.702
707,3,3,0,1,1,472697,472580,43.659,2,1,2,2,67.374
708,3,3,0,1,1,232181,234576,7.457,2,1,2,2,11.44733333
709,2,1,0,1,1,100707,94633,34.18,1,1,1,1,34.18
710,4,4,1,2,0.666666667,36393,21785,23.579,1,0.666666667,1,1,25.083
711,4,4,1,2,0.666666667,105044,63692,34.929,1,0.666666667,1,1,44.146
712,3,2,1,2,0.666666667,467387,467379,24.293,1,0.666666667,1,1,16.19533333
713,2,1,0,1,1,58434,85422,0.083,1,1,1,1,0.083
714,2,1,0,1,1,38326,7622,3.909,1,1,1,1,3.909
715,2,1,0,1,1,207759,205355,3.007,1,1,1,1,3.007
716,2,1,0,1,1,457484,457560,8.352,1,1,1,1,8.352
717,2,1,0,1,1,76044,68785,0.271,1,1,1,1,0.271
718,2,1,0,1,1,48818,31010,23.339,1,1,1,1,23.339
719,2,1,0,1,1,313943,314362,28.752,1,1,1,1,28.752
720,2,1,0,1,1,22949,105970,18.369,1,1,1,1,18.369
721,5,10,0,1,1,142833,142940,20.939,4,1,4,4,54.2828
722,3,3,0,1,1,469761,470091,122.056,2,1,2,2,172.028
723,2,1,0,1,1,207753,208985,2.264,1,1,1,1,2.264
724,2,1,0,1,1,39510,87391,0.379,1,1,1,1,0.379
725,3,2,1,2,0.666666667,88103,55898,0.811,1,0.666666667,1,1,0.540666667
726,2,1,0,1,1,473404,473291,16.376,1,1,1,1,16.376
727,3,3,0,1,1,447784,447792,108.175,2,1,2,2,187.838
728,4,6,0,1,1,456260,456176,103.612,3,1,3,3,185.364
729,2,1,0,1,1,7599,8342,33.143,1,1,1,1,33.143
730,2,1,0,1,1,142526,142905,12.636,1,1,1,1,12.636
731,7,7,3,5,0.333333333,111972,11228,5.697,1,0.333333333,1,1,2.805714286
732,2,1,0,1,1,458455,459596,0.097,1,1,1,1,0.097
733,3,2,1,2,0.666666667,100570,34097,5.175,1,0.666666667,1,1,3.45
734,2,1,0,1,1,54100,53092,0.074,1,1,1,1,0.074
735,2,1,0,1,1,131856,39695,1.128,1,1,1,1,1.128
736,2,1,0,1,1,473877,473593,17.03,1,1,1,1,17.03
737,2,1,0,1,1,21614,108856,5.555,1,1,1,1,5.555
738,2,1,0,1,1,31345,38610,0.395,1,1,1,1,0.395
739,2,1,0,1,1,481856,481789,8.26,1,1,1,1,8.26
740,2,1,0,1,1,441593,441595,2.093,1,1,1,1,2.093
741,2,1,0,1,1,356879,356528,2.018,1,1,1,1,2.018
742,2,1,0,1,1,364641,363664,8.621,1,1,1,1,8.621
743,2,1,0,1,1,276778,70238,18.456,1,1,1,1,18.456
744,2,1,0,1,1,11264,51002,0.608,1,1,1,1,0.608
745,3,2,1,2,0.666666667,96560,19485,4.796,1,0.666666667,1,1,3.197333333
746,2,1,0,1,1,1658,17,0.234,1,1,1,1,0.234
747,2,1,0,1,1,461494,461224,0.3,1,1,1,1,0.3
748,3,3,0,1,1,480737,481435,15.07,2,1,2,2,21.36066667
749,2,1,0,1,1,459419,460508,1.781,1,1,1,1,1.781
750,6,6,2,4,0.4,7652,8138,60.79,1,0.4,1,1,26.88666667
751,2,1,0,1,1,361209,361475,0.851,1,1,1,1,0.851
752,7,12,2,3,0.571428571,128799,137029,45.57,1,0.571428571,1,1,77.96371429
753,3,2,1,2,0.666666667,25144,70837,4.379,1,0.666666667,1,1,2.919333333
754,4,6,0,1,1,457516,457592,62.866,3,1,3,3,122.6675
755,3,3,0,1,1,49890,7963,2.554,2,1,2,2,3.541333333
756,3,3,0,1,1,344174,343305,3.053,2,1,2,2,4.425333333
757,2,1,0,1,1,482265,482018,5.427,1,1,1,1,5.427
758,4,4,1,2,0.666666667,141107,101895,21.555,1,0.666666667,1,1,28.183
759,2,1,0,1,1,121310,120236,1.065,1,1,1,1,1.065
760,5,4,3,4,0.4,322949,322457,9.555,1,0.4,1,1,3.822
761,8,7,5,7,0.25,25898,135226,6.264,1,0.25,1,1,1.6885
762,5,4,3,4,0.4,473306,472625,21.947,1,0.4,1,1,8.7788
763,2,1,0,1,1,193856,200220,0.256,1,1,1,1,0.256
764,6,6,2,4,0.4,482328,482331,26.623,1,0.4,1,1,16.60166667
765,3,2,1,2,0.666666667,149805,150175,20.715,1,0.666666667,1,1,13.81
766,5,10,0,1,1,144794,144210,20.547,4,1,4,4,49.9004
767,2,1,0,1,1,196034,201281,29.281,1,1,1,1,29.281
768,2,1,0,1,1,474258,474127,1.526,1,1,1,1,1.526
769,2,1,0,1,1,444995,445014,52.228,1,1,1,1,52.228
770,2,1,0,1,1,116109,60209,1.987,1,1,1,1,1.987
771,3,2,1,2,0.666666667,7775,16263,15.59,1,0.666666667,1,1,10.39333333
772,7,9,3,4,0.428571429,472832,472943,85.709,1,0.428571429,1,1,85.09857143
773,2,1,0,1,1,457671,459066,6.36,1,1,1,1,6.36
774,4,3,2,3,0.5,440610,442895,2.541,1,0.5,1,1,1.2705
775,3,3,0,1,1,445473,443556,81.704,2,1,2,2,122.48
776,3,2,1,2,0.666666667,351312,352060,17.336,1,0.666666667,1,1,11.55733333
777,2,1,0,1,1,247191,246582,5.399,1,1,1,1,5.399
778,2,1,0,1,1,109952,79041,0.111,1,1,1,1,0.111
779,2,1,0,1,1,104752,46763,0.239,1,1,1,1,0.239
780,2,1,0,1,1,473193,473406,52.211,1,1,1,1,52.211
781,7,6,4,6,0.285714286,141966,142353,6.025,1,0.285714286,1,1,1.897714286
782,3,2,1,2,0.666666667,21869,98889,2.128,1,0.666666667,1,1,1.418666667
783,3,3,0,1,1,50238,106102,28.807,2,1,2,2,40.02133333
784,2,1,0,1,1,107818,22739,0.255,1,1,1,1,0.255
785,2,1,0,1,1,314991,316104,0.123,1,1,1,1,0.123
786,3,2,1,2,0.666666667,31153,2384,9.155,1,0.666666667,1,1,6.103333333
787,2,1,0,1,1,133388,30806,2.44,1,1,1,1,2.44
788,2,1,0,1,1,83375,29204,0.139,1,1,1,1,0.139
789,2,1,0,1,1,88360,69517,6.46,1,1,1,1,6.46
790,2,1,0,1,1,40474,7518,6.247,1,1,1,1,6.247
791,2,1,0,1,1,157527,160072,0.051,1,1,1,1,0.051
792,3,2,1,2,0.666666667,47067,70889,2.724,1,0.666666667,1,1,1.816
793,2,1,0,1,1,339028,340652,0.073,1,1,1,1,0.073
794,2,1,0,1,1,258038,257990,2.423,1,1,1,1,2.423
795,3,2,1,2,0.666666667,481453,480620,4.11,1,0.666666667,1,1,2.74
796,3,3,0,1,1,84350,18579,26.461,2,1,2,2,43.124
797,3,2,1,2,0.666666667,41777,89559,1.874,1,0.666666667,1,1,1.249333333
798,2,1,0,1,1,141306,73601,2.156,1,1,1,1,2.156
799,3,3,0,1,1,472948,472728,126.553,2,1,2,2,181.5606667
800,5,4,3,4,0.4,197535,202578,0.818,1,0.4,1,1,0.3272
801,2,1,0,1,1,44800,36279,0.488,1,1,1,1,0.488
802,2,1,0,1,1,61403,28036,11.037,1,1,1,1,11.037
803,3,2,1,2,0.666666667,206692,210332,3.885,1,0.666666667,1,1,2.59
804,3,2,1,2,0.666666667,340630,340629,1.596,1,0.666666667,1,1,1.064
805,2,1,0,1,1,471745,472029,0.729,1,1,1,1,0.729
806,2,1,0,1,1,86177,133180,9.757,1,1,1,1,9.757
807,2,1,0,1,1,458711,460214,6.88,1,1,1,1,6.88
808,3,3,0,1,1,443088,442720,133.019,2,1,2,2,198.9953333
809,3,2,1,2,0.666666667,451104,451110,4.131,1,0.666666667,1,1,2.754
810,3,2,1,2,0.666666667,318504,318323,8.906,1,0.666666667,1,1,5.937333333
811,2,1,0,1,1,104729,79956,0.903,1,1,1,1,0.903
812,2,1,0,1,1,257984,257983,1.521,1,1,1,1,1.521
813,2,1,0,1,1,482777,483225,0.139,1,1,1,1,0.139
814,4,4,1,2,0.666666667,131110,61198,3.748,1,0.666666667,1,1,3.7015
815,3,3,0,1,1,471836,471828,8.537,2,1,2,2,13.96533333
816,2,1,0,1,1,222764,222763,4.367,1,1,1,1,4.367
817,2,1,0,1,1,60272,74732,1.742,1,1,1,1,1.742
818,2,1,0,1,1,232949,233564,0.015,1,1,1,1,0.015
819,3,2,1,2,0.666666667,912,122607,23.394,1,0.666666667,1,1,15.596
820,3,3,0,1,1,472016,470451,20.126,2,1,2,2,31.408
821,5,7,1,2,0.7,482137,482284,34.497,1,0.7,1,1,56.7628
822,2,1,0,1,1,86236,89413,3.353,1,1,1,1,3.353
823,2,1,0,1,1,257939,14563,0.709,1,1,1,1,0.709
824,2,1,0,1,1,199749,194693,0.205,1,1,1,1,0.205
825,2,1,0,1,1,120540,128717,1.61,1,1,1,1,1.61
826,3,3,0,1,1,143048,142755,6.596,2,1,2,2,10.31066667
827,5,4,3,4,0.4,50957,41616,1.55,1,0.4,1,1,0.62
828,3,2,1,2,0.666666667,21565,49845,3.341,1,0.666666667,1,1,2.227333333
829,3,2,1,2,0.666666667,111128,122612,1.11,1,0.666666667,1,1,0.74
830,2,1,0,1,1,356286,355207,0.234,1,1,1,1,0.234
831,4,4,1,2,0.666666667,142428,142704,30.533,1,0.666666667,1,2,33.244
832,3,2,1,2,0.666666667,141645,59253,8.561,1,0.666666667,1,1,5.707333333
833,3,2,1,2,0.666666667,7741,44682,17.753,1,0.666666667,1,1,11.83533333
834,2,1,0,1,1,450109,450153,0.544,1,1,1,1,0.544
835,2,1,0,1,1,472050,470497,21.38,1,1,1,1,21.38
836,2,1,0,1,1,456767,456791,9.233,1,1,1,1,9.233
837,2,1,0,1,1,456091,455696,0.474,1,1,1,1,0.474
838,2,1,0,1,1,473078,473427,39.005,1,1,1,1,39.005
839,2,1,0,1,1,442014,441093,5.87,1,1,1,1,5.87
840,2,1,0,1,1,357764,358288,5.703,1,1,1,1,5.703
841,2,1,0,1,1,313655,312880,0.274,1,1,1,1,0.274
842,2,1,0,1,1,9347,106891,0.154,1,1,1,1,0.154
843,6,9,1,2,0.6,41629,59250,25.463,2,0.6,2,2,30.15266667
844,2,1,0,1,1,135083,98778,8.56,1,1,1,1,8.56
845,2,1,0,1,1,84370,33293,7.869,1,1,1,1,7.869
846,2,1,0,1,1,114110,91578,2.071,1,1,1,1,2.071
847,2,1,0,1,1,1153,32385,1.354,1,1,1,1,1.354
848,2,1,0,1,1,52062,45795,0.201,1,1,1,1,0.201
849,2,1,0,1,1,52010,92467,2.378,1,1,1,1,2.378
850,2,1,0,1,1,249996,249993,0.063,1,1,1,1,0.063
851,4,3,2,3,0.5,4381,2432,28.531,1,0.5,1,1,14.2655
852,2,1,0,1,1,104692,141350,0.837,1,1,1,1,0.837
853,4,3,2,3,0.5,319321,319324,1.081,1,0.5,1,1,0.5405
854,2,1,0,1,1,470357,470113,1.653,1,1,1,1,1.653
855,3,3,0,1,1,31373,68781,51.817,2,1,2,2,82.902
856,2,1,0,1,1,254,23966,8.125,1,1,1,1,8.125
857,2,1,0,1,1,79219,3167,23.265,1,1,1,1,23.265
858,6,6,3,4,0.4,90223,93327,4.129,1,0.4,1,1,2.199666667
859,2,1,0,1,1,441928,441929,0.461,1,1,1,1,0.461
860,2,1,0,1,1,461719,461174,0.898,1,1,1,1,0.898
861,2,1,0,1,1,470994,471243,4.746,1,1,1,1,4.746
862,2,1,0,1,1,477979,476934,18.62,1,1,1,1,18.62
863,2,1,0,1,1,146644,148445,4.764,1,1,1,1,4.764
864,2,1,0,1,1,475222,475216,4.621,1,1,1,1,4.621
865,3,2,1,2,0.666666667,353635,353621,1.179,1,0.666666667,1,1,0.786
866,2,1,0,1,1,340643,338163,18.523,1,1,1,1,18.523
867,2,1,0,1,1,349790,353324,2.828,1,1,1,1,2.828
868,2,1,0,1,1,146642,145455,0.184,1,1,1,1,0.184
869,2,1,0,1,1,197640,196345,0.208,1,1,1,1,0.208
870,2,1,0,1,1,456566,456628,2.268,1,1,1,1,2.268
871,2,1,0,1,1,71570,74681,3.768,1,1,1,1,3.768
872,2,1,0,1,1,466671,467297,2.566,1,1,1,1,2.566
873,3,2,1,2,0.666666667,231648,235760,1.791,1,0.666666667,1,1,1.194
874,2,1,0,1,1,37505,4355,3.433,1,1,1,1,3.433
875,2,1,0,1,1,203143,204275,0.463,1,1,1,1,0.463
876,2,1,0,1,1,469712,469580,12.692,1,1,1,1,12.692
877,2,1,0,1,1,460860,461571,21.594,1,1,1,1,21.594
878,2,1,0,1,1,1358,53338,3.014,1,1,1,1,3.014
879,2,1,0,1,1,449960,450058,0.07,1,1,1,1,0.07
880,2,1,0,1,1,60211,44761,1.814,1,1,1,1,1.814
881,3,2,1,2,0.666666667,35178,71544,5.438,1,0.666666667,1,1,3.625333333
882,2,1,0,1,1,27886,131060,6.188,1,1,1,1,6.188
883,3,2,1,2,0.666666667,14282,102663,0.496,1,0.666666667,1,1,0.330666667
884,2,1,0,1,1,216002,216003,3.983,1,1,1,1,3.983
885,2,1,0,1,1,163034,161583,0.077,1,1,1,1,0.077
886,2,1,0,1,1,4818,78007,7.591,1,1,1,1,7.591
887,2,1,0,1,1,470982,472011,0.649,1,1,1,1,0.649
888,2,1,0,1,1,423544,425485,5.431,1,1,1,1,5.431
889,2,1,0,1,1,65521,83192,0.381,1,1,1,1,0.381
890,2,1,0,1,1,73103,132595,0.097,1,1,1,1,0.097
891,2,1,0,1,1,1023,43663,2.378,1,1,1,1,2.378
892,2,1,0,1,1,344253,339916,4.121,1,1,1,1,4.121
893,2,1,0,1,1,473826,473967,0.521,1,1,1,1,0.521
894,2,1,0,1,1,15372,118224,11.027,1,1,1,1,11.027
895,2,1,0,1,1,230597,225508,1.077,1,1,1,1,1.077
896,2,1,0,1,1,476573,475757,27.72,1,1,1,1,27.72
897,2,1,0,1,1,34211,116162,4.123,1,1,1,1,4.123
898,2,1,0,1,1,480826,480973,6.944,1,1,1,1,6.944
