"","net_id","GAP12_ctr","GAP123_ctr","GAP12_80pct","GAP123_80pct","net_lakes_n","GAP12_ctr_pct","GAP123_ctr_pct","GAP12_80pct_pct","GAP123_80pct_pct","WSA9"
"1","1",2493,4961,1406,4530,32811,0.0759806162567432,0.151199292920057,0.0428514827344488,0.138063454329341,"NPL"
"2","10",141,312,317,421,2659,0.0530274539300489,0.117337344866491,0.119217751034223,0.158330199323054,"NAP"
"3","100",2,3,1,2,249,0.00803212851405622,0.0120481927710843,0.00401606425702811,0.00803212851405622,"CPL"
"4","101",0,0,0,0,2,0,0,0,0,"WMT"
"5","102",1,2,1,2,72,0.0138888888888889,0.0277777777777778,0.0138888888888889,0.0277777777777778,"NAP"
"6","103",1,1,0,2,27,0.037037037037037,0.037037037037037,0,0.0740740740740741,"CPL"
"7","104",1,2,0,0,17,0.0588235294117647,0.117647058823529,0,0,"TPL"
"8","105",2,8,2,4,36,0.0555555555555556,0.222222222222222,0.0555555555555556,0.111111111111111,"CPL"
"9","106",1,8,0,3,15,0.0666666666666667,0.533333333333333,0,0.2,"XER"
"10","107",0,1,0,0,4,0,0.25,0,0,"CPL"
"11","108",5,5,0,4,5,1,1,0,0.8,"XER"
"12","109",35,37,35,37,52,0.673076923076923,0.711538461538462,0.673076923076923,0.711538461538462,"WMT"
"13","11",129,180,25,33,754,0.171087533156499,0.238726790450928,0.0331564986737401,0.0437665782493369,"UMW"
"14","110",6,22,0,0,142,0.0422535211267606,0.154929577464789,0,0,"UMW"
"15","111",1,1,3,3,18,0.0555555555555556,0.0555555555555556,0.166666666666667,0.166666666666667,"WMT"
"16","112",1,1,0,0,5,0.2,0.2,0,0,"TPL"
"17","113",3,3,2,2,10,0.3,0.3,0.2,0.2,"CPL"
"18","114",0,3,0,0,50,0,0.06,0,0,"UMW"
"19","115",17,17,15,15,47,0.361702127659574,0.361702127659574,0.319148936170213,0.319148936170213,"UMW"
"20","116",1,2,0,0,2,0.5,1,0,0,"CPL"
"21","117",4,9,3,3,49,0.0816326530612245,0.183673469387755,0.0612244897959184,0.0612244897959184,"UMW"
"22","118",6,12,3,13,28,0.214285714285714,0.428571428571429,0.107142857142857,0.464285714285714,"WMT"
"23","119",1,18,1,25,45,0.0222222222222222,0.4,0.0222222222222222,0.555555555555556,"WMT"
"24","12",3,3,1,1,3,1,1,0.333333333333333,0.333333333333333,"TPL"
"25","120",5,21,0,5,134,0.0373134328358209,0.156716417910448,0,0.0373134328358209,"NAP"
"26","121",0,0,0,0,3,0,0,0,0,"NAP"
"27","122",3,6,2,2,27,0.111111111111111,0.222222222222222,0.0740740740740741,0.0740740740740741,"XER"
"28","123",31,38,36,36,82,0.378048780487805,0.463414634146341,0.439024390243902,0.439024390243902,"UMW"
"29","124",0,0,0,0,4,0,0,0,0,"CPL"
"30","125",0,3,3,3,10,0,0.3,0.3,0.3,"NAP"
"31","126",1,1,0,0,304,0.00328947368421053,0.00328947368421053,0,0,"SAP"
"32","127",1,2,0,0,30,0.0333333333333333,0.0666666666666667,0,0,"UMW"
"33","128",0,0,0,0,3,0,0,0,0,"CPL"
"34","129",2,5,1,1,23,0.0869565217391304,0.217391304347826,0.0434782608695652,0.0434782608695652,"CPL"
"35","13",1,74,0,3,240,0.00416666666666667,0.308333333333333,0,0.0125,"UMW"
"36","130",12,13,18,18,45,0.266666666666667,0.288888888888889,0.4,0.4,"UMW"
"37","131",0,0,0,0,4,0,0,0,0,"TPL"
"38","132",77,105,85,103,108,0.712962962962963,0.972222222222222,0.787037037037037,0.953703703703704,"WMT"
"39","133",1,2,0,2,172,0.00581395348837209,0.0116279069767442,0,0.0116279069767442,"CPL"
"40","134",2,17,1,6,40,0.05,0.425,0.025,0.15,"XER"
"41","135",0,4,2,2,24,0,0.166666666666667,0.0833333333333333,0.0833333333333333,"NAP"
"42","136",1,2,0,0,21,0.0476190476190476,0.0952380952380952,0,0,"XER"
"43","137",1,1,1,2,5,0.2,0.2,0.2,0.4,"XER"
"44","138",1,3,0,0,3,0.333333333333333,1,0,0,"CPL"
"45","139",6,19,6,7,271,0.022140221402214,0.0701107011070111,0.022140221402214,0.025830258302583,"NAP"
"46","14",29,50,25,52,65,0.446153846153846,0.769230769230769,0.384615384615385,0.8,"WMT"
"47","140",5,20,5,20,41,0.121951219512195,0.48780487804878,0.121951219512195,0.48780487804878,"WMT"
"48","141",10,18,1,1,25,0.4,0.72,0.04,0.04,"CPL"
"49","142",12,12,4,4,26,0.461538461538462,0.461538461538462,0.153846153846154,0.153846153846154,"CPL"
"50","143",1,1,0,0,3,0.333333333333333,0.333333333333333,0,0,"CPL"
"51","144",0,12,0,4,15,0,0.8,0,0.266666666666667,"UMW"
"52","145",5,15,5,11,23,0.217391304347826,0.652173913043478,0.217391304347826,0.478260869565217,"WMT"
"53","146",0,0,0,0,33,0,0,0,0,"TPL"
"54","147",23,24,3,3,24,0.958333333333333,1,0.125,0.125,"CPL"
"55","148",6,6,0,0,21,0.285714285714286,0.285714285714286,0,0,"CPL"
"56","149",1,1,0,0,3,0.333333333333333,0.333333333333333,0,0,"TPL"
"57","15",21,40,5,23,765,0.0274509803921569,0.0522875816993464,0.0065359477124183,0.0300653594771242,"SAP"
"58","150",1,3,0,0,29,0.0344827586206897,0.103448275862069,0,0,"NAP"
"59","151",1,1,0,0,22,0.0454545454545455,0.0454545454545455,0,0,"CPL"
"60","152",1,1,1,1,5,0.2,0.2,0.2,0.2,"NAP"
"61","153",2,5,0,0,174,0.0114942528735632,0.028735632183908,0,0,"UMW"
"62","154",0,0,0,0,15,0,0,0,0,"NAP"
"63","155",0,0,0,1,2,0,0,0,0.5,"NAP"
"64","156",1,3,0,1,17,0.0588235294117647,0.176470588235294,0,0.0588235294117647,"NAP"
"65","157",0,1,0,0,3,0,0.333333333333333,0,0,"WMT"
"66","158",0,0,0,0,6,0,0,0,0,"CPL"
"67","159",0,4,0,0,4,0,1,0,0,"CPL"
"68","16",1,2,0,5,400,0.0025,0.005,0,0.0125,"CPL"
"69","160",24,28,3,3,147,0.163265306122449,0.19047619047619,0.0204081632653061,0.0204081632653061,"TPL"
"70","161",1,1,0,0,8,0.125,0.125,0,0,"CPL"
"71","162",1,10,0,0,33,0.0303030303030303,0.303030303030303,0,0,"NAP"
"72","163",0,0,0,0,2,0,0,0,0,"NAP"
"73","164",2,23,1,28,30,0.0666666666666667,0.766666666666667,0.0333333333333333,0.933333333333333,"UMW"
"74","165",0,0,0,0,24,0,0,0,0,"CPL"
"75","166",5,5,1,1,186,0.0268817204301075,0.0268817204301075,0.00537634408602151,0.00537634408602151,"CPL"
"76","167",0,0,0,0,2,0,0,0,0,"NPL"
"77","168",4,20,0,0,79,0.0506329113924051,0.253164556962025,0,0,"SAP"
"78","169",5,20,14,14,34,0.147058823529412,0.588235294117647,0.411764705882353,0.411764705882353,"UMW"
"79","17",0,3,0,1,222,0,0.0135135135135135,0,0.0045045045045045,"CPL"
"80","170",0,0,0,0,2,0,0,0,0,"UMW"
"81","171",0,0,0,0,4,0,0,0,0,"TPL"
"82","172",0,0,0,0,2,0,0,0,0,"CPL"
"83","173",1,3,1,2,20,0.05,0.15,0.05,0.1,"CPL"
"84","174",0,2,0,1,2,0,1,0,0.5,"WMT"
"85","175",0,0,0,0,9,0,0,0,0,"UMW"
"86","176",0,0,0,0,2,0,0,0,0,"TPL"
"87","177",4,16,11,11,55,0.0727272727272727,0.290909090909091,0.2,0.2,"UMW"
"88","178",1,1,0,0,5,0.2,0.2,0,0,"CPL"
"89","179",1,1,0,0,3,0.333333333333333,0.333333333333333,0,0,"XER"
"90","18",2,5,2,4,410,0.0048780487804878,0.0121951219512195,0.0048780487804878,0.00975609756097561,"CPL"
"91","180",1,10,0,4,11,0.0909090909090909,0.909090909090909,0,0.363636363636364,"UMW"
"92","181",2,2,2,2,2,1,1,1,1,"UMW"
"93","182",1,3,1,1,3,0.333333333333333,1,0.333333333333333,0.333333333333333,"UMW"
"94","183",3,3,3,3,3,1,1,1,1,"UMW"
"95","184",4,15,0,2,57,0.0701754385964912,0.263157894736842,0,0.0350877192982456,"CPL"
"96","185",0,0,0,0,14,0,0,0,0,"NAP"
"97","186",3,3,0,0,3,1,1,0,0,"CPL"
"98","187",0,0,0,0,25,0,0,0,0,"CPL"
"99","188",25,29,6,6,66,0.378787878787879,0.439393939393939,0.0909090909090909,0.0909090909090909,"CPL"
"100","189",130,132,130,131,133,0.977443609022556,0.992481203007519,0.977443609022556,0.984962406015038,"WMT"
"101","19",0,2,0,0,21,0,0.0952380952380952,0,0,"SAP"
"102","190",1,2,0,0,9,0.111111111111111,0.222222222222222,0,0,"NAP"
"103","191",0,0,0,0,8,0,0,0,0,"WMT"
"104","192",0,2,0,3,26,0,0.0769230769230769,0,0.115384615384615,"CPL"
"105","193",0,0,0,0,4,0,0,0,0,"NAP"
"106","194",1,10,10,10,62,0.0161290322580645,0.161290322580645,0.161290322580645,0.161290322580645,"UMW"
"107","195",2,3,0,0,6,0.333333333333333,0.5,0,0,"CPL"
"108","196",2,2,2,2,18,0.111111111111111,0.111111111111111,0.111111111111111,0.111111111111111,"CPL"
"109","197",0,0,0,0,2,0,0,0,0,"XER"
"110","198",0,0,0,0,5,0,0,0,0,"NAP"
"111","199",2,18,0,0,89,0.0224719101123595,0.202247191011236,0,0,"NAP"
"112","2",58,87,20,38,3241,0.0178957112002468,0.0268435668003703,0.00617093489663684,0.01172477630361,"CPL"
"113","20",49,250,17,108,1118,0.0438282647584973,0.223613595706619,0.0152057245080501,0.0966010733452594,"NAP"
"114","200",33,58,27,59,64,0.515625,0.90625,0.421875,0.921875,"UMW"
"115","201",1,2,0,1,39,0.0256410256410256,0.0512820512820513,0,0.0256410256410256,"NAP"
"116","202",5,7,1,1,23,0.217391304347826,0.304347826086957,0.0434782608695652,0.0434782608695652,"CPL"
"117","203",0,0,0,0,3,0,0,0,0,"CPL"
"118","204",1,1,0,0,28,0.0357142857142857,0.0357142857142857,0,0,"NAP"
"119","205",1,3,1,1,14,0.0714285714285714,0.214285714285714,0.0714285714285714,0.0714285714285714,"NAP"
"120","206",0,3,0,1,3,0,1,0,0.333333333333333,"CPL"
"121","207",17,18,23,31,83,0.204819277108434,0.216867469879518,0.27710843373494,0.373493975903614,"NAP"
"122","208",0,0,0,0,2,0,0,0,0,"NAP"
"123","209",0,1,0,0,17,0,0.0588235294117647,0,0,"NAP"
"124","21",20,52,9,33,516,0.0387596899224806,0.10077519379845,0.0174418604651163,0.063953488372093,"CPL"
"125","210",0,2,0,0,7,0,0.285714285714286,0,0,"TPL"
"126","211",1,3,0,1,8,0.125,0.375,0,0.125,"XER"
"127","212",4,5,4,4,33,0.121212121212121,0.151515151515152,0.121212121212121,0.121212121212121,"UMW"
"128","213",0,1,0,3,9,0,0.111111111111111,0,0.333333333333333,"NAP"
"129","214",1,1,0,0,43,0.0232558139534884,0.0232558139534884,0,0,"NAP"
"130","215",2,5,0,0,12,0.166666666666667,0.416666666666667,0,0,"SAP"
"131","216",0,1,0,1,7,0,0.142857142857143,0,0.142857142857143,"UMW"
"132","217",0,0,0,0,2,0,0,0,0,"CPL"
"133","218",0,0,0,0,2,0,0,0,0,"CPL"
"134","219",0,0,0,0,4,0,0,0,0,"NAP"
"135","22",3,3,0,0,4,0.75,0.75,0,0,"NAP"
"136","220",3,5,0,0,7,0.428571428571429,0.714285714285714,0,0,"UMW"
"137","221",2,3,1,1,15,0.133333333333333,0.2,0.0666666666666667,0.0666666666666667,"CPL"
"138","222",0,5,0,5,9,0,0.555555555555556,0,0.555555555555556,"XER"
"139","223",14,14,14,14,14,1,1,1,1,"WMT"
"140","224",0,1,1,1,23,0,0.0434782608695652,0.0434782608695652,0.0434782608695652,"UMW"
"141","225",6,6,3,3,28,0.214285714285714,0.214285714285714,0.107142857142857,0.107142857142857,"NAP"
"142","226",0,0,0,0,4,0,0,0,0,"NAP"
"143","227",3,8,1,1,16,0.1875,0.5,0.0625,0.0625,"XER"
"144","228",3,3,2,2,3,1,1,0.666666666666667,0.666666666666667,"CPL"
"145","229",0,0,0,0,2,0,0,0,0,"CPL"
"146","23",138,224,130,223,237,0.582278481012658,0.945147679324895,0.548523206751055,0.940928270042194,"UMW"
"147","230",1,1,0,0,23,0.0434782608695652,0.0434782608695652,0,0,"NAP"
"148","231",1,1,0,0,3,0.333333333333333,0.333333333333333,0,0,"CPL"
"149","232",2,9,0,6,13,0.153846153846154,0.692307692307692,0,0.461538461538462,"WMT"
"150","233",1,3,0,0,47,0.0212765957446809,0.0638297872340425,0,0,"NAP"
"151","234",1,1,0,2,46,0.0217391304347826,0.0217391304347826,0,0.0434782608695652,"CPL"
"152","235",41,41,51,51,79,0.518987341772152,0.518987341772152,0.645569620253165,0.645569620253165,"UMW"
"153","236",1,3,0,0,14,0.0714285714285714,0.214285714285714,0,0,"XER"
"154","237",2,5,1,3,28,0.0714285714285714,0.178571428571429,0.0357142857142857,0.107142857142857,"WMT"
"155","238",1,2,0,0,10,0.1,0.2,0,0,"TPL"
"156","239",0,4,0,0,13,0,0.307692307692308,0,0,"CPL"
"157","24",45,60,18,29,1810,0.0248618784530387,0.0331491712707182,0.00994475138121547,0.0160220994475138,"CPL"
"158","240",2,3,1,3,19,0.105263157894737,0.157894736842105,0.0526315789473684,0.157894736842105,"CPL"
"159","241",1,1,0,0,3,0.333333333333333,0.333333333333333,0,0,"NAP"
"160","242",0,0,0,1,6,0,0,0,0.166666666666667,"UMW"
"161","243",0,3,0,3,15,0,0.2,0,0.2,"UMW"
"162","244",3,15,14,14,50,0.06,0.3,0.28,0.28,"UMW"
"163","245",0,1,0,0,2,0,0.5,0,0,"UMW"
"164","246",1,2,0,0,3,0.333333333333333,0.666666666666667,0,0,"TPL"
"165","247",0,0,0,0,6,0,0,0,0,"NAP"
"166","248",0,1,0,0,6,0,0.166666666666667,0,0,"CPL"
"167","249",0,2,0,0,9,0,0.222222222222222,0,0,"NAP"
"168","25",1,3,1,2,98,0.0102040816326531,0.0306122448979592,0.0102040816326531,0.0204081632653061,"CPL"
"169","250",2,3,0,0,19,0.105263157894737,0.157894736842105,0,0,"NAP"
"170","251",0,1,0,0,2,0,0.5,0,0,"UMW"
"171","252",3,3,1,3,6,0.5,0.5,0.166666666666667,0.5,"XER"
"172","253",31,39,24,32,42,0.738095238095238,0.928571428571429,0.571428571428571,0.761904761904762,"WMT"
"173","254",1,1,0,0,22,0.0454545454545455,0.0454545454545455,0,0,"NAP"
"174","255",0,0,0,0,5,0,0,0,0,"CPL"
"175","256",0,0,0,0,5,0,0,0,0,"CPL"
"176","257",6,31,0,4,113,0.0530973451327434,0.274336283185841,0,0.0353982300884956,"NAP"
"177","258",0,4,0,0,4,0,1,0,0,"XER"
"178","259",0,0,0,0,2,0,0,0,0,"UMW"
"179","26",20,54,9,24,418,0.0478468899521531,0.129186602870813,0.0215311004784689,0.0574162679425837,"NAP"
"180","260",0,0,0,0,2,0,0,0,0,"WMT"
"181","261",33,43,35,49,55,0.6,0.781818181818182,0.636363636363636,0.890909090909091,"WMT"
"182","262",1,1,0,0,2,0.5,0.5,0,0,"NPL"
"183","263",9,11,10,11,14,0.642857142857143,0.785714285714286,0.714285714285714,0.785714285714286,"WMT"
"184","264",0,1,0,0,5,0,0.2,0,0,"WMT"
"185","265",3,10,2,11,20,0.15,0.5,0.1,0.55,"WMT"
"186","266",10,10,5,5,40,0.25,0.25,0.125,0.125,"CPL"
"187","267",0,0,0,0,4,0,0,0,0,"TPL"
"188","268",0,0,0,0,3,0,0,0,0,"UMW"
"189","269",1,1,0,1,8,0.125,0.125,0,0.125,"NAP"
"190","27",10,11,1,1,31,0.32258064516129,0.354838709677419,0.032258064516129,0.032258064516129,"CPL"
"191","270",2,2,1,1,2,1,1,0.5,0.5,"UMW"
"192","271",0,0,0,0,9,0,0,0,0,"NAP"
"193","272",2,6,2,2,19,0.105263157894737,0.315789473684211,0.105263157894737,0.105263157894737,"UMW"
"194","273",0,3,1,1,3,0,1,0.333333333333333,0.333333333333333,"XER"
"195","274",0,0,0,0,30,0,0,0,0,"NAP"
"196","275",0,0,0,0,11,0,0,0,0,"UMW"
"197","276",0,0,0,0,7,0,0,0,0,"NAP"
"198","277",18,48,13,50,50,0.36,0.96,0.26,1,"UMW"
"199","278",0,0,0,0,2,0,0,0,0,"NAP"
"200","279",1,3,0,0,9,0.111111111111111,0.333333333333333,0,0,"TPL"
"201","28",33,44,9,15,1665,0.0198198198198198,0.0264264264264264,0.00540540540540541,0.00900900900900901,"SAP"
"202","280",0,0,0,0,14,0,0,0,0,"NAP"
"203","281",0,0,0,0,2,0,0,0,0,"CPL"
"204","282",0,0,2,2,5,0,0,0.4,0.4,"NAP"
"205","283",0,0,0,0,6,0,0,0,0,"NAP"
"206","284",0,0,0,0,6,0,0,0,0,"NAP"
"207","285",1,2,0,0,5,0.2,0.4,0,0,"NAP"
"208","286",2,2,0,0,2,1,1,0,0,"CPL"
"209","287",1,1,0,0,5,0.2,0.2,0,0,"TPL"
"210","288",0,0,0,0,3,0,0,0,0,"CPL"
"211","289",0,1,0,0,13,0,0.0769230769230769,0,0,"UMW"
"212","29",54,70,284,306,736,0.0733695652173913,0.0951086956521739,0.385869565217391,0.415760869565217,"NAP"
"213","290",0,0,0,0,2,0,0,0,0,"CPL"
"214","291",0,0,0,0,3,0,0,0,0,"CPL"
"215","292",3,3,3,3,3,1,1,1,1,"WMT"
"216","293",0,8,0,20,23,0,0.347826086956522,0,0.869565217391304,"UMW"
"217","294",0,0,0,0,2,0,0,0,0,"UMW"
"218","295",0,0,0,0,5,0,0,0,0,"NAP"
"219","296",0,0,0,0,7,0,0,0,0,"UMW"
"220","297",0,1,1,1,3,0,0.333333333333333,0.333333333333333,0.333333333333333,"NAP"
"221","298",0,0,0,0,4,0,0,0,0,"UMW"
"222","299",4,4,0,0,4,1,1,0,0,"CPL"
"223","3",833,1396,793,1472,2027,0.410952146028614,0.688702516033547,0.391218549580661,0.726196349284657,"WMT"
"224","30",0,0,0,0,20,0,0,0,0,"UMW"
"225","300",0,0,0,0,2,0,0,0,0,"NAP"
"226","301",0,0,0,0,7,0,0,0,0,"CPL"
"227","302",0,4,0,2,19,0,0.210526315789474,0,0.105263157894737,"CPL"
"228","303",0,3,0,2,3,0,1,0,0.666666666666667,"XER"
"229","304",1,9,0,7,16,0.0625,0.5625,0,0.4375,"UMW"
"230","305",42,42,42,42,69,0.608695652173913,0.608695652173913,0.608695652173913,0.608695652173913,"WMT"
"231","306",0,0,0,0,4,0,0,0,0,"CPL"
"232","307",1,1,3,3,12,0.0833333333333333,0.0833333333333333,0.25,0.25,"UMW"
"233","308",0,2,0,1,4,0,0.5,0,0.25,"UMW"
"234","309",0,1,0,0,27,0,0.037037037037037,0,0,"UMW"
"235","31",0,0,0,0,454,0,0,0,0,"SPL"
"236","310",2,2,2,2,2,1,1,1,1,"CPL"
"237","311",0,0,0,0,3,0,0,0,0,"CPL"
"238","312",0,0,0,0,2,0,0,0,0,"XER"
"239","313",0,0,0,0,8,0,0,0,0,"UMW"
"240","314",72,72,3,3,72,1,1,0.0416666666666667,0.0416666666666667,"CPL"
"241","315",5,10,1,1,44,0.113636363636364,0.227272727272727,0.0227272727272727,0.0227272727272727,"NAP"
"242","316",0,0,0,0,4,0,0,0,0,"NAP"
"243","317",26,26,0,0,26,1,1,0,0,"CPL"
"244","318",0,0,0,0,2,0,0,0,0,"XER"
"245","319",0,0,0,0,2,0,0,0,0,"UMW"
"246","32",68,87,64,80,122,0.557377049180328,0.713114754098361,0.524590163934426,0.655737704918033,"WMT"
"247","320",2,2,0,0,2,1,1,0,0,"XER"
"248","321",0,1,1,1,14,0,0.0714285714285714,0.0714285714285714,0.0714285714285714,"UMW"
"249","322",0,0,0,0,2,0,0,0,0,"UMW"
"250","323",0,3,0,0,5,0,0.6,0,0,"UMW"
"251","324",0,0,0,0,6,0,0,0,0,"CPL"
"252","325",0,0,0,0,13,0,0,0,0,"CPL"
"253","326",0,0,0,0,22,0,0,0,0,"NAP"
"254","327",0,0,0,0,2,0,0,0,0,"NAP"
"255","328",20,20,20,20,20,1,1,1,1,"WMT"
"256","329",3,6,0,0,19,0.157894736842105,0.315789473684211,0,0,"XER"
"257","33",66,145,117,192,1731,0.0381282495667244,0.0837666088965916,0.0675909878682842,0.110918544194107,"NAP"
"258","330",0,0,0,1,2,0,0,0,0.5,"WMT"
"259","331",0,2,0,1,2,0,1,0,0.5,"XER"
"260","332",0,0,0,0,2,0,0,0,0,"CPL"
"261","333",1,1,0,0,2,0.5,0.5,0,0,"TPL"
"262","334",0,1,0,2,2,0,0.5,0,1,"XER"
"263","335",3,3,0,3,3,1,1,0,1,"NAP"
"264","336",0,0,0,0,8,0,0,0,0,"NAP"
"265","337",0,0,0,0,2,0,0,0,0,"CPL"
"266","338",0,1,0,2,6,0,0.166666666666667,0,0.333333333333333,"UMW"
"267","339",5,9,3,7,22,0.227272727272727,0.409090909090909,0.136363636363636,0.318181818181818,"WMT"
"268","34",871,1606,778,1607,2397,0.363370880267,0.670004171881519,0.324572382144347,0.670421360033375,"WMT"
"269","340",0,1,0,0,3,0,0.333333333333333,0,0,"NPL"
"270","341",0,0,0,0,3,0,0,0,0,"TPL"
"271","342",0,0,0,0,8,0,0,0,0,"CPL"
"272","343",0,0,0,0,4,0,0,0,0,"NAP"
"273","344",0,2,2,2,8,0,0.25,0.25,0.25,"UMW"
"274","345",0,0,0,0,2,0,0,0,0,"NAP"
"275","346",0,3,0,0,4,0,0.75,0,0,"NAP"
"276","347",0,3,1,1,12,0,0.25,0.0833333333333333,0.0833333333333333,"NAP"
"277","348",1,1,0,1,2,0.5,0.5,0,0.5,"XER"
"278","349",1,1,0,0,2,0.5,0.5,0,0,"UMW"
"279","35",3,3,1,1,609,0.00492610837438424,0.00492610837438424,0.00164203612479475,0.00164203612479475,"CPL"
"280","350",1,1,0,0,2,0.5,0.5,0,0,"NPL"
"281","351",1,1,0,0,4,0.25,0.25,0,0,"CPL"
"282","352",0,0,0,0,2,0,0,0,0,"TPL"
"283","353",0,2,0,1,26,0,0.0769230769230769,0,0.0384615384615385,"NAP"
"284","354",0,0,0,0,5,0,0,0,0,"SPL"
"285","355",0,0,0,0,10,0,0,0,0,"CPL"
"286","356",1,1,0,0,5,0.2,0.2,0,0,"TPL"
"287","357",0,2,5,6,18,0,0.111111111111111,0.277777777777778,0.333333333333333,"NAP"
"288","358",0,0,0,0,6,0,0,0,0,"NAP"
"289","359",0,0,0,0,18,0,0,0,0,"NAP"
"290","36",5,13,0,2,1076,0.00464684014869888,0.0120817843866171,0,0.00185873605947955,"CPL"
"291","360",0,1,0,0,4,0,0.25,0,0,"NPL"
"292","361",0,3,0,0,7,0,0.428571428571429,0,0,"NAP"
"293","362",0,0,0,0,2,0,0,0,0,"WMT"
"294","363",0,1,1,3,5,0,0.2,0.2,0.6,"WMT"
"295","364",1,4,0,0,5,0.2,0.8,0,0,"TPL"
"296","365",0,0,0,0,2,0,0,0,0,"WMT"
"297","366",0,0,0,0,6,0,0,0,0,"NAP"
"298","367",0,0,0,0,2,0,0,0,0,"NPL"
"299","368",0,5,0,4,12,0,0.416666666666667,0,0.333333333333333,"XER"
"300","369",0,0,0,0,6,0,0,0,0,"WMT"
"301","37",2,14,2,10,261,0.00766283524904215,0.053639846743295,0.00766283524904215,0.0383141762452107,"NAP"
"302","370",0,0,0,0,3,0,0,0,0,"UMW"
"303","371",0,3,0,1,16,0,0.1875,0,0.0625,"WMT"
"304","372",0,0,0,0,3,0,0,0,0,"NAP"
"305","373",0,0,0,0,2,0,0,0,0,"UMW"
"306","374",0,0,0,0,3,0,0,0,0,"TPL"
"307","375",1,1,1,1,10,0.1,0.1,0.1,0.1,"NAP"
"308","376",4,6,3,5,9,0.444444444444444,0.666666666666667,0.333333333333333,0.555555555555556,"CPL"
"309","377",0,0,0,0,2,0,0,0,0,"UMW"
"310","378",0,0,0,0,2,0,0,0,0,"CPL"
"311","379",4,10,9,9,13,0.307692307692308,0.769230769230769,0.692307692307692,0.692307692307692,"UMW"
"312","38",2,4,0,0,6,0.333333333333333,0.666666666666667,0,0,"CPL"
"313","380",1,1,0,0,3,0.333333333333333,0.333333333333333,0,0,"CPL"
"314","381",4,4,0,0,28,0.142857142857143,0.142857142857143,0,0,"UMW"
"315","382",0,0,0,0,5,0,0,0,0,"WMT"
"316","383",0,0,1,1,6,0,0,0.166666666666667,0.166666666666667,"UMW"
"317","384",1,1,0,0,2,0.5,0.5,0,0,"CPL"
"318","385",0,3,0,2,4,0,0.75,0,0.5,"NAP"
"319","386",2,2,0,0,5,0.4,0.4,0,0,"NPL"
"320","387",4,4,1,1,6,0.666666666666667,0.666666666666667,0.166666666666667,0.166666666666667,"CPL"
"321","388",1,2,1,1,16,0.0625,0.125,0.0625,0.0625,"XER"
"322","389",0,0,0,0,7,0,0,0,0,"CPL"
"323","39",0,0,0,0,7,0,0,0,0,"TPL"
"324","390",1,1,0,0,11,0.0909090909090909,0.0909090909090909,0,0,"NAP"
"325","391",0,0,0,0,2,0,0,0,0,"NAP"
"326","392",0,0,0,0,2,0,0,0,0,"CPL"
"327","393",0,2,0,3,4,0,0.5,0,0.75,"XER"
"328","394",1,1,0,0,6,0.166666666666667,0.166666666666667,0,0,"NAP"
"329","395",0,2,0,1,3,0,0.666666666666667,0,0.333333333333333,"XER"
"330","396",1,1,1,1,2,0.5,0.5,0.5,0.5,"UMW"
"331","397",1,1,0,0,4,0.25,0.25,0,0,"UMW"
"332","398",0,0,0,0,2,0,0,0,0,"NAP"
"333","399",3,3,0,0,3,1,1,0,0,"UMW"
"334","4",0,0,0,0,2,0,0,0,0,"NAP"
"335","40",141,155,121,131,200,0.705,0.775,0.605,0.655,"WMT"
"336","400",0,2,0,1,2,0,1,0,0.5,"UMW"
"337","401",0,0,0,0,2,0,0,0,0,"NAP"
"338","402",0,1,0,0,2,0,0.5,0,0,"NAP"
"339","403",0,0,0,0,13,0,0,0,0,"CPL"
"340","404",0,0,0,0,4,0,0,0,0,"XER"
"341","405",0,0,0,0,23,0,0,0,0,"CPL"
"342","406",0,0,0,0,10,0,0,0,0,"UMW"
"343","407",1,1,0,0,5,0.2,0.2,0,0,"NAP"
"344","408",0,0,0,0,2,0,0,0,0,"XER"
"345","409",1,1,0,0,3,0.333333333333333,0.333333333333333,0,0,"CPL"
"346","41",14,25,20,20,100,0.14,0.25,0.2,0.2,"UMW"
"347","410",0,7,2,8,10,0,0.7,0.2,0.8,"WMT"
"348","411",0,0,0,0,9,0,0,0,0,"CPL"
"349","412",0,1,0,3,4,0,0.25,0,0.75,"NPL"
"350","413",0,6,0,7,9,0,0.666666666666667,0,0.777777777777778,"WMT"
"351","414",0,0,0,0,2,0,0,0,0,"CPL"
"352","415",0,0,0,0,4,0,0,0,0,"NAP"
"353","416",0,0,0,0,2,0,0,0,0,"CPL"
"354","417",0,0,0,0,2,0,0,0,0,"NAP"
"355","418",1,1,0,0,3,0.333333333333333,0.333333333333333,0,0,"CPL"
"356","419",1,6,0,0,11,0.0909090909090909,0.545454545454545,0,0,"SAP"
"357","42",0,0,0,0,8,0,0,0,0,"NAP"
"358","420",0,0,0,1,6,0,0,0,0.166666666666667,"WMT"
"359","421",1,4,0,1,9,0.111111111111111,0.444444444444444,0,0.111111111111111,"XER"
"360","422",0,0,0,0,2,0,0,0,0,"CPL"
"361","423",9,9,2,2,9,1,1,0.222222222222222,0.222222222222222,"CPL"
"362","424",2,2,0,0,2,1,1,0,0,"UMW"
"363","425",0,0,0,1,2,0,0,0,0.5,"XER"
"364","426",0,0,0,0,3,0,0,0,0,"CPL"
"365","427",0,1,0,0,10,0,0.1,0,0,"NAP"
"366","428",1,1,0,0,4,0.25,0.25,0,0,"NAP"
"367","429",0,0,0,0,2,0,0,0,0,"UMW"
"368","43",629,989,594,849,1190,0.528571428571429,0.83109243697479,0.499159663865546,0.713445378151261,"UMW"
"369","430",1,1,0,0,2,0.5,0.5,0,0,"CPL"
"370","431",0,0,0,0,17,0,0,0,0,"NAP"
"371","432",0,0,0,2,2,0,0,0,1,"XER"
"372","433",0,0,0,0,3,0,0,0,0,"WMT"
"373","434",0,0,0,0,6,0,0,0,0,"NAP"
"374","435",0,3,0,0,6,0,0.5,0,0,"NAP"
"375","436",0,0,0,0,27,0,0,0,0,"NAP"
"376","437",5,5,5,5,6,0.833333333333333,0.833333333333333,0.833333333333333,0.833333333333333,"UMW"
"377","438",2,2,1,1,6,0.333333333333333,0.333333333333333,0.166666666666667,0.166666666666667,"CPL"
"378","439",0,0,0,0,2,0,0,0,0,"NAP"
"379","44",1,1,0,2,36,0.0277777777777778,0.0277777777777778,0,0.0555555555555556,"CPL"
"380","440",1,8,0,0,9,0.111111111111111,0.888888888888889,0,0,"XER"
"381","441",0,0,0,0,2,0,0,0,0,"NAP"
"382","442",0,0,0,0,3,0,0,0,0,"CPL"
"383","443",4,7,3,5,7,0.571428571428571,1,0.428571428571429,0.714285714285714,"WMT"
"384","444",0,0,0,0,2,0,0,0,0,"CPL"
"385","445",0,2,0,0,2,0,1,0,0,"XER"
"386","446",0,0,0,0,2,0,0,0,0,"TPL"
"387","447",0,1,0,0,2,0,0.5,0,0,"CPL"
"388","448",1,4,1,5,12,0.0833333333333333,0.333333333333333,0.0833333333333333,0.416666666666667,"WMT"
"389","449",1,1,1,1,2,0.5,0.5,0.5,0.5,"NAP"
"390","45",7,7,3,3,326,0.0214723926380368,0.0214723926380368,0.00920245398773006,0.00920245398773006,"SPL"
"391","450",0,3,0,0,17,0,0.176470588235294,0,0,"CPL"
"392","451",0,0,0,0,3,0,0,0,0,"NAP"
"393","452",0,0,0,0,8,0,0,0,0,"UMW"
"394","453",0,0,0,0,3,0,0,0,0,"CPL"
"395","454",0,0,1,1,2,0,0,0.5,0.5,"UMW"
"396","455",0,0,0,0,12,0,0,0,0,"NAP"
"397","456",0,0,0,0,2,0,0,0,0,"WMT"
"398","457",0,0,0,0,5,0,0,0,0,"TPL"
"399","458",0,1,0,2,2,0,0.5,0,1,"XER"
"400","459",0,0,0,0,2,0,0,0,0,"UMW"
"401","46",16,108,5,5,258,0.062015503875969,0.418604651162791,0.0193798449612403,0.0193798449612403,"NAP"
"402","460",0,1,0,0,6,0,0.166666666666667,0,0,"WMT"
"403","461",3,3,3,3,3,1,1,1,1,"XER"
"404","462",0,0,0,0,2,0,0,0,0,"NPL"
"405","463",0,5,0,4,5,0,1,0,0.8,"XER"
"406","464",2,2,2,2,2,1,1,1,1,"CPL"
"407","465",0,0,0,0,6,0,0,0,0,"NAP"
"408","466",2,9,0,0,14,0.142857142857143,0.642857142857143,0,0,"XER"
"409","467",0,0,0,0,2,0,0,0,0,"CPL"
"410","468",0,0,0,0,5,0,0,0,0,"NAP"
"411","469",1,2,1,1,5,0.2,0.4,0.2,0.2,"UMW"
"412","47",93,201,33,61,1463,0.063568010936432,0.137388926862611,0.0225563909774436,0.0416951469583049,"NAP"
"413","470",0,0,0,0,3,0,0,0,0,"NAP"
"414","471",2,2,2,2,2,1,1,1,1,"NAP"
"415","472",0,1,0,0,3,0,0.333333333333333,0,0,"CPL"
"416","473",1,2,0,0,3,0.333333333333333,0.666666666666667,0,0,"CPL"
"417","474",0,1,0,0,12,0,0.0833333333333333,0,0,"CPL"
"418","475",0,0,0,0,2,0,0,0,0,"NPL"
"419","476",0,2,0,2,18,0,0.111111111111111,0,0.111111111111111,"WMT"
"420","477",0,0,0,1,2,0,0,0,0.5,"XER"
"421","478",0,0,0,0,6,0,0,0,0,"WMT"
"422","479",0,0,0,0,3,0,0,0,0,"CPL"
"423","48",15,42,10,14,1603,0.00935745477230193,0.0262008733624454,0.00623830318153462,0.00873362445414847,"CPL"
"424","480",0,0,0,0,6,0,0,0,0,"NAP"
"425","481",0,1,0,0,2,0,0.5,0,0,"XER"
"426","482",0,0,0,0,2,0,0,0,0,"CPL"
"427","483",3,3,0,0,3,1,1,0,0,"CPL"
"428","484",1,3,0,0,9,0.111111111111111,0.333333333333333,0,0,"TPL"
"429","485",2,2,0,2,2,1,1,0,1,"NAP"
"430","486",0,0,0,0,7,0,0,0,0,"CPL"
"431","487",2,2,0,0,2,1,1,0,0,"UMW"
"432","488",1,1,1,1,3,0.333333333333333,0.333333333333333,0.333333333333333,0.333333333333333,"TPL"
"433","489",0,1,1,1,6,0,0.166666666666667,0.166666666666667,0.166666666666667,"UMW"
"434","49",10,14,2,8,62,0.161290322580645,0.225806451612903,0.032258064516129,0.129032258064516,"NAP"
"435","490",0,3,0,3,7,0,0.428571428571429,0,0.428571428571429,"XER"
"436","491",0,0,0,0,2,0,0,0,0,"CPL"
"437","492",0,0,0,0,3,0,0,0,0,"UMW"
"438","493",0,1,0,0,3,0,0.333333333333333,0,0,"UMW"
"439","494",1,1,0,0,8,0.125,0.125,0,0,"NAP"
"440","495",6,6,3,3,9,0.666666666666667,0.666666666666667,0.333333333333333,0.333333333333333,"UMW"
"441","496",0,0,0,0,10,0,0,0,0,"NAP"
"442","497",0,0,0,0,2,0,0,0,0,"CPL"
"443","498",2,2,0,0,2,1,1,0,0,"CPL"
"444","499",0,1,0,0,3,0,0.333333333333333,0,0,"NAP"
"445","5",6,15,1,4,483,0.0124223602484472,0.031055900621118,0.0020703933747412,0.0082815734989648,"SAP"
"446","50",27,37,14,15,1529,0.0176586003924133,0.0241988227599738,0.0091563113145847,0.00981033355134074,"SPL"
"447","500",6,9,8,10,10,0.6,0.9,0.8,1,"XER"
"448","501",0,0,0,0,2,0,0,0,0,"NAP"
"449","502",0,0,0,0,2,0,0,0,0,"TPL"
"450","503",0,0,0,0,2,0,0,0,0,"WMT"
"451","504",0,0,0,0,3,0,0,0,0,"NAP"
"452","505",0,0,0,0,3,0,0,0,0,"TPL"
"453","506",0,1,0,3,3,0,0.333333333333333,0,1,"XER"
"454","507",0,1,0,2,2,0,0.5,0,1,"XER"
"455","508",0,0,0,0,2,0,0,0,0,"WMT"
"456","509",0,0,0,0,2,0,0,0,0,"UMW"
"457","51",6,8,3,3,13,0.461538461538462,0.615384615384615,0.230769230769231,0.230769230769231,"CPL"
"458","510",0,0,0,0,3,0,0,0,0,"TPL"
"459","511",1,1,0,0,2,0.5,0.5,0,0,"CPL"
"460","512",0,0,0,0,2,0,0,0,0,"CPL"
"461","513",0,0,0,1,2,0,0,0,0.5,"CPL"
"462","514",2,2,2,2,2,1,1,1,1,"WMT"
"463","515",2,2,0,0,2,1,1,0,0,"XER"
"464","516",0,0,0,0,5,0,0,0,0,"WMT"
"465","517",0,0,0,0,5,0,0,0,0,"UMW"
"466","518",0,0,0,0,2,0,0,0,0,"NPL"
"467","519",0,1,0,0,7,0,0.142857142857143,0,0,"CPL"
"468","52",92,163,60,161,536,0.171641791044776,0.30410447761194,0.111940298507463,0.300373134328358,"SPL"
"469","520",1,1,0,0,2,0.5,0.5,0,0,"WMT"
"470","521",0,1,0,2,6,0,0.166666666666667,0,0.333333333333333,"XER"
"471","522",1,1,0,0,10,0.1,0.1,0,0,"CPL"
"472","523",0,1,0,0,3,0,0.333333333333333,0,0,"NAP"
"473","524",0,0,0,0,5,0,0,0,0,"CPL"
"474","525",1,1,0,0,2,0.5,0.5,0,0,"CPL"
"475","526",1,1,0,0,3,0.333333333333333,0.333333333333333,0,0,"CPL"
"476","527",0,3,0,0,7,0,0.428571428571429,0,0,"WMT"
"477","528",0,0,0,0,3,0,0,0,0,"WMT"
"478","529",2,2,0,0,6,0.333333333333333,0.333333333333333,0,0,"TPL"
"479","53",26,59,56,65,338,0.0769230769230769,0.174556213017751,0.165680473372781,0.192307692307692,"NAP"
"480","530",0,2,0,0,2,0,1,0,0,"CPL"
"481","531",0,0,0,0,2,0,0,0,0,"NAP"
"482","532",2,2,0,0,2,1,1,0,0,"CPL"
"483","533",2,2,0,0,4,0.5,0.5,0,0,"NPL"
"484","534",0,0,0,0,5,0,0,0,0,"NAP"
"485","535",2,2,1,1,4,0.5,0.5,0.25,0.25,"CPL"
"486","536",5,5,5,5,10,0.5,0.5,0.5,0.5,"UMW"
"487","537",0,0,0,0,4,0,0,0,0,"NPL"
"488","538",0,0,0,0,2,0,0,0,0,"NAP"
"489","539",0,0,0,0,2,0,0,0,0,"WMT"
"490","54",8,10,4,11,18,0.444444444444444,0.555555555555556,0.222222222222222,0.611111111111111,"CPL"
"491","540",0,0,0,0,2,0,0,0,0,"NAP"
"492","541",0,1,0,0,6,0,0.166666666666667,0,0,"XER"
"493","542",0,0,0,0,2,0,0,0,0,"CPL"
"494","543",0,0,0,0,5,0,0,0,0,"XER"
"495","544",6,6,0,0,10,0.6,0.6,0,0,"WMT"
"496","545",0,5,0,0,7,0,0.714285714285714,0,0,"XER"
"497","546",0,1,0,0,2,0,0.5,0,0,"TPL"
"498","547",0,0,0,0,5,0,0,0,0,"NAP"
"499","548",2,2,0,0,2,1,1,0,0,"CPL"
"500","549",0,0,0,0,2,0,0,0,0,"SPL"
"501","55",0,0,0,1,2,0,0,0,0.5,"UMW"
"502","550",1,1,0,0,5,0.2,0.2,0,0,"TPL"
"503","551",0,0,0,0,4,0,0,0,0,"TPL"
"504","552",0,0,0,0,2,0,0,0,0,"CPL"
"505","553",0,0,0,0,4,0,0,0,0,"CPL"
"506","554",0,2,1,1,3,0,0.666666666666667,0.333333333333333,0.333333333333333,"NAP"
"507","555",0,0,0,0,2,0,0,0,0,"CPL"
"508","556",0,0,1,1,3,0,0,0.333333333333333,0.333333333333333,"UMW"
"509","557",0,0,0,0,3,0,0,0,0,"NAP"
"510","558",0,0,0,0,3,0,0,0,0,"NAP"
"511","559",0,1,0,0,7,0,0.142857142857143,0,0,"NAP"
"512","56",56,102,56,74,453,0.123620309050773,0.225165562913907,0.123620309050773,0.163355408388521,"UMW"
"513","560",1,2,1,1,3,0.333333333333333,0.666666666666667,0.333333333333333,0.333333333333333,"CPL"
"514","561",0,0,0,0,2,0,0,0,0,"CPL"
"515","562",0,0,0,0,2,0,0,0,0,"CPL"
"516","563",0,0,0,0,2,0,0,0,0,"WMT"
"517","564",0,0,0,0,2,0,0,0,0,"CPL"
"518","565",2,2,5,5,6,0.333333333333333,0.333333333333333,0.833333333333333,0.833333333333333,"UMW"
"519","566",0,1,0,0,2,0,0.5,0,0,"NAP"
"520","567",0,0,0,0,2,0,0,0,0,"WMT"
"521","568",2,2,2,2,2,1,1,1,1,"CPL"
"522","569",0,0,0,0,3,0,0,0,0,"UMW"
"523","57",9,109,3,45,749,0.0120160213618158,0.145527369826435,0.00400534045393859,0.0600801068090788,"NAP"
"524","570",1,1,3,3,6,0.166666666666667,0.166666666666667,0.5,0.5,"UMW"
"525","571",1,1,0,0,2,0.5,0.5,0,0,"CPL"
"526","572",0,0,0,0,2,0,0,0,0,"UMW"
"527","573",0,1,0,0,6,0,0.166666666666667,0,0,"UMW"
"528","574",0,0,0,0,3,0,0,0,0,"UMW"
"529","575",0,3,0,4,4,0,0.75,0,1,"UMW"
"530","576",1,1,0,0,6,0.166666666666667,0.166666666666667,0,0,"CPL"
"531","577",2,2,0,0,3,0.666666666666667,0.666666666666667,0,0,"NPL"
"532","578",0,2,1,1,2,0,1,0.5,0.5,"UMW"
"533","579",0,1,0,0,2,0,0.5,0,0,"WMT"
"534","58",19,23,8,14,441,0.0430839002267574,0.0521541950113379,0.018140589569161,0.0317460317460317,"CPL"
"535","580",2,2,2,2,2,1,1,1,1,"WMT"
"536","581",0,5,0,5,6,0,0.833333333333333,0,0.833333333333333,"UMW"
"537","582",0,0,0,0,7,0,0,0,0,"CPL"
"538","583",2,2,2,2,2,1,1,1,1,"WMT"
"539","584",0,2,0,0,5,0,0.4,0,0,"XER"
"540","585",0,0,0,0,3,0,0,0,0,"CPL"
"541","586",1,1,0,0,3,0.333333333333333,0.333333333333333,0,0,"NPL"
"542","587",2,2,0,0,3,0.666666666666667,0.666666666666667,0,0,"CPL"
"543","588",0,5,4,4,6,0,0.833333333333333,0.666666666666667,0.666666666666667,"UMW"
"544","589",0,0,0,0,3,0,0,0,0,"UMW"
"545","59",942,1162,916,1110,1780,0.529213483146067,0.652808988764045,0.514606741573034,0.623595505617977,"WMT"
"546","590",0,0,0,0,3,0,0,0,0,"NAP"
"547","591",0,6,2,2,6,0,1,0.333333333333333,0.333333333333333,"UMW"
"548","592",2,2,2,2,2,1,1,1,1,"CPL"
"549","593",0,0,0,0,7,0,0,0,0,"CPL"
"550","594",1,1,0,0,3,0.333333333333333,0.333333333333333,0,0,"TPL"
"551","595",0,0,0,0,13,0,0,0,0,"NAP"
"552","596",2,2,2,2,2,1,1,1,1,"NAP"
"553","597",0,0,0,0,3,0,0,0,0,"TPL"
"554","598",0,0,0,0,2,0,0,0,0,"NAP"
"555","599",0,0,0,0,3,0,0,0,0,"NAP"
"556","6",35,51,29,55,2604,0.0134408602150538,0.0195852534562212,0.011136712749616,0.0211213517665131,"CPL"
"557","60",2,28,0,1,586,0.00341296928327645,0.0477815699658703,0,0.00170648464163823,"SAP"
"558","600",2,2,0,0,2,1,1,0,0,"UMW"
"559","601",1,1,1,1,2,0.5,0.5,0.5,0.5,"XER"
"560","602",0,0,0,0,3,0,0,0,0,"CPL"
"561","603",0,0,0,0,2,0,0,0,0,"CPL"
"562","604",0,0,0,1,8,0,0,0,0.125,"WMT"
"563","605",0,0,0,0,2,0,0,0,0,"UMW"
"564","606",0,0,0,0,2,0,0,0,0,"NAP"
"565","607",1,1,0,0,4,0.25,0.25,0,0,"NAP"
"566","608",0,0,0,0,3,0,0,0,0,"UMW"
"567","609",0,0,0,0,2,0,0,0,0,"NPL"
"568","61",1,2,0,0,9,0.111111111111111,0.222222222222222,0,0,"NAP"
"569","610",1,1,0,0,2,0.5,0.5,0,0,"CPL"
"570","611",3,3,3,3,3,1,1,1,1,"WMT"
"571","612",0,1,0,0,2,0,0.5,0,0,"WMT"
"572","613",2,2,2,2,3,0.666666666666667,0.666666666666667,0.666666666666667,0.666666666666667,"XER"
"573","614",0,0,0,0,2,0,0,0,0,"CPL"
"574","615",3,3,0,0,3,1,1,0,0,"CPL"
"575","616",0,0,0,0,3,0,0,0,0,"CPL"
"576","617",0,1,0,0,2,0,0.5,0,0,"XER"
"577","618",3,3,0,0,4,0.75,0.75,0,0,"TPL"
"578","619",1,2,0,0,2,0.5,1,0,0,"NAP"
"579","62",0,2,0,0,26,0,0.0769230769230769,0,0,"NAP"
"580","620",0,0,0,0,2,0,0,0,0,"CPL"
"581","621",0,0,0,0,8,0,0,0,0,"NAP"
"582","622",0,0,0,0,2,0,0,0,0,"UMW"
"583","623",0,0,1,1,2,0,0,0.5,0.5,"CPL"
"584","624",0,0,0,0,2,0,0,0,0,"CPL"
"585","625",0,1,1,1,3,0,0.333333333333333,0.333333333333333,0.333333333333333,"UMW"
"586","626",1,1,0,1,5,0.2,0.2,0,0.2,"NAP"
"587","627",0,0,0,1,6,0,0,0,0.166666666666667,"CPL"
"588","628",2,2,0,0,2,1,1,0,0,"CPL"
"589","629",2,2,0,0,2,1,1,0,0,"CPL"
"590","63",17,24,4,4,454,0.0374449339207048,0.052863436123348,0.00881057268722467,0.00881057268722467,"UMW"
"591","630",0,0,0,0,3,0,0,0,0,"CPL"
"592","631",0,0,0,0,3,0,0,0,0,"NAP"
"593","632",2,5,1,1,17,0.117647058823529,0.294117647058824,0.0588235294117647,0.0588235294117647,"UMW"
"594","633",5,5,0,0,5,1,1,0,0,"CPL"
"595","634",3,3,0,0,3,1,1,0,0,"CPL"
"596","635",3,3,0,0,3,1,1,0,0,"CPL"
"597","636",1,2,2,2,4,0.25,0.5,0.5,0.5,"UMW"
"598","637",0,0,0,2,2,0,0,0,1,"WMT"
"599","638",1,1,0,0,4,0.25,0.25,0,0,"NAP"
"600","639",0,0,0,0,5,0,0,0,0,"NAP"
"601","64",18,63,8,8,825,0.0218181818181818,0.0763636363636364,0.0096969696969697,0.0096969696969697,"UMW"
"602","640",0,3,0,2,3,0,1,0,0.666666666666667,"NAP"
"603","641",0,0,0,0,2,0,0,0,0,"WMT"
"604","642",0,2,0,0,2,0,1,0,0,"XER"
"605","643",0,4,0,8,8,0,0.5,0,1,"XER"
"606","644",0,0,0,0,2,0,0,0,0,"CPL"
"607","645",0,0,0,0,2,0,0,0,0,"CPL"
"608","646",0,1,0,0,2,0,0.5,0,0,"NAP"
"609","647",0,0,0,0,2,0,0,0,0,"NAP"
"610","648",3,4,0,0,5,0.6,0.8,0,0,"XER"
"611","649",0,0,0,0,2,0,0,0,0,"TPL"
"612","65",0,4,0,4,48,0,0.0833333333333333,0,0.0833333333333333,"CPL"
"613","650",0,0,0,0,2,0,0,0,0,"NPL"
"614","651",4,4,4,4,5,0.8,0.8,0.8,0.8,"UMW"
"615","652",0,0,0,0,4,0,0,0,0,"XER"
"616","653",0,0,0,0,6,0,0,0,0,"UMW"
"617","654",0,0,0,0,4,0,0,0,0,"WMT"
"618","655",0,1,0,0,2,0,0.5,0,0,"WMT"
"619","656",0,0,0,0,3,0,0,0,0,"CPL"
"620","657",2,2,2,2,2,1,1,1,1,"NAP"
"621","658",0,2,0,0,2,0,1,0,0,"NAP"
"622","659",3,3,2,3,3,1,1,0.666666666666667,1,"XER"
"623","66",0,0,0,0,6,0,0,0,0,"NPL"
"624","660",0,1,0,0,6,0,0.166666666666667,0,0,"WMT"
"625","661",0,0,0,0,6,0,0,0,0,"CPL"
"626","662",4,4,0,0,4,1,1,0,0,"CPL"
"627","663",1,1,0,0,2,0.5,0.5,0,0,"CPL"
"628","664",0,0,0,0,2,0,0,0,0,"CPL"
"629","665",0,0,0,0,5,0,0,0,0,"CPL"
"630","666",0,2,0,0,4,0,0.5,0,0,"UMW"
"631","667",0,0,0,0,3,0,0,0,0,"NAP"
"632","668",0,0,0,0,3,0,0,0,0,"TPL"
"633","669",2,2,0,0,2,1,1,0,0,"XER"
"634","67",8,15,5,5,146,0.0547945205479452,0.102739726027397,0.0342465753424658,0.0342465753424658,"TPL"
"635","670",0,0,0,0,2,0,0,0,0,"NAP"
"636","671",3,3,1,1,3,1,1,0.333333333333333,0.333333333333333,"CPL"
"637","672",0,0,0,0,4,0,0,0,0,"NAP"
"638","673",0,2,0,2,6,0,0.333333333333333,0,0.333333333333333,"WMT"
"639","674",0,0,0,0,2,0,0,0,0,"WMT"
"640","675",0,0,0,0,2,0,0,0,0,"UMW"
"641","676",0,2,0,3,4,0,0.5,0,0.75,"XER"
"642","677",1,1,1,1,3,0.333333333333333,0.333333333333333,0.333333333333333,0.333333333333333,"NAP"
"643","678",0,2,0,0,3,0,0.666666666666667,0,0,"NAP"
"644","679",0,0,0,0,2,0,0,0,0,"NAP"
"645","68",33,45,24,29,364,0.0906593406593407,0.123626373626374,0.0659340659340659,0.0796703296703297,"UMW"
"646","680",0,0,0,0,3,0,0,0,0,"CPL"
"647","681",0,7,0,1,7,0,1,0,0.142857142857143,"XER"
"648","682",0,0,0,0,2,0,0,0,0,"WMT"
"649","683",2,2,2,2,2,1,1,1,1,"WMT"
"650","684",3,3,3,3,3,1,1,1,1,"WMT"
"651","685",0,0,0,0,5,0,0,0,0,"CPL"
"652","686",0,0,0,0,3,0,0,0,0,"NAP"
"653","687",0,2,0,2,2,0,1,0,1,"CPL"
"654","688",0,0,0,0,3,0,0,0,0,"UMW"
"655","689",0,0,0,0,2,0,0,0,0,"TPL"
"656","69",1,1,0,0,26,0.0384615384615385,0.0384615384615385,0,0,"CPL"
"657","690",0,0,0,0,2,0,0,0,0,"WMT"
"658","691",0,1,0,0,3,0,0.333333333333333,0,0,"NAP"
"659","692",1,1,0,0,4,0.25,0.25,0,0,"NAP"
"660","693",0,0,0,0,3,0,0,0,0,"WMT"
"661","694",0,1,0,0,2,0,0.5,0,0,"XER"
"662","695",2,2,0,0,2,1,1,0,0,"CPL"
"663","696",0,0,0,0,3,0,0,0,0,"XER"
"664","697",0,0,0,0,2,0,0,0,0,"CPL"
"665","698",0,1,0,0,2,0,0.5,0,0,"CPL"
"666","699",2,2,0,0,2,1,1,0,0,"CPL"
"667","7",7,19,5,5,153,0.0457516339869281,0.124183006535948,0.0326797385620915,0.0326797385620915,"UMW"
"668","70",3,8,0,1,29,0.103448275862069,0.275862068965517,0,0.0344827586206897,"NAP"
"669","700",0,0,0,0,2,0,0,0,0,"XER"
"670","701",1,1,0,0,4,0.25,0.25,0,0,"CPL"
"671","702",4,4,4,4,4,1,1,1,1,"NAP"
"672","703",0,0,0,0,2,0,0,0,0,"CPL"
"673","704",2,2,2,2,5,0.4,0.4,0.4,0.4,"CPL"
"674","705",0,4,0,0,9,0,0.444444444444444,0,0,"NAP"
"675","706",0,1,0,0,2,0,0.5,0,0,"UMW"
"676","707",0,2,0,3,3,0,0.666666666666667,0,1,"XER"
"677","708",0,0,0,0,3,0,0,0,0,"CPL"
"678","709",1,1,0,0,2,0.5,0.5,0,0,"CPL"
"679","71",9,25,6,28,40,0.225,0.625,0.15,0.7,"WMT"
"680","710",0,0,0,0,4,0,0,0,0,"UMW"
"681","711",0,0,0,0,4,0,0,0,0,"NAP"
"682","712",0,3,0,3,3,0,1,0,1,"WMT"
"683","713",0,0,0,0,2,0,0,0,0,"UMW"
"684","714",0,0,0,0,2,0,0,0,0,"NAP"
"685","715",1,1,0,0,2,0.5,0.5,0,0,"CPL"
"686","716",0,2,0,0,2,0,1,0,0,"XER"
"687","717",0,0,0,0,2,0,0,0,0,"TPL"
"688","718",1,1,0,0,2,0.5,0.5,0,0,"NAP"
"689","719",1,1,0,0,2,0.5,0.5,0,0,"TPL"
"690","72",4,4,0,0,12,0.333333333333333,0.333333333333333,0,0,"NAP"
"691","720",0,1,0,0,2,0,0.5,0,0,"UMW"
"692","721",0,0,0,0,5,0,0,0,0,"CPL"
"693","722",0,0,0,0,3,0,0,0,0,"WMT"
"694","723",1,2,0,0,2,0.5,1,0,0,"CPL"
"695","724",2,2,1,1,2,1,1,0.5,0.5,"CPL"
"696","725",0,0,0,0,3,0,0,0,0,"TPL"
"697","726",1,2,1,1,2,0.5,1,0.5,0.5,"XER"
"698","727",1,1,0,2,3,0.333333333333333,0.333333333333333,0,0.666666666666667,"WMT"
"699","728",0,0,0,4,4,0,0,0,1,"XER"
"700","729",0,0,0,0,2,0,0,0,0,"NAP"
"701","73",6,18,0,1,74,0.0810810810810811,0.243243243243243,0,0.0135135135135135,"NAP"
"702","730",1,2,0,0,2,0.5,1,0,0,"CPL"
"703","731",0,0,0,0,7,0,0,0,0,"NAP"
"704","732",0,2,0,2,2,0,1,0,1,"WMT"
"705","733",0,0,0,0,3,0,0,0,0,"NAP"
"706","734",2,2,0,0,2,1,1,0,0,"NAP"
"707","735",1,1,0,0,2,0.5,0.5,0,0,"UMW"
"708","736",0,0,0,0,2,0,0,0,0,"WMT"
"709","737",0,0,0,0,2,0,0,0,0,"NAP"
"710","738",2,2,1,1,2,1,1,0.5,0.5,"UMW"
"711","739",0,1,0,0,2,0,0.5,0,0,"XER"
"712","74",1,15,3,3,58,0.0172413793103448,0.258620689655172,0.0517241379310345,0.0517241379310345,"UMW"
"713","740",0,0,0,0,2,0,0,0,0,"CPL"
"714","741",0,0,0,0,2,0,0,0,0,"TPL"
"715","742",0,0,0,0,2,0,0,0,0,"SPL"
"716","743",0,0,0,0,2,0,0,0,0,"TPL"
"717","744",0,1,0,0,2,0,0.5,0,0,"NAP"
"718","745",1,2,0,0,3,0.333333333333333,0.666666666666667,0,0,"CPL"
"719","746",0,0,0,0,2,0,0,0,0,"CPL"
"720","747",0,0,0,0,2,0,0,0,0,"XER"
"721","748",2,2,0,0,3,0.666666666666667,0.666666666666667,0,0,"XER"
"722","749",0,1,0,2,2,0,0.5,0,1,"WMT"
"723","75",2,3,0,1,382,0.00523560209424084,0.00785340314136126,0,0.00261780104712042,"CPL"
"724","750",2,2,1,1,6,0.333333333333333,0.333333333333333,0.166666666666667,0.166666666666667,"NAP"
"725","751",0,0,0,0,2,0,0,0,0,"SPL"
"726","752",0,3,0,0,7,0,0.428571428571429,0,0,"UMW"
"727","753",0,0,0,0,3,0,0,0,0,"TPL"
"728","754",0,1,0,4,4,0,0.25,0,1,"XER"
"729","755",2,2,0,1,3,0.666666666666667,0.666666666666667,0,0.333333333333333,"NAP"
"730","756",0,1,0,0,3,0,0.333333333333333,0,0,"NPL"
"731","757",0,2,0,0,2,0,1,0,0,"XER"
"732","758",0,0,0,0,4,0,0,0,0,"UMW"
"733","759",1,1,0,0,2,0.5,0.5,0,0,"NAP"
"734","76",0,0,0,0,2,0,0,0,0,"UMW"
"735","760",0,0,0,0,5,0,0,0,0,"NPL"
"736","761",0,0,0,0,8,0,0,0,0,"NAP"
"737","762",0,4,0,5,5,0,0.8,0,1,"XER"
"738","763",2,2,0,0,2,1,1,0,0,"CPL"
"739","764",1,2,0,0,6,0.166666666666667,0.333333333333333,0,0,"XER"
"740","765",3,3,3,3,3,1,1,1,1,"CPL"
"741","766",1,2,0,3,5,0.2,0.4,0,0.6,"CPL"
"742","767",0,0,0,0,2,0,0,0,0,"CPL"
"743","768",0,0,0,0,2,0,0,0,0,"WMT"
"744","769",0,0,0,0,2,0,0,0,0,"CPL"
"745","77",0,0,0,0,7,0,0,0,0,"TPL"
"746","770",0,2,0,0,2,0,1,0,0,"NAP"
"747","771",0,0,0,0,3,0,0,0,0,"NAP"
"748","772",0,4,0,6,7,0,0.571428571428571,0,0.857142857142857,"XER"
"749","773",0,1,0,2,2,0,0.5,0,1,"WMT"
"750","774",0,0,0,0,4,0,0,0,0,"CPL"
"751","775",0,0,0,0,3,0,0,0,0,"CPL"
"752","776",0,0,0,0,3,0,0,0,0,"TPL"
"753","777",0,0,0,0,2,0,0,0,0,"CPL"
"754","778",2,2,2,2,2,1,1,1,1,"CPL"
"755","779",0,0,0,0,2,0,0,0,0,"NAP"
"756","78",0,5,0,0,16,0,0.3125,0,0,"NAP"
"757","780",1,1,2,2,2,0.5,0.5,1,1,"XER"
"758","781",0,0,0,0,7,0,0,0,0,"CPL"
"759","782",0,3,0,0,3,0,1,0,0,"UMW"
"760","783",0,1,0,0,3,0,0.333333333333333,0,0,"NAP"
"761","784",0,0,0,0,2,0,0,0,0,"CPL"
"762","785",0,0,0,0,2,0,0,0,0,"TPL"
"763","786",0,1,0,0,3,0,0.333333333333333,0,0,"CPL"
"764","787",1,2,0,1,2,0.5,1,0,0.5,"UMW"
"765","788",0,0,0,0,2,0,0,0,0,"UMW"
"766","789",1,1,0,0,2,0.5,0.5,0,0,"CPL"
"767","79",10,37,0,5,325,0.0307692307692308,0.113846153846154,0,0.0153846153846154,"NAP"
"768","790",0,0,0,0,2,0,0,0,0,"NAP"
"769","791",0,0,0,0,2,0,0,0,0,"CPL"
"770","792",0,1,0,0,3,0,0.333333333333333,0,0,"NAP"
"771","793",1,1,0,0,2,0.5,0.5,0,0,"NPL"
"772","794",0,1,0,0,2,0,0.5,0,0,"UMW"
"773","795",3,3,3,3,3,1,1,1,1,"WMT"
"774","796",1,1,1,1,3,0.333333333333333,0.333333333333333,0.333333333333333,0.333333333333333,"UMW"
"775","797",3,3,0,0,3,1,1,0,0,"UMW"
"776","798",0,1,0,1,2,0,0.5,0,0.5,"NAP"
"777","799",0,1,0,3,3,0,0.333333333333333,0,1,"WMT"
"778","8",0,6,0,0,32,0,0.1875,0,0,"NAP"
"779","80",3,7,7,7,20,0.15,0.35,0.35,0.35,"UMW"
"780","800",5,5,0,0,5,1,1,0,0,"CPL"
"781","801",1,1,0,0,2,0.5,0.5,0,0,"CPL"
"782","802",1,1,0,0,2,0.5,0.5,0,0,"UMW"
"783","803",0,0,0,0,3,0,0,0,0,"CPL"
"784","804",0,0,0,0,3,0,0,0,0,"NPL"
"785","805",0,0,0,0,2,0,0,0,0,"WMT"
"786","806",0,0,0,0,2,0,0,0,0,"NAP"
"787","807",0,0,0,0,2,0,0,0,0,"WMT"
"788","808",0,0,0,0,3,0,0,0,0,"CPL"
"789","809",3,3,3,3,3,1,1,1,1,"WMT"
"790","81",0,0,0,0,15,0,0,0,0,"UMW"
"791","810",0,0,0,0,3,0,0,0,0,"NPL"
"792","811",0,0,0,0,2,0,0,0,0,"CPL"
"793","812",0,1,1,1,2,0,0.5,0.5,0.5,"UMW"
"794","813",0,0,0,0,2,0,0,0,0,"XER"
"795","814",0,0,0,0,4,0,0,0,0,"NAP"
"796","815",0,0,0,0,3,0,0,0,0,"WMT"
"797","816",0,0,0,1,2,0,0,0,0.5,"CPL"
"798","817",1,1,0,0,2,0.5,0.5,0,0,"CPL"
"799","818",0,0,0,0,2,0,0,0,0,"CPL"
"800","819",0,1,0,0,3,0,0.333333333333333,0,0,"UMW"
"801","82",0,0,0,0,4,0,0,0,0,"NAP"
"802","820",3,3,0,0,3,1,1,0,0,"WMT"
"803","821",0,3,0,0,5,0,0.6,0,0,"XER"
"804","822",0,2,0,0,2,0,1,0,0,"NAP"
"805","823",1,2,0,0,2,0.5,1,0,0,"TPL"
"806","824",2,2,0,0,2,1,1,0,0,"CPL"
"807","825",0,2,2,2,2,0,1,1,1,"UMW"
"808","826",0,0,0,0,3,0,0,0,0,"CPL"
"809","827",0,0,0,0,5,0,0,0,0,"NAP"
"810","828",0,0,0,0,3,0,0,0,0,"NAP"
"811","829",0,0,0,0,3,0,0,0,0,"UMW"
"812","83",3,3,3,3,23,0.130434782608696,0.130434782608696,0.130434782608696,0.130434782608696,"TPL"
"813","830",0,0,0,0,2,0,0,0,0,"TPL"
"814","831",0,0,0,0,4,0,0,0,0,"CPL"
"815","832",0,0,0,0,3,0,0,0,0,"NAP"
"816","833",0,0,0,0,3,0,0,0,0,"NAP"
"817","834",0,2,0,2,2,0,1,0,1,"WMT"
"818","835",0,0,0,0,2,0,0,0,0,"WMT"
"819","836",0,0,0,0,2,0,0,0,0,"XER"
"820","837",0,0,0,0,2,0,0,0,0,"XER"
"821","838",1,2,1,1,2,0.5,1,0.5,0.5,"XER"
"822","839",0,0,0,0,2,0,0,0,0,"CPL"
"823","84",0,2,0,0,2,0,1,0,0,"NAP"
"824","840",0,0,0,2,2,0,0,0,1,"NPL"
"825","841",1,1,0,0,2,0.5,0.5,0,0,"TPL"
"826","842",2,2,2,2,2,1,1,1,1,"CPL"
"827","843",0,0,0,0,6,0,0,0,0,"NAP"
"828","844",0,0,0,0,2,0,0,0,0,"UMW"
"829","845",0,0,0,0,2,0,0,0,0,"UMW"
"830","846",0,0,0,0,2,0,0,0,0,"UMW"
"831","847",0,0,0,0,2,0,0,0,0,"UMW"
"832","848",1,1,0,0,2,0.5,0.5,0,0,"NAP"
"833","849",0,0,0,0,2,0,0,0,0,"NAP"
"834","85",0,0,0,0,7,0,0,0,0,"NAP"
"835","850",2,2,0,0,2,1,1,0,0,"CPL"
"836","851",0,1,0,0,4,0,0.25,0,0,"NAP"
"837","852",0,0,0,0,2,0,0,0,0,"NAP"
"838","853",1,3,1,2,4,0.25,0.75,0.25,0.5,"NPL"
"839","854",0,0,0,0,2,0,0,0,0,"WMT"
"840","855",0,0,0,0,3,0,0,0,0,"TPL"
"841","856",0,0,0,0,2,0,0,0,0,"UMW"
"842","857",0,0,0,0,2,0,0,0,0,"UMW"
"843","858",1,1,0,0,6,0.166666666666667,0.166666666666667,0,0,"TPL"
"844","859",0,0,0,0,2,0,0,0,0,"CPL"
"845","86",2,2,0,2,36,0.0555555555555556,0.0555555555555556,0,0.0555555555555556,"TPL"
"846","860",0,0,0,0,2,0,0,0,0,"XER"
"847","861",2,2,0,0,2,1,1,0,0,"WMT"
"848","862",0,0,0,0,2,0,0,0,0,"WMT"
"849","863",0,0,0,0,2,0,0,0,0,"CPL"
"850","864",1,1,0,0,2,0.5,0.5,0,0,"WMT"
"851","865",0,2,0,0,3,0,0.666666666666667,0,0,"TPL"
"852","866",1,1,0,0,2,0.5,0.5,0,0,"NPL"
"853","867",1,1,0,0,2,0.5,0.5,0,0,"NPL"
"854","868",0,2,0,2,2,0,1,0,1,"CPL"
"855","869",2,2,0,0,2,1,1,0,0,"CPL"
"856","87",3,8,3,10,181,0.0165745856353591,0.0441988950276243,0.0165745856353591,0.0552486187845304,"NAP"
"857","870",0,2,0,2,2,0,1,0,1,"WMT"
"858","871",0,0,0,0,2,0,0,0,0,"NAP"
"859","872",1,2,1,2,2,0.5,1,0.5,1,"WMT"
"860","873",0,0,0,0,3,0,0,0,0,"CPL"
"861","874",0,0,0,0,2,0,0,0,0,"TPL"
"862","875",0,0,0,0,2,0,0,0,0,"CPL"
"863","876",1,1,0,0,2,0.5,0.5,0,0,"WMT"
"864","877",0,0,0,0,2,0,0,0,0,"WMT"
"865","878",0,0,0,0,2,0,0,0,0,"UMW"
"866","879",0,2,0,2,2,0,1,0,1,"WMT"
"867","88",13,35,1,18,380,0.0342105263157895,0.0921052631578947,0.00263157894736842,0.0473684210526316,"NAP"
"868","880",0,0,0,0,2,0,0,0,0,"NAP"
"869","881",0,1,0,1,3,0,0.333333333333333,0,0.333333333333333,"NAP"
"870","882",2,2,0,0,2,1,1,0,0,"CPL"
"871","883",0,0,0,0,3,0,0,0,0,"NAP"
"872","884",0,2,0,0,2,0,1,0,0,"CPL"
"873","885",2,2,2,2,2,1,1,1,1,"CPL"
"874","886",0,0,0,0,2,0,0,0,0,"UMW"
"875","887",2,2,0,0,2,1,1,0,0,"WMT"
"876","888",1,1,0,0,2,0.5,0.5,0,0,"CPL"
"877","889",0,0,0,0,2,0,0,0,0,"CPL"
"878","89",0,0,0,0,3,0,0,0,0,"UMW"
"879","890",0,0,0,0,2,0,0,0,0,"UMW"
"880","891",2,2,1,1,2,1,1,0.5,0.5,"NAP"
"881","892",1,1,0,0,2,0.5,0.5,0,0,"NPL"
"882","893",1,1,0,0,2,0.5,0.5,0,0,"WMT"
"883","894",1,1,1,1,2,0.5,0.5,0.5,0.5,"CPL"
"884","895",2,2,0,0,2,1,1,0,0,"CPL"
"885","896",1,2,1,2,2,0.5,1,0.5,1,"WMT"
"886","897",0,0,0,0,2,0,0,0,0,"CPL"
"887","898",0,2,0,0,2,0,1,0,0,"XER"
"888","9",33,102,28,39,2247,0.0146862483311081,0.0453938584779706,0.0124610591900312,0.0173564753004005,"CPL"
"889","90",22,49,23,42,420,0.0523809523809524,0.116666666666667,0.0547619047619048,0.1,"SAP"
"890","91",3,6,0,0,9,0.333333333333333,0.666666666666667,0,0,"CPL"
"891","92",2,6,2,2,75,0.0266666666666667,0.08,0.0266666666666667,0.0266666666666667,"NAP"
"892","93",0,0,0,0,23,0,0,0,0,"CPL"
"893","94",1,1,0,2,7,0.142857142857143,0.142857142857143,0,0.285714285714286,"CPL"
"894","95",6,10,5,16,21,0.285714285714286,0.476190476190476,0.238095238095238,0.761904761904762,"XER"
"895","96",0,0,0,0,13,0,0,0,0,"NAP"
"896","97",0,3,0,0,14,0,0.214285714285714,0,0,"UMW"
"897","98",68,79,67,79,92,0.739130434782609,0.858695652173913,0.728260869565217,0.858695652173913,"WMT"
"898","99",14,31,6,33,105,0.133333333333333,0.295238095238095,0.0571428571428571,0.314285714285714,"XER"
