"net_id","GAP12_ctr","GAP123_ctr","GAP12_80pct","GAP123_80pct","nHubs","GAP12_ctr_pct","GAP123_ctr_pct","GAP12_80pct_pct","GAP123_80pct_pct","edge_dens","artic_count","min_cut_lat","maxkmNS","net_lakes_n","net_averagelakedistance_km","net_rangeorder","net_dams_n","vert_btwn_centr_norm_mean","artic_pct","artic_pct_inv","DamRate","DamRate_inv","WSA9","PCconnall","net_GAP12_ctr_pct","net_GAP123_ctr_pct","net_GAP12_80pct_pct","net_GAP123_80pct_pct"
"10",9,14,3,7,71,12.68,19.72,4.23,9.86,0.246508373,661,1,505.3960943,2659,463.991,6,1099,0.000705461,0.248589695374201,0.751410304625799,0.413313275667544,0.586686724332456,"NAP",6.37576880893358,0.0530274539300489,0.117337344866491,0.119217751034223,0.158330199323054
"100",0,0,0,0,11,0,0,0,0,0.691929006,38,206,187.6708927,249,156.723,4,93,0.001488126,0.152610441767068,0.847389558232932,0.373493975903614,0.626506024096386,"CPL",5.12097885855434,0.00803212851405622,0.0120481927710843,0.00401606425702811,0.00803212851405622
"102",0,0,0,0,4,0,0,0,0,0.047730829,26,1,87.56730797,72,19.835,5,14,0.042454728,0.361111111111111,0.638888888888889,0.194444444444444,0.805555555555556,"NAP",1.63065365112499,0.0138888888888889,0.0277777777777778,0.0138888888888889,0.0277777777777778
"103",0,0,0,0,1,0,0,0,0,0.168091168,10,1,31.86647106,27,16.329,4,7,0.101424501,0.37037037037037,0.62962962962963,0.259259259259259,0.740740740740741,"CPL",1.03685265602292,0.037037037037037,0.037037037037037,0,0.0740740740740741
"104",0,0,0,0,1,0,0,0,0,0.235294118,9,1,36.13940422,17,36.546,4,14,0.112254902,0.529411764705882,0.470588235294118,0.823529411764706,0.176470588235294,"TPL",1.86500800058388,0.0588235294117647,0.117647058823529,0,0
"105",0,0,0,0,2,0,0,0,0,0.842857143,3,1,39.43475763,36,40.926,4,13,0.006255836,0.0833333333333333,0.916666666666667,0.361111111111111,0.638888888888889,"CPL",2.55506502426517,0.0555555555555556,0.222222222222222,0.0555555555555556,0.111111111111111
"106",NA,NA,NA,NA,0,NA,NA,NA,NA,0.133333333,13,1,29.30159456,15,2.277,3,0,0.333333333,0.866666666666667,0.133333333333333,0,1,"XER",4.23935626980514,0.0666666666666667,0.533333333333333,0,0.2
"108",NA,NA,NA,NA,0,NA,NA,NA,NA,0.4,3,1,14.51939625,5,6.402,1,5,0.333333333,0.6,0.4,1,0,"XER",3.37221330951966,1,1,0,0.8
"109",2,2,2,2,3,66.67,66.67,66.67,66.67,0.266968326,18,7,66.10771214,52,49.468,5,8,0.028084465,0.346153846153846,0.653846153846154,0.153846153846154,0.846153846153846,"WMT",1.16256022133009,0.673076923076923,0.711538461538462,0.673076923076923,0.711538461538462
"11",3,3,1,2,16,18.75,18.75,6.25,12.5,0.055266115,353,2,380.4055206,754,461.634,5,250,0.010299112,0.46816976127321,0.53183023872679,0.331564986737401,0.668435013262599,"UMW",2.39953717458179,0.171087533156499,0.238726790450928,0.0331564986737401,0.0437665782493369
"110",0,0,0,0,8,0,0,0,0,0.028968135,82,1,67.97372994,142,15.871,5,31,0.04961685,0.577464788732394,0.422535211267606,0.21830985915493,0.78169014084507,"UMW",2.18520202473721,0.0422535211267606,0.154929577464789,0,0
"111",0,0,0,0,1,0,0,0,0,0.267973856,5,1,54.53397882,18,24.303,5,12,0.065359477,0.277777777777778,0.722222222222222,0.666666666666667,0.333333333333333,"WMT",1.12659672964107,0.0555555555555556,0.0555555555555556,0.166666666666667,0.166666666666667
"112",NA,NA,NA,NA,0,NA,NA,NA,NA,1,0,4,17.39482092,5,46.563,3,9,0,0,1,1.8,-0.8,"TPL",5.2579132113152,0.2,0.2,0,0
"113",NA,NA,NA,NA,0,NA,NA,NA,NA,0.533333333,3,1,30.27655102,10,24.611,4,0,0.083333333,0.3,0.7,0,1,"CPL",1.33216584641484,0.3,0.3,0.2,0.2
"114",0,0,0,0,3,0,0,0,0,0.079183673,24,2,41.64065495,50,44.149,4,20,0.093044218,0.48,0.52,0.4,0.6,"UMW",1.54831605893371,0,0.06,0,0
"115",2,2,0,0,2,100,100,0,0,0.102682701,23,5,35.96636603,47,18.131,4,1,0.086771508,0.48936170212766,0.51063829787234,0.0212765957446809,0.978723404255319,"UMW",1.83760040186179,0.361702127659574,0.361702127659574,0.319148936170213,0.319148936170213
"117",0,0,0,0,4,0,0,0,0,0.257653061,12,1,97.05337443,49,42.695,6,10,0.028459256,0.244897959183673,0.755102040816326,0.204081632653061,0.795918367346939,"UMW",1.22224530204948,0.0816326530612245,0.183673469387755,0.0612244897959184,0.0612244897959184
"118",0,1,0,1,1,0,100,0,100,0.582010582,4,1,82.27943894,28,95.114,5,31,0.02014652,0.142857142857143,0.857142857142857,1.10714285714286,-0.107142857142857,"WMT",2.64630198516334,0.214285714285714,0.428571428571429,0.107142857142857,0.464285714285714
"119",0,1,0,1,3,0,33.33,0,33.33,0.141414141,13,2,220.237668,45,85.409,6,55,0.057810665,0.288888888888889,0.711111111111111,1.22222222222222,-0.222222222222222,"WMT",2.67634014437769,0.0222222222222222,0.4,0.0222222222222222,0.555555555555556
"120",1,1,0,0,7,14.29,14.29,0,0,0.087981147,42,1,73.69452811,134,34.788,5,72,0.021662875,0.313432835820896,0.686567164179104,0.537313432835821,0.462686567164179,"NAP",1.55141063715304,0.0373134328358209,0.156716417910448,0,0.0373134328358209
"122",1,1,0,0,1,100,100,0,0,0.393162393,5,4,90.12543529,27,65.892,5,12,0.02951567,0.185185185185185,0.814814814814815,0.444444444444444,0.555555555555556,"XER",1.20115553324484,0.111111111111111,0.222222222222222,0.0740740740740741,0.0740740740740741
"123",1,2,0,0,3,33.33,66.67,0,0,0.180668473,29,30,63.8221928,82,76.126,5,18,0.029938272,0.353658536585366,0.646341463414634,0.219512195121951,0.780487804878049,"UMW",1.34330352992466,0.378048780487805,0.463414634146341,0.439024390243902,0.439024390243902
"125",0,0,0,0,1,0,0,0,0,0.488888889,2,1,10.53264413,10,21.63,2,3,0.072222222,0.2,0.8,0.3,0.7,"NAP",1.02601399101937,0,0.3,0.3,0.3
"126",0,0,0,0,10,0,0,0,0,0.300916276,31,80,110.7962505,304,81.482,6,69,0.004116282,0.101973684210526,0.898026315789474,0.226973684210526,0.773026315789474,"SAP",2.51346321369891,0.00328947368421053,0.00328947368421053,0,0
"127",NA,NA,NA,NA,0,NA,NA,NA,NA,0.549425287,8,21,36.87930692,30,86.548,5,6,0.022660099,0.266666666666667,0.733333333333333,0.2,0.8,"UMW",1.30298642313901,0.0333333333333333,0.0666666666666667,0,0
"129",NA,NA,NA,NA,0,NA,NA,NA,NA,0.577075099,3,16,45.87526519,23,58.676,3,23,0.022209674,0.130434782608696,0.869565217391304,1,0,"CPL",2.43260062299208,0.0869565217391304,0.217391304347826,0.0434782608695652,0.0434782608695652
"13",0,2,0,0,10,0,20,0,0,0.128277545,87,1,119.2570329,240,122.384,6,26,0.012696166,0.3625,0.6375,0.108333333333333,0.891666666666667,"UMW",1.6575060419771,0.00416666666666667,0.308333333333333,0,0.0125
"130",1,1,0,0,3,33.33,33.33,0,0,0.17979798,19,13,42.36750175,45,61.623,4,7,0.04756871,0.422222222222222,0.577777777777778,0.155555555555556,0.844444444444444,"UMW",1.35352634645324,0.266666666666667,0.288888888888889,0.4,0.4
"132",0,3,1,3,4,0,75,25,75,0.043440637,57,1,206.6411583,108,43.051,6,12,0.039822489,0.527777777777778,0.472222222222222,0.111111111111111,0.888888888888889,"WMT",2.08919419369192,0.712962962962963,0.972222222222222,0.787037037037037,0.953703703703704
"133",0,0,0,0,7,0,0,0,0,0.626682987,30,135,97.06989581,172,93.069,2,35,0.004023968,0.174418604651163,0.825581395348837,0.203488372093023,0.796511627906977,"CPL",3.50677495842289,0.00581395348837209,0.0116279069767442,0,0.0116279069767442
"134",0,0,0,0,1,0,0,0,0,0.264102564,11,1,70.37510176,40,43.912,6,40,0.069197031,0.275,0.725,1,0,"XER",1.9278958518207,0.05,0.425,0.025,0.15
"135",0,0,0,0,1,0,0,0,0,0.286231884,9,11,33.3215659,24,26.357,4,6,0.058465086,0.375,0.625,0.25,0.75,"NAP",0.831826640231944,0,0.166666666666667,0.0833333333333333,0.0833333333333333
"136",0,0,0,0,1,0,0,0,0,0.828571429,1,18,101.5683874,21,80.306,4,30,0.009022556,0.0476190476190476,0.952380952380952,1.42857142857143,-0.428571428571429,"XER",3.99962073733383,0.0476190476190476,0.0952380952380952,0,0
"137",0,0,0,0,1,0,0,0,0,0.5,1,1,8.830642042,5,13.706,4,2,0.166666667,0.2,0.8,0.4,0.6,"XER",1.15913525248191,0.2,0.2,0.2,0.4
"139",0,0,0,0,10,0,0,0,0,0.227989613,50,13,194.8406151,271,204.245,6,162,0.006222104,0.18450184501845,0.81549815498155,0.597785977859779,0.402214022140221,"NAP",1.63473900992489,0.022140221402214,0.0701107011070111,0.022140221402214,0.025830258302583
"14",0,2,0,1,3,0,66.67,0,33.33,0.058653846,26,6,143.1110167,65,30.006,5,28,0.047229853,0.4,0.6,0.430769230769231,0.569230769230769,"WMT",1.51909083562713,0.446153846153846,0.769230769230769,0.384615384615385,0.8
"140",0,1,0,1,3,0,33.33,0,33.33,0.119512195,13,1,120.0043929,41,36.843,6,56,0.053377111,0.317073170731707,0.682926829268293,1.36585365853659,-0.365853658536585,"WMT",3.0848298183292,0.121951219512195,0.48780487804878,0.121951219512195,0.48780487804878
"141",2,2,0,0,2,100,100,0,0,0.133333333,13,1,4.042661396,25,4.322,3,2,0.15826087,0.52,0.48,0.08,0.92,"CPL",1.86739480079692,0.4,0.72,0.04,0.04
"142",0,0,0,0,1,0,0,0,0,0.172307692,11,8,19.80638929,26,18.288,4,15,0.084871795,0.423076923076923,0.576923076923077,0.576923076923077,0.423076923076923,"CPL",1.21152545352482,0.461538461538462,0.461538461538462,0.153846153846154,0.153846153846154
"144",NA,NA,NA,NA,0,NA,NA,NA,NA,0.761904762,2,12,18.10838471,15,25.744,2,0,0.019047619,0.133333333333333,0.866666666666667,0,1,"UMW",2.38059057229051,0,0.8,0,0.266666666666667
"145",1,2,1,2,2,50,100,50,100,0.276679842,7,10,72.48363013,23,120.244,4,21,0.064746847,0.304347826086957,0.695652173913043,0.91304347826087,0.0869565217391305,"WMT",1.66846504331116,0.217391304347826,0.652173913043478,0.217391304347826,0.478260869565217
"146",0,0,0,0,1,0,0,0,0,0.25,8,8,23.79281709,33,26.878,4,14,0.034640762,0.242424242424242,0.757575757575758,0.424242424242424,0.575757575757576,"TPL",1.08210611944943,0,0,0,0
"147",1,1,1,1,1,100,100,100,100,0.402173913,4,1,47.73852153,24,35.595,2,0,0.049736495,0.166666666666667,0.833333333333333,0,1,"CPL",1.61143194497008,0.958333333333333,1,0.125,0.125
"148",0,0,0,0,1,0,0,0,0,0.366666667,4,2,51.42283831,21,20.468,5,12,0.050125313,0.19047619047619,0.80952380952381,0.571428571428571,0.428571428571429,"CPL",1.18183885658412,0.285714285714286,0.285714285714286,0,0
"15",0,2,0,0,24,0,8.33,0,0,0.326284091,142,426,173.6281866,765,194.505,6,424,0.001500851,0.18562091503268,0.81437908496732,0.554248366013072,0.445751633986928,"SAP",10.2506268965339,0.0274509803921569,0.0522875816993464,0.0065359477124183,0.0300653594771242
"150",NA,NA,NA,NA,0,NA,NA,NA,NA,0.807881773,3,25,30.81995048,29,62.419,3,11,0.007389163,0.103448275862069,0.896551724137931,0.379310344827586,0.620689655172414,"NAP",2.41008761246043,0.0344827586206897,0.103448275862069,0,0
"151",1,1,0,0,3,33.33,33.33,0,0,0.164502165,11,2,50.63171903,22,34.545,2,24,0.101515152,0.5,0.5,1.09090909090909,-0.0909090909090908,"CPL",2.45909007101672,0.0454545454545455,0.0454545454545455,0,0
"152",NA,NA,NA,NA,0,NA,NA,NA,NA,0.4,3,1,7.65416519,5,3.07,3,4,0.333333333,0.6,0.4,0.8,0.2,"NAP",3.10835753648928,0.2,0.2,0.2,0.2
"153",0,0,0,0,8,0,0,0,0,0.093216398,78,1,85.75847683,174,60.037,5,36,0.017476626,0.448275862068966,0.551724137931034,0.206896551724138,0.793103448275862,"UMW",1.72788549547201,0.0114942528735632,0.028735632183908,0,0
"154",0,0,0,0,1,0,0,0,0,0.476190476,4,1,29.65320004,15,17.576,4,5,0.054212454,0.266666666666667,0.733333333333333,0.333333333333333,0.666666666666667,"NAP",0.821492252342762,0,0,0,0
"156",0,1,0,0,2,0,50,0,0,0.139705882,10,1,25.88630656,17,6.621,3,7,0.210294118,0.588235294117647,0.411764705882353,0.411764705882353,0.588235294117647,"NAP",2.15041963529605,0.0588235294117647,0.176470588235294,0,0.0588235294117647
"158",NA,NA,NA,NA,0,NA,NA,NA,NA,0.333333333,3,1,2.142567742,6,7.929,2,4,0.266666667,0.5,0.5,0.666666666666667,0.333333333333333,"CPL",2.15456366730819,0,0,0,0
"16",0,0,0,2,17,0,0,0,11.76,0.263082707,66,26,128.3191533,400,146.166,5,134,0.002957677,0.165,0.835,0.335,0.665,"CPL",1.70700291883374,0.0025,0.005,0,0.0125
"160",3,3,1,1,8,37.5,37.5,12.5,12.5,0.050041935,80,1,122.7284339,147,159.94,6,52,0.034433915,0.54421768707483,0.45578231292517,0.353741496598639,0.646258503401361,"TPL",1.99611826447094,0.163265306122449,0.19047619047619,0.0204081632653061,0.0204081632653061
"161",0,0,0,0,1,0,0,0,0,0.642857143,1,2,131.6472509,8,49.252,3,2,0.05952381,0.125,0.875,0.25,0.75,"CPL",1.72843030163415,0.125,0.125,0,0
"162",0,0,0,0,3,0,0,0,0,0.09280303,18,1,16.21478937,33,5.665,4,27,0.120234604,0.545454545454545,0.454545454545455,0.818181818181818,0.181818181818182,"NAP",2.16621807034921,0.0303030303030303,0.303030303030303,0,0
"164",0,1,0,1,1,0,100,0,100,0.11954023,17,1,18.81060337,30,10.463,2,0,0.152134647,0.566666666666667,0.433333333333333,0,1,"UMW",2.16337699510345,0.0666666666666667,0.766666666666667,0.0333333333333333,0.933333333333333
"165",0,0,0,0,2,0,0,0,0,0.702898551,4,19,112.3077066,24,142.213,1,8,0.017786561,0.166666666666667,0.833333333333333,0.333333333333333,0.666666666666667,"CPL",1.85923996263206,0,0,0,0
"166",0,0,0,0,2,0,0,0,0,0.56849753,38,1,143.1610374,186,139.279,3,93,0.004146292,0.204301075268817,0.795698924731183,0.5,0.5,"CPL",1.51291178464746,0.0268817204301075,0.0268817204301075,0.00537634408602151,0.00537634408602151
"168",1,2,0,0,4,25,50,0,0,0.321648815,25,1,72.12353377,79,58.194,4,62,0.017969372,0.316455696202532,0.683544303797468,0.784810126582278,0.215189873417722,"SAP",1.49974993699203,0.0506329113924051,0.253164556962025,0,0
"169",1,2,0,0,2,50,100,0,0,0.297682709,9,15,43.10441688,34,40.756,4,1,0.049131016,0.264705882352941,0.735294117647059,0.0294117647058824,0.970588235294118,"UMW",1.3207962746971,0.147058823529412,0.588235294117647,0.411764705882353,0.411764705882353
"17",0,1,0,0,10,0,10,0,0,0.303452774,34,2,166.9418764,222,105.808,6,66,0.005435608,0.153153153153153,0.846846846846847,0.297297297297297,0.702702702702703,"CPL",1.54381420747151,0,0.0135135135135135,0,0.0045045045045045
"173",NA,NA,NA,NA,0,NA,NA,NA,NA,0.652631579,4,1,27.93006874,20,25.393,2,3,0.025730994,0.2,0.8,0.15,0.85,"CPL",1.71179003369373,0.05,0.15,0.05,0.1
"175",NA,NA,NA,NA,0,NA,NA,NA,NA,0.277777778,4,1,20.31467178,9,12.734,4,3,0.194444444,0.444444444444444,0.555555555555556,0.333333333333333,0.666666666666667,"UMW",1.29153824316556,0,0,0,0
"177",0,1,0,0,3,0,33.33,0,0,0.152861953,19,1,96.62927275,55,67.362,5,9,0.043211994,0.345454545454545,0.654545454545455,0.163636363636364,0.836363636363636,"UMW",1.33276044400385,0.0727272727272727,0.290909090909091,0.2,0.2
"178",NA,NA,NA,NA,0,NA,NA,NA,NA,0.4,3,1,8.40401352,5,1.328,1,4,0.333333333,0.6,0.4,0.8,0.2,"CPL",3.10835753648928,0.2,0.2,0,0
"18",0,0,0,0,16,0,0,0,0,0.405140438,79,4,130.1909486,410,75.119,5,99,0.002338524,0.192682926829268,0.807317073170732,0.241463414634146,0.758536585365854,"CPL",1.55237756677668,0.0048780487804878,0.0121951219512195,0.0048780487804878,0.00975609756097561
"180",NA,NA,NA,NA,0,NA,NA,NA,NA,0.472727273,2,1,16.18677741,11,17.878,2,0,0.082828283,0.181818181818182,0.818181818181818,0,1,"UMW",1.51422329477464,0.0909090909090909,0.909090909090909,0,0.363636363636364
"184",0,0,0,0,1,0,0,0,0,0.337092732,9,14,86.65254753,57,48.4,4,34,0.020710868,0.157894736842105,0.842105263157895,0.596491228070175,0.403508771929825,"CPL",1.49852765583607,0.0701754385964912,0.263157894736842,0,0.0350877192982456
"185",0,0,0,0,1,0,0,0,0,0.21978022,6,1,15.75213389,14,5.133,3,5,0.159340659,0.428571428571429,0.571428571428571,0.357142857142857,0.642857142857143,"NAP",1.11649352661938,0,0,0,0
"187",0,0,0,0,1,0,0,0,0,0.533333333,6,17,9.005019309,25,12.355,2,2,0.044782609,0.24,0.76,0.08,0.92,"CPL",1.37123928938569,0,0,0,0
"188",3,3,0,0,3,100,100,0,0,0.103962704,36,1,39.38981251,66,33.219,4,18,0.047304779,0.545454545454545,0.454545454545455,0.272727272727273,0.727272727272727,"CPL",1.84914733891355,0.378787878787879,0.439393939393939,0.0909090909090909,0.0909090909090909
"189",7,7,7,7,7,100,100,100,100,0.242766006,46,1,141.7070558,133,32.055,6,2,0.012522632,0.345864661654135,0.654135338345865,0.0150375939849624,0.984962406015038,"WMT",1.55405295493274,0.977443609022556,0.992481203007519,0.977443609022556,0.984962406015038
"19",0,0,0,0,1,0,0,0,0,0.104761905,14,1,28.67499508,21,4.353,4,13,0.206265664,0.666666666666667,0.333333333333333,0.619047619047619,0.380952380952381,"SAP",2.6261981492778,0,0.0952380952380952,0,0
"190",1,1,0,0,2,50,50,0,0,0.388888889,3,1,10.30078074,9,5.028,3,6,0.134920635,0.333333333333333,0.666666666666667,0.666666666666667,0.333333333333333,"NAP",0.944000594938378,0.111111111111111,0.222222222222222,0,0
"191",NA,NA,NA,NA,0,NA,NA,NA,NA,0.357142857,3,1,23.91361501,8,15.87,3,2,0.172619048,0.375,0.625,0.25,0.75,"WMT",0.931531836087432,0,0,0,0
"192",NA,NA,NA,NA,0,NA,NA,NA,NA,1,0,25,30.58532275,26,62.475,2,18,0,0,1,0.692307692307692,0.307692307692308,"CPL",3.45183818558038,0,0.0769230769230769,0,0.115384615384615
"194",0,0,0,0,4,0,0,0,0,0.138551031,24,1,57.81772159,62,36.067,5,24,0.036550326,0.387096774193548,0.612903225806452,0.387096774193548,0.612903225806452,"UMW",1.29129463663642,0.0161290322580645,0.161290322580645,0.161290322580645,0.161290322580645
"195",NA,NA,NA,NA,0,NA,NA,NA,NA,0.733333333,1,4,8.966184029,6,18.999,1,3,0.066666667,0.166666666666667,0.833333333333333,0.5,0.5,"CPL",1.78860827220054,0.333333333333333,0.5,0,0
"196",0,0,0,0,1,0,0,0,0,0.797385621,2,15,61.81022149,18,63.524,2,4,0.013071895,0.111111111111111,0.888888888888889,0.222222222222222,0.777777777777778,"CPL",2.35443029061277,0.111111111111111,0.111111111111111,0.111111111111111,0.111111111111111
"198",NA,NA,NA,NA,0,NA,NA,NA,NA,0.4,3,1,6.97010675,5,1.857,1,3,0.333333333,0.6,0.4,0.6,0.4,"NAP",2.93535940479752,0,0,0,0
"199",1,3,0,0,6,16.67,50,0,0,0.207099081,29,1,67.31032614,89,48.749,4,35,0.018365562,0.325842696629214,0.674157303370786,0.393258426966292,0.606741573033708,"NAP",1.16631935024187,0.0224719101123595,0.202247191011236,0,0
"2",5,5,0,0,72,6.94,6.94,0,0,0.070305614,804,1,491.7308903,3241,350.505,7,1760,0.001732476,0.248071582844801,0.751928417155199,0.543042270904042,0.456957729095958,"CPL",7.88375324073527,0.0178957112002468,0.0268435668003703,0.00617093489663684,0.01172477630361
"20",0,4,0,0,37,0,10.81,0,0,0.155627055,376,1,434.2133698,1118,200.483,6,746,0.002346857,0.336314847942755,0.663685152057245,0.667262969588551,0.332737030411449,"NAP",2.92595142159559,0.0438282647584973,0.223613595706619,0.0152057245080501,0.0966010733452594
"200",1,2,2,4,4,25,50,50,100,0.05406746,38,1,22.54564444,64,15.207,4,0,0.095742127,0.59375,0.40625,0,1,"UMW",2.34734914805728,0.515625,0.90625,0.421875,0.921875
"201",0,0,0,0,4,0,0,0,0,0.129554656,15,1,36.93947122,39,12.205,4,20,0.071524966,0.384615384615385,0.615384615384615,0.512820512820513,0.487179487179487,"NAP",1.23204819572495,0.0256410256410256,0.0512820512820513,0,0.0256410256410256
"202",0,1,0,0,1,0,100,0,0,0.173913043,12,4,42.08194581,23,18.115,4,18,0.127046866,0.521739130434783,0.478260869565217,0.782608695652174,0.217391304347826,"CPL",1.86269380199705,0.217391304347826,0.304347826086957,0.0434782608695652,0.0434782608695652
"204",0,0,0,0,2,0,0,0,0,0.14021164,13,4,20.29353125,28,7.682,4,11,0.102564103,0.464285714285714,0.535714285714286,0.392857142857143,0.607142857142857,"NAP",1.30262065465971,0.0357142857142857,0.0357142857142857,0,0
"205",0,0,0,0,1,0,0,0,0,0.296703297,4,1,30.48300014,14,20.95,4,8,0.117216117,0.285714285714286,0.714285714285714,0.571428571428571,0.428571428571429,"NAP",0.798672907139325,0.0714285714285714,0.214285714285714,0.0714285714285714,0.0714285714285714
"207",1,1,1,1,6,16.67,16.67,16.67,16.67,0.307963562,23,44,52.00166975,83,95.804,3,8,0.01713811,0.27710843373494,0.72289156626506,0.0963855421686747,0.903614457831325,"NAP",1.56107922466316,0.204819277108434,0.216867469879518,0.27710843373494,0.373493975903614
"209",0,0,0,0,1,0,0,0,0,0.227941176,6,6,14.44247439,17,13.192,5,11,0.149509804,0.352941176470588,0.647058823529412,0.647058823529412,0.352941176470588,"NAP",1.14443310221732,0,0.0588235294117647,0,0
"21",1,2,0,0,7,14.29,28.57,0,0,0.207857304,146,1,539.4367778,516,224.505,5,107,0.010826591,0.282945736434109,0.717054263565891,0.207364341085271,0.792635658914729,"CPL",1.6456375619317,0.0387596899224806,0.10077519379845,0.0174418604651163,0.063953488372093
"210",NA,NA,NA,NA,0,NA,NA,NA,NA,0.333333333,4,1,3.455878841,7,1.502,2,0,0.257142857,0.571428571428571,0.428571428571429,0,1,"TPL",2.43262586695347,0,0.285714285714286,0,0
"211",1,1,0,0,1,100,100,0,0,0.785714286,1,6,21.18174024,8,45.036,5,5,0.035714286,0.125,0.875,0.625,0.375,"XER",2.24901949994379,0.125,0.375,0,0.125
"212",0,0,0,0,2,0,0,0,0,0.138257576,9,1,16.51413415,33,11.34,4,5,0.056634897,0.272727272727273,0.727272727272727,0.151515151515152,0.848484848484849,"UMW",1.38359295664269,0.121212121212121,0.151515151515152,0.121212121212121,0.121212121212121
"213",NA,NA,NA,NA,0,NA,NA,NA,NA,0.416666667,3,4,5.183922958,9,11.709,2,7,0.134920635,0.333333333333333,0.666666666666667,0.777777777777778,0.222222222222222,"NAP",1.22613888442341,0,0.111111111111111,0,0.333333333333333
"214",0,0,0,0,4,0,0,0,0,0.069767442,19,1,55.27477731,43,11.603,4,15,0.091645734,0.441860465116279,0.558139534883721,0.348837209302326,0.651162790697674,"NAP",1.47454327398365,0.0232558139534884,0.0232558139534884,0,0
"215",0,1,0,0,2,0,50,0,0,0.287878788,3,1,31.34711002,12,20.509,5,3,0.110606061,0.25,0.75,0.25,0.75,"SAP",0.82132355370953,0.166666666666667,0.416666666666667,0,0
"216",0,0,0,0,1,0,0,0,0,0.476190476,2,2,22.77915325,7,25.473,4,1,0.133333333,0.285714285714286,0.714285714285714,0.142857142857143,0.857142857142857,"UMW",0.946830541465945,0,0.142857142857143,0,0.142857142857143
"220",NA,NA,NA,NA,0,NA,NA,NA,NA,0.761904762,1,5,9.428118656,7,29.331,1,4,0.047619048,0.142857142857143,0.857142857142857,0.571428571428571,0.428571428571429,"UMW",2.04436145467955,0.428571428571429,0.714285714285714,0,0
"221",NA,NA,NA,NA,0,NA,NA,NA,NA,0.485714286,3,1,31.03724039,15,30.563,4,1,0.057142857,0.2,0.8,0.0666666666666667,0.933333333333333,"CPL",1.39437697534127,0.133333333333333,0.2,0.0666666666666667,0.0666666666666667
"222",0,2,0,2,2,0,100,0,100,0.333333333,3,1,30.56702613,9,19.816,5,4,0.142857143,0.333333333333333,0.666666666666667,0.444444444444444,0.555555555555556,"XER",0.60878927669921,0,0.555555555555556,0,0.555555555555556
"223",1,1,1,1,1,100,100,100,100,0.175824176,7,2,11.57250818,14,4.074,4,0,0.173992674,0.5,0.5,0,1,"WMT",1.89519244898107,1,1,1,1
"224",NA,NA,NA,NA,0,NA,NA,NA,NA,0.561264822,6,1,32.5306375,23,45.306,3,0,0.023715415,0.260869565217391,0.739130434782609,0,1,"UMW",1.63529557195628,0,0.0434782608695652,0.0434782608695652,0.0434782608695652
"225",1,1,0,0,4,25,25,0,0,0.12962963,12,1,23.32527452,28,6.714,4,11,0.074888075,0.428571428571429,0.571428571428571,0.392857142857143,0.607142857142857,"NAP",1.26773027126727,0.214285714285714,0.214285714285714,0.107142857142857,0.107142857142857
"227",NA,NA,NA,NA,0,NA,NA,NA,NA,0.783333333,1,13,54.89358705,16,49.601,3,14,0.01547619,0.0625,0.9375,0.875,0.125,"XER",2.81150759969219,0.1875,0.5,0.0625,0.0625
"23",4,11,3,13,14,28.57,78.57,21.43,92.86,0.013337624,124,1,41.64633715,237,8.113,4,1,0.049096243,0.523206751054852,0.476793248945148,0.00421940928270042,0.9957805907173,"UMW",2.27387135363871,0.582278481012658,0.945147679324895,0.548523206751055,0.940928270042194
"230",0,0,0,0,2,0,0,0,0,0.197628458,9,1,14.15756665,23,4.242,3,10,0.103143234,0.391304347826087,0.608695652173913,0.434782608695652,0.565217391304348,"NAP",0.920461607375645,0.0434782608695652,0.0434782608695652,0,0
"232",NA,NA,NA,NA,0,NA,NA,NA,NA,0.615384615,3,9,52.23358891,13,86.85,5,35,0.048951049,0.230769230769231,0.769230769230769,2.69230769230769,-1.69230769230769,"WMT",6.76620225078281,0.153846153846154,0.692307692307692,0,0.461538461538462
"233",0,0,0,0,2,0,0,0,0,0.10453284,14,6,36.80440918,47,20.387,4,9,0.066378867,0.297872340425532,0.702127659574468,0.191489361702128,0.808510638297872,"NAP",1.35876533488724,0.0212765957446809,0.0638297872340425,0,0
"234",0,0,0,0,1,0,0,0,0,0.185507246,12,3,53.60447205,46,20.79,4,13,0.044268775,0.260869565217391,0.739130434782609,0.282608695652174,0.717391304347826,"CPL",1.16972997129209,0.0217391304347826,0.0217391304347826,0,0.0434782608695652
"235",0,0,2,2,5,0,0,40,40,0.122038299,25,1,54.60349984,79,52.87,5,10,0.026648457,0.316455696202532,0.683544303797468,0.126582278481013,0.873417721518987,"UMW",1.54720600356679,0.518987341772152,0.518987341772152,0.645569620253165,0.645569620253165
"236",NA,NA,NA,NA,0,NA,NA,NA,NA,0.406593407,4,7,189.1563631,14,146.516,5,12,0.06043956,0.285714285714286,0.714285714285714,0.857142857142857,0.142857142857143,"XER",1.49013163163619,0.0714285714285714,0.214285714285714,0,0
"237",0,1,0,0,3,0,33.33,0,0,0.177248677,12,1,106.2251786,28,53.324,5,19,0.061762312,0.428571428571429,0.571428571428571,0.678571428571429,0.321428571428571,"WMT",1.43633299449149,0.0714285714285714,0.178571428571429,0.0357142857142857,0.107142857142857
"238",0,0,0,0,1,0,0,0,0,0.2,5,1,6.953656371,10,1.521,2,0,0.2,0.5,0.5,0,1,"TPL",1.97668270527105,0.1,0.2,0,0
"239",0,0,0,0,1,0,0,0,0,0.282051282,6,1,13.26401915,13,12.369,4,6,0.10955711,0.461538461538462,0.538461538461538,0.461538461538462,0.538461538461538,"CPL",0.979430265967948,0,0.307692307692308,0,0
"24",5,6,3,3,61,8.2,9.84,4.92,4.92,0.191831512,326,69,316.3759383,1810,280.206,7,910,0.000822096,0.180110497237569,0.819889502762431,0.502762430939227,0.497237569060773,"CPL",4.67801109363298,0.0248618784530387,0.0331491712707182,0.00994475138121547,0.0160220994475138
"240",1,1,1,1,2,50,50,50,50,0.719298246,3,15,124.878897,19,119.8,3,10,0.01754386,0.157894736842105,0.842105263157895,0.526315789473684,0.473684210526316,"CPL",1.96063845999626,0.105263157894737,0.157894736842105,0.0526315789473684,0.157894736842105
"242",NA,NA,NA,NA,0,NA,NA,NA,NA,0.533333333,2,1,19.56768349,6,17.951,2,4,0.133333333,0.333333333333333,0.666666666666667,0.666666666666667,0.333333333333333,"UMW",1.1032221572751,0,0,0,0.166666666666667
"243",0,0,0,0,1,0,0,0,0,0.228571429,5,1,36.35925274,15,23.045,4,5,0.095970696,0.333333333333333,0.666666666666667,0.333333333333333,0.666666666666667,"UMW",0.75216523010195,0,0.2,0,0.2
"244",0,0,0,0,4,0,0,0,0,0.072653061,21,1,70.11863481,50,24.289,5,14,0.074982993,0.42,0.58,0.28,0.72,"UMW",1.46269206280197,0.06,0.3,0.28,0.28
"247",NA,NA,NA,NA,0,NA,NA,NA,NA,1,0,5,6.285894778,6,20.511,3,2,0,0,1,0.333333333333333,0.666666666666667,"NAP",3.32257399306761,0,0,0,0
"248",NA,NA,NA,NA,0,NA,NA,NA,NA,1,0,5,20.58375687,6,45.805,3,2,0,0,1,0.333333333333333,0.666666666666667,"CPL",3.32257399306761,0,0.166666666666667,0,0
"249",0,0,0,0,1,0,0,0,0,0.25,5,1,12.00513832,9,3.315,3,6,0.242063492,0.555555555555556,0.444444444444444,0.666666666666667,0.333333333333333,"NAP",2.208301710593,0,0.222222222222222,0,0
"25",0,0,0,0,1,0,0,0,0,0.181359142,25,4,129.1208634,98,95.582,6,64,0.016042499,0.255102040816327,0.744897959183674,0.653061224489796,0.346938775510204,"CPL",1.52621300960237,0.0102040816326531,0.0306122448979592,0.0102040816326531,0.0204081632653061
"250",0,0,0,0,1,0,0,0,0,0.239766082,7,1,16.77491595,19,7.967,3,10,0.09494324,0.368421052631579,0.631578947368421,0.526315789473684,0.473684210526316,"NAP",0.836092624392021,0.105263157894737,0.157894736842105,0,0
"252",NA,NA,NA,NA,0,NA,NA,NA,NA,0.733333333,1,4,56.52716355,6,77.614,4,2,0.066666667,0.166666666666667,0.833333333333333,0.333333333333333,0.666666666666667,"XER",1.76413406547654,0.5,0.5,0.166666666666667,0.5
"253",0,2,0,2,3,0,66.67,0,66.67,0.075493612,22,1,33.86571429,42,6.302,3,10,0.102003484,0.523809523809524,0.476190476190476,0.238095238095238,0.761904761904762,"WMT",1.77178464878597,0.738095238095238,0.928571428571429,0.571428571428571,0.761904761904762
"254",0,0,0,0,1,0,0,0,0,0.523809524,2,14,35.87333415,22,65.685,4,7,0.026406926,0.0909090909090909,0.909090909090909,0.318181818181818,0.681818181818182,"NAP",1.75026134638766,0.0454545454545455,0.0454545454545455,0,0
"255",NA,NA,NA,NA,0,NA,NA,NA,NA,0.5,2,1,10.05494274,5,7.306,1,5,0.2,0.4,0.6,1,0,"CPL",2.14802441095261,0,0,0,0
"256",NA,NA,NA,NA,0,NA,NA,NA,NA,1,0,4,18.08875929,5,31.013,3,0,0,0,1,0,1,"CPL",3.50088946775766,0,0,0,0
"257",0,0,0,0,3,0,0,0,0,0.098925411,64,1,40.10014545,113,41.581,4,76,0.044637874,0.566371681415929,0.433628318584071,0.672566371681416,0.327433628318584,"NAP",2.09293047950056,0.0530973451327434,0.274336283185841,0,0.0353982300884956
"26",0,2,0,0,11,0,18.18,0,0,0.084391817,124,2,142.5119041,418,54.476,6,225,0.005458046,0.296650717703349,0.703349282296651,0.538277511961722,0.461722488038278,"NAP",1.80628990710036,0.0478468899521531,0.129186602870813,0.0215311004784689,0.0574162679425837
"261",0,0,0,0,2,0,0,0,0,0.158249158,23,1,118.4857677,55,77.361,5,12,0.051801029,0.418181818181818,0.581818181818182,0.218181818181818,0.781818181818182,"WMT",1.3101211360711,0.6,0.781818181818182,0.636363636363636,0.890909090909091
"263",NA,NA,NA,NA,0,NA,NA,NA,NA,0.747252747,2,11,39.20870495,14,96.241,2,2,0.031135531,0.142857142857143,0.857142857142857,0.142857142857143,0.857142857142857,"WMT",2.10228827490076,0.642857142857143,0.785714285714286,0.714285714285714,0.785714285714286
"264",NA,NA,NA,NA,0,NA,NA,NA,NA,0.4,3,1,5.264152945,5,1.885,1,0,0.333333333,0.6,0.4,0,1,"WMT",3.076684150672,0,0.2,0,0
"265",0,0,0,0,1,0,0,0,0,0.652631579,4,15,34.292026,20,59.163,2,1,0.025730994,0.2,0.8,0.05,0.95,"WMT",1.84174325159204,0.15,0.5,0.1,0.55
"266",NA,NA,NA,NA,0,NA,NA,NA,NA,0.535897436,10,1,107.9815517,40,69.657,4,27,0.017611336,0.25,0.75,0.675,0.325,"CPL",1.46733594709747,0.25,0.25,0.125,0.125
"269",0,0,0,0,1,0,0,0,0,0.392857143,2,2,8.102103847,8,5.282,2,6,0.125,0.25,0.75,0.75,0.25,"NAP",1.22603432599277,0.125,0.125,0,0.125
"27",1,1,0,0,1,100,100,0,0,0.135483871,15,1,48.20203283,31,13.415,4,21,0.084760845,0.483870967741935,0.516129032258065,0.67741935483871,0.32258064516129,"CPL",1.64212309691424,0.32258064516129,0.354838709677419,0.032258064516129,0.032258064516129
"271",NA,NA,NA,NA,0,NA,NA,NA,NA,0.25,5,1,8.573772987,9,1.518,3,3,0.242063492,0.555555555555556,0.444444444444444,0.333333333333333,0.666666666666667,"NAP",2.05944588770205,0,0,0,0
"272",0,0,0,0,2,0,0,0,0,0.128654971,10,1,6.148726988,19,3.528,3,2,0.131406949,0.526315789473684,0.473684210526316,0.105263157894737,0.894736842105263,"UMW",1.80690565309238,0.105263157894737,0.315789473684211,0.105263157894737,0.105263157894737
"274",0,0,0,0,3,0,0,0,0,0.098850575,12,2,16.40946947,30,3.127,4,7,0.10681445,0.4,0.6,0.233333333333333,0.766666666666667,"NAP",1.3416274476565,0,0,0,0
"275",NA,NA,NA,NA,0,NA,NA,NA,NA,0.290909091,6,1,13.15929484,11,32.614,2,8,0.151515152,0.545454545454545,0.454545454545455,0.727272727272727,0.272727272727273,"UMW",1.76095393947351,0,0,0,0
"276",0,0,0,0,1,0,0,0,0,0.428571429,3,1,7.093358928,7,4.563,3,1,0.171428571,0.428571428571429,0.571428571428571,0.142857142857143,0.857142857142857,"NAP",1.2092916328099,0,0,0,0
"277",1,3,1,3,3,33.33,100,33.33,100,0.045714286,32,1,15.34800268,50,3.038,3,0,0.135578231,0.64,0.36,0,1,"UMW",2.5753717858203,0.36,0.96,0.26,1
"279",NA,NA,NA,NA,0,NA,NA,NA,NA,0.222222222,7,1,4.479258713,9,0.917,1,1,0.333333333,0.777777777777778,0.222222222222222,0.111111111111111,0.888888888888889,"TPL",3.70541096388551,0.111111111111111,0.333333333333333,0,0
"28",0,0,0,0,37,0,0,0,0,0.046052062,338,15,553.8740816,1665,103.571,8,944,0.002555102,0.203003003003003,0.796996996996997,0.566966966966967,0.433033033033033,"SAP",4.2576947022407,0.0198198198198198,0.0264264264264264,0.00540540540540541,0.00900900900900901
"280",NA,NA,NA,NA,0,NA,NA,NA,NA,0.868131868,1,12,19.51908774,14,30.33,2,0,0.010989011,0.0714285714285714,0.928571428571429,0,1,"NAP",2.87181694508701,0,0,0,0
"282",0,0,0,0,1,0,0,0,0,0.4,3,1,3.05107636,5,0.356,1,0,0.333333333,0.6,0.4,0,1,"NAP",3.076684150672,0,0,0.4,0.4
"283",0,0,0,0,1,0,0,0,0,0.533333333,2,3,5.901738839,6,9.039,2,0,0.166666667,0.333333333333333,0.666666666666667,0,1,"NAP",1.4490807388949,0,0,0,0
"284",NA,NA,NA,NA,0,NA,NA,NA,NA,0.4,3,1,2.463516817,6,1.575,2,0,0.233333333,0.5,0.5,0,1,"NAP",2.03446902237121,0,0,0,0
"285",NA,NA,NA,NA,0,NA,NA,NA,NA,0.7,1,1,3.71582129,5,6.079,1,1,0.1,0.2,0.8,0.2,0.8,"NAP",1.60012203586133,0.2,0.4,0,0
"287",NA,NA,NA,NA,0,NA,NA,NA,NA,0.4,3,1,5.51218033,5,1.301,2,0,0.333333333,0.6,0.4,0,1,"TPL",3.076684150672,0.2,0.2,0,0
"289",0,0,0,0,2,0,0,0,0,0.205128205,8,1,19.07044731,13,16.97,4,2,0.194638695,0.615384615384615,0.384615384615385,0.153846153846154,0.846153846153846,"UMW",2.19170902445432,0,0.0769230769230769,0,0
"29",3,3,7,7,22,13.64,13.64,31.82,31.82,0.04161121,224,1,159.9405762,736,162.652,5,126,0.010397441,0.304347826086957,0.695652173913043,0.171195652173913,0.828804347826087,"NAP",2.34509911590036,0.0733695652173913,0.0951086956521739,0.385869565217391,0.415760869565217
"293",0,0,0,1,1,0,0,0,100,0.134387352,11,1,19.49798133,23,4.989,3,2,0.156785244,0.478260869565217,0.521739130434783,0.0869565217391304,0.91304347826087,"UMW",1.7145770980468,0,0.347826086956522,0,0.869565217391304
"295",NA,NA,NA,NA,0,NA,NA,NA,NA,0.4,2,1,7.028039255,5,1.214,2,2,0.266666667,0.4,0.6,0.4,0.6,"NAP",1.76297573650703,0,0,0,0
"296",0,0,0,0,1,0,0,0,0,0.285714286,4,1,7.190673215,7,4.037,2,0,0.276190476,0.571428571428571,0.428571428571429,0,1,"UMW",2.58739897888198,0,0,0,0
"3",11,35,11,32,42,26.19,83.33,26.19,76.19,0.075179548,552,1,1330.342786,2027,544.529,9,954,0.00240489,0.272323630981746,0.727676369018253,0.47064627528367,0.52935372471633,"WMT",4.97440861742276,0.410952146028614,0.688702516033547,0.391218549580661,0.726196349284657
"30",0,0,0,0,1,0,0,0,0,0.121052632,13,1,46.89547764,20,4.128,3,4,0.237426901,0.65,0.35,0.2,0.8,"UMW",2.64242782425262,0,0,0,0
"301",NA,NA,NA,NA,0,NA,NA,NA,NA,0.571428571,2,4,15.53135006,7,20.925,2,10,0.095238095,0.285714285714286,0.714285714285714,1.42857142857143,-0.428571428571429,"CPL",3.12456420137673,0,0,0,0
"302",NA,NA,NA,NA,0,NA,NA,NA,NA,0.140350877,7,1,91.01366714,19,25.976,4,3,0.172686619,0.368421052631579,0.631578947368421,0.157894736842105,0.842105263157895,"CPL",1.44288615315999,0,0.210526315789474,0,0.105263157894737
"304",1,1,0,0,1,100,100,0,0,0.3,5,5,21.70956089,16,39.924,3,4,0.083333333,0.3125,0.6875,0.25,0.75,"UMW",0.657930710424151,0.0625,0.5625,0,0.4375
"305",1,1,1,1,2,50,50,50,50,0.095481671,17,1,44.83108151,69,17.308,5,2,0.038089603,0.246376811594203,0.753623188405797,0.0289855072463768,0.971014492753623,"WMT",1.78961071672957,0.608695652173913,0.608695652173913,0.608695652173913,0.608695652173913
"307",0,0,1,1,1,0,0,100,100,0.590909091,3,8,44.3366787,12,42.019,1,0,0.045454545,0.25,0.75,0,1,"UMW",1.60258973050334,0.0833333333333333,0.0833333333333333,0.25,0.25
"309",0,0,0,0,1,0,0,0,0,0.732193732,4,1,22.474464,27,37.521,2,4,0.011396011,0.148148148148148,0.851851851851852,0.148148148148148,0.851851851851852,"UMW",2.12664499967853,0,0.037037037037037,0,0
"31",0,0,0,0,14,0,0,0,0,0.111649211,113,65,253.012088,454,131.903,7,288,0.005221537,0.248898678414097,0.751101321585903,0.634361233480176,0.365638766519824,"SPL",2.33670486538984,0,0,0,0
"313",NA,NA,NA,NA,0,NA,NA,NA,NA,0.25,6,1,6.666572179,8,0.986,0,0,0.333333333,0.75,0.25,0,1,"UMW",3.65598990247372,0,0,0,0
"314",1,1,0,0,1,100,100,0,0,0.032081377,48,1,29.84482837,72,7.503,3,9,0.199603175,0.666666666666667,0.333333333333333,0.125,0.875,"CPL",2.74841803299524,1,1,0.0416666666666667,0.0416666666666667
"315",NA,NA,NA,NA,0,NA,NA,NA,NA,0.294926004,12,21,42.0786026,44,35.032,4,14,0.041075204,0.272727272727273,0.727272727272727,0.318181818181818,0.681818181818182,"NAP",0.925840386424993,0.113636363636364,0.227272727272727,0.0227272727272727,0.0227272727272727
"317",1,1,0,0,1,100,100,0,0,0.289230769,8,1,11.4025462,26,11.618,4,0,0.047820513,0.307692307692308,0.692307692307692,0,1,"CPL",1.36254494787066,1,1,0,0
"32",1,3,1,2,6,16.67,50,16.67,33.33,0.25633383,22,1,289.101781,122,196.09,6,49,0.017699725,0.180327868852459,0.819672131147541,0.401639344262295,0.598360655737705,"WMT",1.37811734196737,0.557377049180328,0.713114754098361,0.524590163934426,0.655737704918033
"321",0,0,0,0,1,0,0,0,0,0.21978022,5,3,21.38178995,14,10.198,4,3,0.100732601,0.357142857142857,0.642857142857143,0.214285714285714,0.785714285714286,"UMW",0.914734570314094,0,0.0714285714285714,0.0714285714285714,0.0714285714285714
"323",0,1,0,0,1,0,100,0,0,0.4,2,1,10.41072398,5,7.42,3,1,0.266666667,0.4,0.6,0.2,0.8,"UMW",1.84154834041,0,0.6,0,0
"324",NA,NA,NA,NA,0,NA,NA,NA,NA,0.733333333,1,4,26.96126046,6,19.794,2,1,0.066666667,0.166666666666667,0.833333333333333,0.166666666666667,0.833333333333333,"CPL",1.86724300249904,0,0,0,0
"325",NA,NA,NA,NA,0,NA,NA,NA,NA,0.461538462,3,7,44.68961237,13,68.496,3,2,0.10955711,0.230769230769231,0.769230769230769,0.153846153846154,0.846153846153846,"CPL",0.985976895099695,0,0,0,0
"326",NA,NA,NA,NA,0,NA,NA,NA,NA,0.12987013,11,1,17.10267992,22,2.723,4,8,0.143073593,0.5,0.5,0.363636363636364,0.636363636363636,"NAP",1.53309096504502,0,0,0,0
"328",1,1,1,1,1,100,100,100,100,0.205263158,6,1,16.9868031,20,8.327,4,0,0.104385965,0.3,0.7,0,1,"WMT",1.38626307226404,1,1,1,1
"329",1,1,0,0,2,50,50,0,0,0.263157895,5,4,41.32520229,19,29.591,4,7,0.10251118,0.263157894736842,0.736842105263158,0.368421052631579,0.631578947368421,"XER",0.714814784733847,0.157894736842105,0.315789473684211,0,0
"33",1,4,2,2,76,1.32,5.26,2.63,2.63,0.020031857,565,1,392.0716382,1731,131.802,6,286,0.004782163,0.326400924321202,0.673599075678798,0.165222414789139,0.834777585210861,"NAP",4.3830109745425,0.0381282495667244,0.0837666088965916,0.0675909878682842,0.110918544194107
"336",0,0,0,0,1,0,0,0,0,0.571428571,1,3,13.35214701,8,12.537,3,4,0.089285714,0.125,0.875,0.5,0.5,"NAP",1.50093993741081,0,0,0,0
"338",0,0,0,1,1,0,0,0,100,0.4,3,1,9.312835147,6,9.469,3,1,0.233333333,0.5,0.5,0.166666666666667,0.833333333333333,"UMW",1.81748694459273,0,0.166666666666667,0,0.333333333333333
"339",0,0,0,0,1,0,0,0,0,0.376623377,7,1,23.70915492,22,57.646,3,1,0.04978355,0.318181818181818,0.681818181818182,0.0454545454545455,0.954545454545455,"WMT",1.18132409533352,0.227272727272727,0.409090909090909,0.136363636363636,0.318181818181818
"34",7,24,9,26,55,12.73,43.64,16.36,47.27,0.032461626,647,1,820.3592652,2397,355.903,9,915,0.002701128,0.269920734251147,0.730079265748853,0.381727158948686,0.618272841051314,"WMT",5.87679256729243,0.363370880267,0.670004171881519,0.324572382144347,0.670421360033375
"342",NA,NA,NA,NA,0,NA,NA,NA,NA,1,0,7,16.62189204,8,29.331,4,2,0,0,1,0.25,0.75,"CPL",3.34059084780373,0,0,0,0
"344",0,0,0,0,1,0,0,0,0,0.392857143,1,1,11.54386545,8,12.117,4,3,0.101190476,0.125,0.875,0.375,0.625,"UMW",1.26799810833076,0,0.25,0.25,0.25
"347",0,0,0,0,2,0,0,0,0,0.439393939,3,3,34.37651282,12,36.259,4,1,0.066666667,0.25,0.75,0.0833333333333333,0.916666666666667,"NAP",1.13403505766296,0,0.25,0.0833333333333333,0.0833333333333333
"35",0,0,0,0,29,0,0,0,0,0.176729539,227,1,179.9544442,609,237.964,4,332,0.003737891,0.372742200328407,0.627257799671593,0.545155993431856,0.454844006568144,"CPL",1.86196831629169,0.00492610837438424,0.00492610837438424,0.00164203612479475,0.00164203612479475
"353",0,0,0,0,1,0,0,0,0,0.227692308,6,1,22.39626497,26,14.36,5,5,0.063333333,0.230769230769231,0.769230769230769,0.192307692307692,0.807692307692308,"NAP",1.16530967731624,0,0.0769230769230769,0,0.0384615384615385
"354",0,0,0,0,1,0,0,0,0,0.4,2,1,6.083087937,5,4.912,2,4,0.266666667,0.4,0.6,0.8,0.2,"SPL",2.12950760393335,0,0,0,0
"355",NA,NA,NA,NA,0,NA,NA,NA,NA,1,0,9,44.63487533,10,52.289,1,5,0,0,1,0.5,0.5,"CPL",3.33348635449132,0,0,0,0
"356",0,0,0,0,1,0,0,0,0,0.4,2,1,13.44464299,5,3.412,2,1,0.266666667,0.4,0.6,0.2,0.8,"TPL",1.84154834041,0.2,0.2,0,0
"357",NA,NA,NA,NA,0,NA,NA,NA,NA,0.156862745,10,1,14.76489179,18,4.817,3,0,0.149101307,0.555555555555556,0.444444444444444,0,1,"NAP",2.04686310401288,0,0.111111111111111,0.277777777777778,0.333333333333333
"358",NA,NA,NA,NA,0,NA,NA,NA,NA,0.4,2,1,10.92407461,6,4.674,2,3,0.216666667,0.333333333333333,0.666666666666667,0.5,0.5,"NAP",1.26073058060013,0,0,0,0
"359",0,0,0,0,1,0,0,0,0,0.346405229,5,7,24.91893187,18,22.777,4,2,0.06127451,0.277777777777778,0.722222222222222,0.111111111111111,0.888888888888889,"NAP",1.01643867714929,0,0,0,0
"36",1,3,0,0,38,2.63,7.89,0,0,0.304703034,198,550,245.8567106,1076,234.917,5,268,0.001049026,0.184014869888476,0.815985130111524,0.24907063197026,0.75092936802974,"CPL",13.2915497846285,0.00464684014869888,0.0120817843866171,0,0.00185873605947955
"361",0,0,0,0,1,0,0,0,0,0.380952381,1,1,15.45677839,7,7.459,3,2,0.123809524,0.142857142857143,0.857142857142857,0.285714285714286,0.714285714285714,"NAP",1.21934069996344,0,0.428571428571429,0,0
"363",NA,NA,NA,NA,0,NA,NA,NA,NA,0.7,1,1,21.51169221,5,19.85,2,1,0.1,0.2,0.8,0.2,0.8,"WMT",1.60012203586133,0,0.2,0.2,0.6
"364",NA,NA,NA,NA,0,NA,NA,NA,NA,0.4,3,1,6.427863123,5,1.813,1,0,0.333333333,0.6,0.4,0,1,"TPL",3.076684150672,0.2,0.8,0,0
"366",NA,NA,NA,NA,0,NA,NA,NA,NA,0.4,3,1,6.7909874,6,3.735,3,3,0.233333333,0.5,0.5,0.5,0.5,"NAP",1.73660067798201,0,0,0,0
"368",NA,NA,NA,NA,0,NA,NA,NA,NA,0.196969697,5,1,35.46142524,12,10.088,5,4,0.174242424,0.416666666666667,0.583333333333333,0.333333333333333,0.666666666666667,"XER",1.23216412571074,0,0.416666666666667,0,0.333333333333333
"369",NA,NA,NA,NA,0,NA,NA,NA,NA,0.733333333,1,4,23.22325998,6,25.083,2,4,0.066666667,0.166666666666667,0.833333333333333,0.666666666666667,0.333333333333333,"WMT",1.9358326584728,0,0,0,0
"37",0,0,0,0,10,0,0,0,0,0.069908635,100,4,98.36476297,261,56.475,5,81,0.013411327,0.383141762452107,0.616858237547893,0.310344827586207,0.689655172413793,"NAP",1.65886868803514,0.00766283524904215,0.053639846743295,0.00766283524904215,0.0383141762452107
"371",NA,NA,NA,NA,0,NA,NA,NA,NA,0.883333333,1,14,91.36102226,16,121.117,3,17,0.008333333,0.0625,0.9375,1.0625,-0.0625,"WMT",3.35911622017319,0,0.1875,0,0.0625
"375",NA,NA,NA,NA,0,NA,NA,NA,NA,0.244444444,6,1,11.95564781,10,2.99,3,8,0.227777778,0.6,0.4,0.8,0.2,"NAP",2.4577262806027,0.1,0.1,0.1,0.1
"376",NA,NA,NA,NA,0,NA,NA,NA,NA,1,0,8,186.401443,9,122.158,1,0,0,0,1,0,1,"CPL",3.49817705055725,0.444444444444444,0.666666666666667,0.333333333333333,0.555555555555556
"379",0,1,0,0,1,0,100,0,0,0.615384615,3,9,14.58924726,13,26.962,2,0,0.038461538,0.230769230769231,0.769230769230769,0,1,"UMW",1.71656380198631,0.307692307692308,0.769230769230769,0.692307692307692,0.692307692307692
"38",NA,NA,NA,NA,0,NA,NA,NA,NA,0.333333333,3,1,2.752115552,6,1.409,2,4,0.266666667,0.5,0.5,0.666666666666667,0.333333333333333,"CPL",2.15456366730819,0.333333333333333,0.666666666666667,0,0
"381",1,1,0,0,3,33.33,33.33,0,0,0.396825397,9,1,32.48740808,28,53.682,4,7,0.035409035,0.321428571428571,0.678571428571429,0.25,0.75,"UMW",0.874226025016547,0.142857142857143,0.142857142857143,0,0
"382",NA,NA,NA,NA,0,NA,NA,NA,NA,1,0,4,19.30204911,5,29.721,3,2,0,0,1,0.4,0.6,"WMT",3.32045314519155,0,0,0,0
"383",0,0,0,0,1,0,0,0,0,0.4,3,1,7.504580325,6,15.334,2,0,0.233333333,0.5,0.5,0,1,"UMW",2.03446902237121,0,0,0.166666666666667,0.166666666666667
"386",1,1,0,0,1,100,100,0,0,0.7,1,1,15.1307557,5,17.382,3,2,0.1,0.2,0.8,0.4,0.6,"NPL",1.50903071111713,0.4,0.4,0,0
"387",NA,NA,NA,NA,0,NA,NA,NA,NA,0.533333333,2,1,10.00870041,6,9.47,2,4,0.133333333,0.333333333333333,0.666666666666667,0.666666666666667,0.333333333333333,"CPL",1.1032221572751,0.666666666666667,0.666666666666667,0.166666666666667,0.166666666666667
"388",0,0,0,0,1,0,0,0,0,0.775,2,13,24.52896676,16,37.139,4,4,0.023809524,0.125,0.875,0.25,0.75,"XER",2.18655182043722,0.0625,0.125,0.0625,0.0625
"389",0,0,0,0,1,0,0,0,0,0.761904762,1,1,2.684712466,7,3.422,1,0,0.047619048,0.142857142857143,0.857142857142857,0,1,"CPL",2.2695187565417,0,0,0,0
"39",NA,NA,NA,NA,0,NA,NA,NA,NA,0.428571429,3,1,5.331539567,7,4.483,2,0,0.142857143,0.428571428571429,0.571428571428571,0,1,"TPL",1.37353848269878,0,0,0,0
"390",NA,NA,NA,NA,0,NA,NA,NA,NA,0.345454545,3,1,45.50077774,11,13.872,3,2,0.125252525,0.272727272727273,0.727272727272727,0.181818181818182,0.818181818181818,"NAP",0.817131109164819,0.0909090909090909,0.0909090909090909,0,0
"394",NA,NA,NA,NA,0,NA,NA,NA,NA,0.4,3,1,10.68287104,6,5.681,2,5,0.266666667,0.5,0.5,0.833333333333333,0.166666666666667,"NAP",2.36726363906406,0.166666666666667,0.166666666666667,0,0
"40",1,1,1,1,1,100,100,100,100,0.438542714,52,131,72.84386661,200,107.074,5,13,0.004325923,0.26,0.74,0.065,0.935,"WMT",3.28264881059001,0.705,0.775,0.605,0.655
"403",0,0,0,0,1,0,0,0,0,0.282051282,7,1,7.663117129,13,9.761,2,7,0.129370629,0.538461538461538,0.461538461538462,0.538461538461538,0.461538461538462,"CPL",1.4413625335398,0,0,0,0
"405",0,0,0,0,1,0,0,0,0,0.205533597,9,1,29.09273192,23,36.377,3,6,0.114624506,0.391304347826087,0.608695652173913,0.260869565217391,0.739130434782609,"CPL",0.958827733279605,0,0,0,0
"406",NA,NA,NA,NA,0,NA,NA,NA,NA,1,0,9,8.347523847,10,27.872,3,1,0,0,1,0.1,0.9,"UMW",3.41739154336879,0,0,0,0
"407",NA,NA,NA,NA,0,NA,NA,NA,NA,0.4,3,1,3.313099306,5,0.648,1,0,0.333333333,0.6,0.4,0,1,"NAP",3.076684150672,0.2,0.2,0,0
"41",0,1,0,0,6,0,16.67,0,0,0.108282828,39,1,65.89128282,100,51.02,5,20,0.040531849,0.39,0.61,0.2,0.8,"UMW",1.46275572915395,0.14,0.25,0.2,0.2
"410",0,0,0,1,1,0,0,0,100,0.688888889,1,7,26.26959891,10,68.115,5,1,0.038888889,0.1,0.9,0.1,0.9,"WMT",2.12374393070204,0,0.7,0.2,0.8
"411",NA,NA,NA,NA,0,NA,NA,NA,NA,1,0,8,18.43269364,9,43.648,0,0,0,0,1,0,1,"CPL",3.49817705055725,0,0,0,0
"413",NA,NA,NA,NA,0,NA,NA,NA,NA,0.388888889,4,1,20.09428866,9,53.667,3,6,0.150793651,0.444444444444444,0.555555555555556,0.666666666666667,0.333333333333333,"WMT",1.2134991791056,0,0.666666666666667,0,0.777777777777778
"419",0,1,0,0,1,0,100,0,0,0.309090909,4,1,27.43179213,11,11.405,3,14,0.141414141,0.363636363636364,0.636363636363636,1.27272727272727,-0.272727272727273,"SAP",2.63784012268346,0.0909090909090909,0.545454545454545,0,0
"42",NA,NA,NA,NA,0,NA,NA,NA,NA,0.285714286,4,1,6.046005677,8,6.008,3,4,0.226190476,0.5,0.5,0.5,0.5,"NAP",1.7295841907418,0,0,0,0
"420",0,0,0,0,1,0,0,0,0,0.733333333,1,4,18.12209498,6,57.371,5,4,0.066666667,0.166666666666667,0.833333333333333,0.666666666666667,0.333333333333333,"WMT",1.9358326584728,0,0,0,0.166666666666667
"421",0,1,0,0,1,0,100,0,0,0.305555556,5,1,26.21370345,9,31.975,4,4,0.21031746,0.555555555555556,0.444444444444444,0.444444444444444,0.555555555555556,"XER",1.79715981488972,0.111111111111111,0.444444444444444,0,0.111111111111111
"423",NA,NA,NA,NA,0,NA,NA,NA,NA,0.222222222,7,1,8.35638358,9,8.055,2,7,0.333333333,0.777777777777778,0.222222222222222,0.777777777777778,0.222222222222222,"CPL",3.79281662261677,1,1,0.222222222222222,0.222222222222222
"427",NA,NA,NA,NA,0,NA,NA,NA,NA,0.822222222,1,1,34.09618817,10,32.761,3,9,0.022222222,0.1,0.9,0.9,0.1,"NAP",2.80824236852894,0,0.1,0,0
"43",17,31,11,23,46,36.96,67.39,23.91,50,0.004712667,539,1,180.0053293,1190,105.047,6,30,0.013971636,0.452941176470588,0.547058823529412,0.0252100840336134,0.974789915966387,"UMW",3.4124214115779,0.528571428571429,0.83109243697479,0.499159663865546,0.713445378151261
"431",0,0,0,0,1,0,0,0,0,0.323529412,6,1,18.43854754,17,22.498,2,1,0.075,0.352941176470588,0.647058823529412,0.0588235294117647,0.941176470588235,"NAP",1.08780571382943,0,0,0,0
"434",NA,NA,NA,NA,0,NA,NA,NA,NA,0.533333333,2,1,6.993675098,6,9.466,1,4,0.133333333,0.333333333333333,0.666666666666667,0.666666666666667,0.333333333333333,"NAP",1.1032221572751,0,0,0,0
"435",NA,NA,NA,NA,0,NA,NA,NA,NA,0.333333333,2,1,6.092673315,6,3.188,3,4,0.233333333,0.333333333333333,0.666666666666667,0.666666666666667,0.333333333333333,"NAP",1.6162914865932,0,0.5,0,0
"436",0,0,0,0,2,0,0,0,0,0.136752137,14,1,38.74093158,27,12.02,4,3,0.096752137,0.518518518518518,0.481481481481482,0.111111111111111,0.888888888888889,"NAP",1.72750386136209,0,0,0,0
"437",NA,NA,NA,NA,0,NA,NA,NA,NA,0.733333333,1,4,11.68039609,6,24.248,1,1,0.066666667,0.166666666666667,0.833333333333333,0.166666666666667,0.833333333333333,"UMW",1.86724300249904,0.833333333333333,0.833333333333333,0.833333333333333,0.833333333333333
"438",NA,NA,NA,NA,0,NA,NA,NA,NA,0.533333333,2,3,13.52328636,6,26.414,3,0,0.166666667,0.333333333333333,0.666666666666667,0,1,"CPL",1.4490807388949,0.333333333333333,0.333333333333333,0.166666666666667,0.166666666666667
"44",NA,NA,NA,NA,0,NA,NA,NA,NA,0.655555556,6,28,66.54732344,36,45.377,2,19,0.014005602,0.166666666666667,0.833333333333333,0.527777777777778,0.472222222222222,"CPL",1.83677053322856,0.0277777777777778,0.0277777777777778,0,0.0555555555555556
"440",0,1,0,0,1,0,100,0,0,0.277777778,4,1,12.78800316,9,13.685,2,8,0.206349206,0.444444444444444,0.555555555555556,0.888888888888889,0.111111111111111,"XER",1.99871134897054,0.111111111111111,0.888888888888889,0,0
"443",0,1,0,1,1,0,100,0,100,0.333333333,4,1,10.86567957,7,10.077,3,0,0.219047619,0.571428571428571,0.428571428571429,0,1,"WMT",2.19921516210479,0.571428571428571,1,0.428571428571429,0.714285714285714
"448",0,1,0,1,2,0,50,0,50,0.606060606,2,8,71.44860125,12,94.528,5,11,0.042424242,0.166666666666667,0.833333333333333,0.916666666666667,0.0833333333333334,"WMT",2.12834946694854,0.0833333333333333,0.333333333333333,0.0833333333333333,0.416666666666667
"45",1,1,0,0,11,9.09,9.09,0,0,0.15452572,80,1,185.4055052,326,180.164,6,261,0.009911908,0.245398773006135,0.754601226993865,0.800613496932515,0.199386503067485,"SPL",1.93953540425139,0.0214723926380368,0.0214723926380368,0.00920245398773006,0.00920245398773006
"450",0,0,0,0,1,0,0,0,0,0.205882353,9,1,16.27248539,17,7.265,3,6,0.149019608,0.529411764705882,0.470588235294118,0.352941176470588,0.647058823529412,"CPL",1.5018630376449,0,0.176470588235294,0,0
"452",0,0,0,0,1,0,0,0,0,0.285714286,2,1,4.745878824,8,2.227,4,0,0.166666667,0.25,0.75,0,1,"UMW",1.47555041640287,0,0,0,0
"455",0,0,0,0,2,0,0,0,0,0.212121212,4,1,19.5759839,12,4.083,2,1,0.146969697,0.333333333333333,0.666666666666667,0.0833333333333333,0.916666666666667,"NAP",1.25686955002299,0,0,0,0
"457",NA,NA,NA,NA,0,NA,NA,NA,NA,0.4,3,1,7.269781614,5,3.995,2,0,0.333333333,0.6,0.4,0,1,"TPL",3.076684150672,0,0,0,0
"46",0,2,0,0,14,0,14.29,0,0,0.043133351,113,1,74.06908938,258,36.702,4,175,0.016344439,0.437984496124031,0.562015503875969,0.678294573643411,0.321705426356589,"NAP",1.99239389149392,0.062015503875969,0.418604651162791,0.0193798449612403,0.0193798449612403
"460",NA,NA,NA,NA,0,NA,NA,NA,NA,0.533333333,2,1,9.687547247,6,7.584,4,2,0.166666667,0.333333333333333,0.666666666666667,0.333333333333333,0.666666666666667,"WMT",0.951405428794633,0,0.166666666666667,0,0
"463",NA,NA,NA,NA,0,NA,NA,NA,NA,0.7,1,3,4.674390656,5,3.487,2,0,0.1,0.2,0.8,0,1,"XER",1.86880216245731,0,1,0,0.8
"465",NA,NA,NA,NA,0,NA,NA,NA,NA,0.733333333,1,4,22.42787998,6,29.469,2,2,0.066666667,0.166666666666667,0.833333333333333,0.333333333333333,0.666666666666667,"NAP",1.76413406547654,0,0,0,0
"466",0,1,0,0,1,0,100,0,0,0.274725275,5,1,21.78718982,14,26.252,4,9,0.106227106,0.357142857142857,0.642857142857143,0.642857142857143,0.357142857142857,"XER",0.95445465880701,0.142857142857143,0.642857142857143,0,0
"468",0,0,0,0,1,0,0,0,0,0.4,2,1,6.771662795,5,2.08,2,3,0.266666667,0.4,0.6,0.6,0.4,"NAP",1.86795366534974,0,0,0,0
"469",0,0,0,0,1,0,0,0,0,0.7,1,3,4.980272377,5,9.327,2,0,0.1,0.2,0.8,0,1,"UMW",1.86880216245731,0.2,0.4,0.2,0.2
"47",3,5,1,1,38,7.89,13.16,2.63,2.63,0.185738878,480,1,355.6900999,1463,239.507,5,754,0.001543031,0.328092959671907,0.671907040328093,0.515379357484621,0.484620642515379,"NAP",3.56619739127229,0.063568010936432,0.137388926862611,0.0225563909774436,0.0416951469583049
"474",0,0,0,0,1,0,0,0,0,0.409090909,2,1,8.728561669,12,17.199,4,7,0.071212121,0.166666666666667,0.833333333333333,0.583333333333333,0.416666666666667,"CPL",1.22945398063754,0,0.0833333333333333,0,0
"476",NA,NA,NA,NA,0,NA,NA,NA,NA,0.300653595,7,1,39.64183775,18,35.268,4,3,0.071895425,0.388888888888889,0.611111111111111,0.166666666666667,0.833333333333333,"WMT",0.933466412695187,0,0.111111111111111,0,0.111111111111111
"478",NA,NA,NA,NA,0,NA,NA,NA,NA,0.533333333,2,3,36.21728477,6,89.588,2,2,0.166666667,0.333333333333333,0.666666666666667,0.333333333333333,0.666666666666667,"WMT",0.943187229136553,0,0,0,0
"48",0,0,0,0,67,0,0,0,0,0.045945376,300,4,452.0061889,1603,173.128,6,1176,0.002678702,0.187149095446039,0.812850904553961,0.733624454148472,0.266375545851528,"CPL",4.22663810930498,0.00935745477230193,0.0262008733624454,0.00623830318153462,0.00873362445414847
"480",NA,NA,NA,NA,0,NA,NA,NA,NA,0.733333333,1,1,12.69494514,6,9.481,2,2,0.066666667,0.166666666666667,0.833333333333333,0.333333333333333,0.666666666666667,"NAP",1.77025206222008,0,0,0,0
"484",0,0,0,0,2,0,0,0,0,0.388888889,3,1,61.1464164,9,35.573,3,1,0.134920635,0.333333333333333,0.666666666666667,0.111111111111111,0.888888888888889,"TPL",0.926079400003337,0.111111111111111,0.333333333333333,0,0
"486",0,0,0,0,2,0,0,0,0,0.285714286,3,1,3.162912647,7,0.853,2,0,0.238095238,0.428571428571429,0.571428571428571,0,1,"CPL",1.94265014455561,0,0,0,0
"489",0,1,0,0,1,0,100,0,0,0.466666667,2,1,8.773529738,6,8.505,2,0,0.166666667,0.333333333333333,0.666666666666667,0,1,"UMW",1.37106069795294,0,0.166666666666667,0.166666666666667,0.166666666666667
"49",0,0,0,0,3,0,0,0,0,0.074034902,29,1,29.94653274,62,11.925,4,38,0.068438216,0.467741935483871,0.532258064516129,0.612903225806452,0.387096774193548,"NAP",1.69531395453668,0.161290322580645,0.225806451612903,0.032258064516129,0.129032258064516
"490",NA,NA,NA,NA,0,NA,NA,NA,NA,0.571428571,2,1,23.38933131,7,16.939,5,3,0.095238095,0.285714285714286,0.714285714285714,0.428571428571429,0.571428571428571,"XER",0.871942918013888,0,0.428571428571429,0,0.428571428571429
"494",1,1,0,0,2,50,50,0,0,0.357142857,4,1,14.4564296,8,6.168,3,4,0.19047619,0.5,0.5,0.5,0.5,"NAP",1.43139233684305,0.125,0.125,0,0
"495",NA,NA,NA,NA,0,NA,NA,NA,NA,0.5,3,1,22.39027723,9,27.039,3,1,0.083333333,0.333333333333333,0.666666666666667,0.111111111111111,0.888888888888889,"UMW",1.00002440712258,0.666666666666667,0.666666666666667,0.333333333333333,0.333333333333333
"496",NA,NA,NA,NA,0,NA,NA,NA,NA,0.422222222,4,1,14.77416027,10,10.575,2,5,0.133333333,0.4,0.6,0.5,0.5,"NAP",0.718566925439428,0,0,0,0
"5",0,1,0,0,11,0,9.09,0,0,0.118570827,56,6,168.7016759,483,98.586,7,249,0.004542592,0.115942028985507,0.884057971014493,0.515527950310559,0.484472049689441,"SAP",2.169322734547,0.0124223602484472,0.031055900621118,0.0020703933747412,0.0082815734989648
"50",5,5,2,2,22,22.73,22.73,9.09,9.09,0.079112721,314,3,611.9304918,1529,415.658,7,1273,0.003074534,0.2053629823414,0.7946370176586,0.832570307390451,0.167429692609549,"SPL",4.08731492416083,0.0176586003924133,0.0241988227599738,0.0091563113145847,0.00981033355134074
"500",NA,NA,NA,NA,0,NA,NA,NA,NA,0.666666667,2,7,27.44283048,10,44.267,5,13,0.061111111,0.2,0.8,1.3,-0.3,"XER",3.01104425450411,0.6,0.9,0.8,1
"51",0,1,0,0,1,0,100,0,0,0.346153846,5,6,9.841946688,13,14.129,3,5,0.104895105,0.384615384615385,0.615384615384615,0.384615384615385,0.615384615384615,"CPL",0.478028628257315,0.461538461538462,0.615384615384615,0.230769230769231,0.230769230769231
"516",0,0,0,0,1,0,0,0,0,0.4,3,1,2.650869368,5,2.531,2,1,0.333333333,0.6,0.4,0.2,0.8,"WMT",2.9186271138168,0,0,0,0
"517",0,0,0,0,1,0,0,0,0,0.5,2,1,3.193479444,5,6.484,3,1,0.233333333,0.4,0.6,0.2,0.8,"UMW",1.59846843517893,0,0,0,0
"519",0,0,0,0,1,0,0,0,0,0.333333333,3,1,15.29402485,7,6.586,2,7,0.2,0.428571428571429,0.571428571428571,1,0,"CPL",2.15207951564102,0,0.142857142857143,0,0
"52",0,3,0,4,13,0,23.08,0,30.77,0.104812387,129,4,1312.700926,536,209.447,8,388,0.006791713,0.240671641791045,0.759328358208955,0.723880597014925,0.276119402985075,"SPL",2.12616790657249,0.171641791044776,0.30410447761194,0.111940298507463,0.300373134328358
"521",NA,NA,NA,NA,0,NA,NA,NA,NA,0.533333333,2,3,19.49260162,6,27.038,2,2,0.133333333,0.333333333333333,0.666666666666667,0.333333333333333,0.666666666666667,"XER",0.752495785326431,0,0.166666666666667,0,0.333333333333333
"522",NA,NA,NA,NA,0,NA,NA,NA,NA,0.422222222,4,1,12.53748462,10,8.844,2,0,0.133333333,0.4,0.6,0,1,"CPL",1.28047675283699,0.1,0.1,0,0
"524",NA,NA,NA,NA,0,NA,NA,NA,NA,0.4,3,1,2.053205109,5,1.486,1,4,0.333333333,0.6,0.4,0.8,0.2,"CPL",3.10835753648928,0,0,0,0
"527",NA,NA,NA,NA,0,NA,NA,NA,NA,0.761904762,1,5,74.60329528,7,65.209,4,6,0.047619048,0.142857142857143,0.857142857142857,0.857142857142857,0.142857142857143,"WMT",2.39600780772135,0,0.428571428571429,0,0
"529",NA,NA,NA,NA,0,NA,NA,NA,NA,0.4,3,1,4.904714989,6,4.784,1,0,0.233333333,0.5,0.5,0,1,"TPL",2.03446902237121,0.333333333333333,0.333333333333333,0,0
"53",0,2,0,0,8,0,25,0,0,0.032465366,97,1,187.9458995,338,58.776,5,170,0.010033649,0.28698224852071,0.71301775147929,0.502958579881657,0.497041420118343,"NAP",1.85346057786587,0.0769230769230769,0.174556213017751,0.165680473372781,0.192307692307692
"534",NA,NA,NA,NA,0,NA,NA,NA,NA,0.4,2,1,10.31793602,5,2.451,3,3,0.266666667,0.4,0.6,0.6,0.4,"NAP",1.86795366534974,0,0,0,0
"536",NA,NA,NA,NA,0,NA,NA,NA,NA,0.422222222,3,1,13.37944187,10,22.82,4,1,0.1,0.3,0.7,0.1,0.9,"UMW",0.927061556334076,0.5,0.5,0.5,0.5
"54",0,1,0,1,1,0,100,0,100,0.385620915,4,1,15.30073527,18,10.82,3,1,0.071078431,0.222222222222222,0.777777777777778,0.0555555555555556,0.944444444444444,"CPL",1.24418123531798,0.444444444444444,0.555555555555556,0.222222222222222,0.611111111111111
"541",0,0,0,0,1,0,0,0,0,0.733333333,1,4,38.14889992,6,40.733,5,4,0.066666667,0.166666666666667,0.833333333333333,0.666666666666667,0.333333333333333,"XER",1.9358326584728,0,0.166666666666667,0,0
"543",0,0,0,0,1,0,0,0,0,0.5,2,1,8.283944909,5,3.516,2,0,0.233333333,0.4,0.6,0,1,"XER",1.87155081997607,0,0,0,0
"544",NA,NA,NA,NA,0,NA,NA,NA,NA,0.822222222,1,8,21.22125907,10,80.877,2,0,0.022222222,0.1,0.9,0,1,"WMT",2.62375940475299,0.6,0.6,0,0
"545",0,1,0,0,1,0,100,0,0,0.380952381,3,1,33.9463572,7,23.11,4,7,0.20952381,0.428571428571429,0.571428571428571,1,0,"XER",2.18763026971972,0,0.714285714285714,0,0
"547",NA,NA,NA,NA,0,NA,NA,NA,NA,0.7,1,3,7.039662992,5,42.16,2,4,0.1,0.2,0.8,0.8,0.2,"NAP",1.92050064672171,0,0,0,0
"550",NA,NA,NA,NA,0,NA,NA,NA,NA,0.4,3,1,4.62976352,5,0.747,2,0,0.333333333,0.6,0.4,0,1,"TPL",3.076684150672,0.2,0.2,0,0
"559",0,0,0,0,1,0,0,0,0,0.428571429,1,1,7.243890258,7,3.076,3,2,0.114285714,0.142857142857143,0.857142857142857,0.285714285714286,0.714285714285714,"NAP",1.216776040979,0,0.142857142857143,0,0
"56",1,1,0,0,16,6.25,6.25,0,0,0.092588251,157,1,182.2193111,453,116.551,6,59,0.007915235,0.346578366445916,0.653421633554084,0.130242825607064,0.869757174392936,"UMW",1.89323505855922,0.123620309050773,0.225165562913907,0.123620309050773,0.163355408388521
"565",NA,NA,NA,NA,0,NA,NA,NA,NA,0.533333333,2,3,14.95773245,6,19.806,1,0,0.133333333,0.333333333333333,0.666666666666667,0,1,"UMW",1.33284760777965,0.333333333333333,0.333333333333333,0.833333333333333,0.833333333333333
"57",0,0,0,0,23,0,0,0,0,0.087474922,288,1,215.6739223,749,101.863,7,436,0.004721804,0.384512683578104,0.615487316421896,0.582109479305741,0.417890520694259,"NAP",2.29263550233533,0.0120160213618158,0.145527369826435,0.00400534045393859,0.0600801068090788
"570",NA,NA,NA,NA,0,NA,NA,NA,NA,0.4,2,1,16.17712895,6,5.099,4,1,0.183333333,0.333333333333333,0.666666666666667,0.166666666666667,0.833333333333333,"UMW",1.09552830352382,0.166666666666667,0.166666666666667,0.5,0.5
"573",NA,NA,NA,NA,0,NA,NA,NA,NA,0.733333333,1,1,11.16740557,6,18.753,1,1,0.066666667,0.166666666666667,0.833333333333333,0.166666666666667,0.833333333333333,"UMW",1.87302423721672,0,0.166666666666667,0,0
"576",1,1,0,0,1,100,100,0,0,0.4,2,1,7.99018805,6,5.375,2,6,0.2,0.333333333333333,0.666666666666667,1,0,"CPL",2.06173333780877,0.166666666666667,0.166666666666667,0,0
"58",0,0,0,0,12,0,0,0,0,0.681849103,59,1,260.0795891,441,281.979,7,255,0.000905292,0.133786848072562,0.866213151927438,0.578231292517007,0.421768707482993,"CPL",2.1812266934015,0.0430839002267574,0.0521541950113379,0.018140589569161,0.0317460317460317
"581",NA,NA,NA,NA,0,NA,NA,NA,NA,0.733333333,1,1,2.911758291,6,8.683,1,0,0.066666667,0.166666666666667,0.833333333333333,0,1,"UMW",2.0842325211992,0,0.833333333333333,0,0.833333333333333
"582",NA,NA,NA,NA,0,NA,NA,NA,NA,0.761904762,1,5,12.01463289,7,20.154,2,3,0.047619048,0.142857142857143,0.857142857142857,0.428571428571429,0.571428571428571,"CPL",1.97665153586822,0,0,0,0
"584",0,1,0,0,1,0,100,0,0,0.5,1,1,13.71488315,5,9.036,3,3,0.166666667,0.2,0.8,0.6,0.4,"XER",1.31330193859879,0,0.4,0,0
"588",NA,NA,NA,NA,0,NA,NA,NA,NA,0.6,1,3,7.003928637,6,8.234,2,0,0.1,0.166666666666667,0.833333333333333,0,1,"UMW",1.73223963226602,0,0.833333333333333,0.666666666666667,0.666666666666667
"59",23,29,21,23,49,46.94,59.18,42.86,46.94,0.030249288,576,1,629.5174466,1780,220.553,6,484,0.003007299,0.323595505617978,0.676404494382022,0.271910112359551,0.728089887640449,"WMT",4.45037935932429,0.529213483146067,0.652808988764045,0.514606741573034,0.623595505617977
"591",0,1,0,0,1,0,100,0,0,0.333333333,3,1,4.591369345,6,1.663,2,0,0.266666667,0.5,0.5,0,1,"UMW",2.28409683561782,0,1,0.333333333333333,0.333333333333333
"593",NA,NA,NA,NA,0,NA,NA,NA,NA,0.428571429,3,1,2.064760905,7,1.047,2,2,0.20952381,0.428571428571429,0.571428571428571,0.285714285714286,0.714285714285714,"CPL",1.32408128760568,0,0,0,0
"595",0,0,0,0,1,0,0,0,0,0.282051282,6,1,7.824004932,13,5.829,2,6,0.127039627,0.461538461538462,0.538461538461538,0.461538461538462,0.538461538461538,"NAP",1.00566474761651,0,0,0,0
"6",1,2,0,0,66,1.52,3.03,0,0,0.04435683,361,1,482.5592766,2604,149.05,7,1612,0.001362201,0.13863287250384,0.86136712749616,0.619047619047619,0.380952380952381,"CPL",6.48268948030106,0.0134408602150538,0.0195852534562212,0.011136712749616,0.0211213517665131
"60",1,6,0,0,18,5.56,33.33,0,0,0.101385607,128,2,180.4286426,586,131.737,5,278,0.004281306,0.218430034129693,0.781569965870307,0.474402730375427,0.525597269624573,"SAP",2.03654729126269,0.00341296928327645,0.0477815699658703,0,0.00170648464163823
"604",NA,NA,NA,NA,0,NA,NA,NA,NA,0.607142857,2,5,13.3456285,8,12.191,2,2,0.071428571,0.25,0.75,0.25,0.75,"WMT",1.16529351551078,0,0,0,0.125
"61",0,1,0,0,1,0,100,0,0,0.305555556,4,2,7.715449975,9,9.171,2,5,0.194444444,0.444444444444444,0.555555555555556,0.555555555555556,0.444444444444444,"NAP",1.33856601910646,0.111111111111111,0.222222222222222,0,0
"62",NA,NA,NA,NA,0,NA,NA,NA,NA,0.175384615,13,1,15.52592432,26,11.616,3,14,0.077564103,0.5,0.5,0.538461538461538,0.461538461538462,"NAP",1.45196070290045,0,0.0769230769230769,0,0
"621",0,0,0,0,1,0,0,0,0,0.321428571,4,2,5.51981581,8,5.692,2,3,0.214285714,0.5,0.5,0.375,0.625,"NAP",1.57617116192674,0,0,0,0
"626",NA,NA,NA,NA,0,NA,NA,NA,NA,0.5,2,1,11.99335789,5,4.661,3,0,0.2,0.4,0.6,0,1,"NAP",1.645652341214,0.2,0.2,0,0.2
"627",NA,NA,NA,NA,0,NA,NA,NA,NA,1,0,5,13.85436395,6,13.987,0,1,0,0,1,0.166666666666667,0.833333333333333,"CPL",3.37845014301174,0,0,0,0.166666666666667
"63",0,0,0,0,18,0,0,0,0,0.028580875,213,1,116.1084105,454,77.241,6,86,0.012954562,0.469162995594714,0.530837004405286,0.18942731277533,0.81057268722467,"UMW",2.14415739946303,0.0374449339207048,0.052863436123348,0.00881057268722467,0.00881057268722467
"632",0,0,0,0,2,0,0,0,0,0.191176471,9,1,18.07742227,17,10.071,3,4,0.124019608,0.529411764705882,0.470588235294118,0.235294117647059,0.764705882352941,"UMW",1.53364291871488,0.117647058823529,0.294117647058824,0.0588235294117647,0.0588235294117647
"633",NA,NA,NA,NA,0,NA,NA,NA,NA,0.4,2,1,4.239471711,5,0.556,2,0,0.266666667,0.4,0.6,0,1,"CPL",2.08300298212858,1,1,0,0
"639",NA,NA,NA,NA,0,NA,NA,NA,NA,0.7,1,3,2.116084558,5,8.265,2,0,0.1,0.2,0.8,0,1,"NAP",1.86880216245731,0,0,0,0
"64",0,0,0,0,16,0,0,0,0,0.070935569,344,1,266.8028102,825,292.137,6,220,0.00604053,0.416969696969697,0.583030303030303,0.266666666666667,0.733333333333333,"UMW",2.43937867190714,0.0218181818181818,0.0763636363636364,0.0096969696969697,0.0096969696969697
"643",0,0,0,1,1,0,0,0,100,0.392857143,3,1,44.43509578,8,42.318,2,2,0.166666667,0.375,0.625,0.25,0.75,"XER",0.876951254751431,0,0.5,0,1
"648",NA,NA,NA,NA,0,NA,NA,NA,NA,0.4,3,1,24.32012068,5,16.398,4,4,0.333333333,0.6,0.4,0.8,0.2,"XER",3.10835753648928,0.6,0.8,0,0
"65",NA,NA,NA,NA,0,NA,NA,NA,NA,0.804964539,5,42,54.70746548,48,71.757,2,13,0.004432624,0.104166666666667,0.895833333333333,0.270833333333333,0.729166666666667,"CPL",2.52817740947739,0,0.0833333333333333,0,0.0833333333333333
"651",1,1,1,1,1,100,100,100,100,0.7,1,1,5.103978813,5,3.684,2,0,0.1,0.2,0.8,0,1,"UMW",1.87296333737175,0.8,0.8,0.8,0.8
"653",0,0,0,0,1,0,0,0,0,0.4,2,2,6.694760308,6,22.264,3,1,0.183333333,0.333333333333333,0.666666666666667,0.166666666666667,0.833333333333333,"UMW",1.09170504748065,0,0,0,0
"66",NA,NA,NA,NA,0,NA,NA,NA,NA,0.333333333,4,1,5.116806981,6,2.331,0,0,0.333333333,0.666666666666667,0.333333333333333,0,1,"NPL",3.30423060057104,0,0,0,0
"660",NA,NA,NA,NA,0,NA,NA,NA,NA,0.533333333,1,1,14.17210697,6,6.836,2,0,0.116666667,0.166666666666667,0.833333333333333,0,1,"WMT",1.62889642367276,0,0.166666666666667,0,0
"661",NA,NA,NA,NA,0,NA,NA,NA,NA,0.4,3,2,1.06998182,6,1.283,2,3,0.233333333,0.5,0.5,0.5,0.5,"CPL",1.73419132786453,0,0,0,0
"665",0,0,0,0,1,0,0,0,0,0.7,1,1,42.12223937,5,44.629,3,3,0.1,0.2,0.8,0.6,0.4,"CPL",1.63044200616756,0,0,0,0
"67",1,2,1,1,7,14.29,28.57,14.29,14.29,0.345488899,42,84,147.4867171,146,278.743,5,58,0.011058626,0.287671232876712,0.712328767123288,0.397260273972603,0.602739726027397,"TPL",2.07036749346941,0.0547945205479452,0.102739726027397,0.0342465753424658,0.0342465753424658
"673",NA,NA,NA,NA,0,NA,NA,NA,NA,1,0,5,17.11206476,6,33.059,3,2,0,0,1,0.333333333333333,0.666666666666667,"WMT",3.32257399306761,0,0.333333333333333,0,0.333333333333333
"68",1,1,0,0,11,9.09,9.09,0,0,0.079647625,132,1,241.0359467,364,162.896,6,113,0.008810292,0.362637362637363,0.637362637362637,0.31043956043956,0.68956043956044,"UMW",1.71119081396909,0.0906593406593407,0.123626373626374,0.0659340659340659,0.0796703296703297
"681",0,2,0,0,2,0,100,0,0,0.285714286,4,1,2.910123189,7,0.475,2,0,0.295238095,0.571428571428571,0.428571428571429,0,1,"XER",2.7253462013945,0,1,0,0.142857142857143
"685",0,0,0,0,1,0,0,0,0,0.4,3,1,3.36759033,5,1.855,3,0,0.333333333,0.6,0.4,0,1,"CPL",3.076684150672,0,0,0,0
"69",NA,NA,NA,NA,0,NA,NA,NA,NA,0.926153846,1,24,38.7269844,26,41.157,5,11,0.003076923,0.0384615384615385,0.961538461538462,0.423076923076923,0.576923076923077,"CPL",2.97884463386427,0.0384615384615385,0.0384615384615385,0,0
"7",1,1,0,0,5,20,20,0,0,0.085741314,68,1,139.1508016,153,68.046,6,30,0.023564951,0.444444444444444,0.555555555555556,0.196078431372549,0.803921568627451,"UMW",1.71582575740274,0.0457516339869281,0.124183006535948,0.0326797385620915,0.0326797385620915
"70",0,0,0,0,2,0,0,0,0,0.283251232,9,1,20.23892041,29,21.342,4,17,0.052271483,0.310344827586207,0.689655172413793,0.586206896551724,0.413793103448276,"NAP",0.959053824746541,0.103448275862069,0.275862068965517,0,0.0344827586206897
"704",NA,NA,NA,NA,0,NA,NA,NA,NA,0.7,1,1,1.955746817,5,2.533,1,0,0.1,0.2,0.8,0,1,"CPL",1.87296333737175,0.4,0.4,0.4,0.4
"705",NA,NA,NA,NA,0,NA,NA,NA,NA,0.638888889,2,1,8.452726998,9,8.896,2,7,0.055555556,0.222222222222222,0.777777777777778,0.777777777777778,0.222222222222222,"NAP",1.75129299852136,0,0.444444444444444,0,0
"71",0,0,0,1,2,0,0,0,50,0.571794872,8,1,134.6023056,40,83.75,5,20,0.020614035,0.2,0.8,0.5,0.5,"WMT",1.4376857900386,0.225,0.625,0.15,0.7
"72",1,1,0,0,1,100,100,0,0,0.590909091,3,8,11.87875648,12,28.511,1,3,0.078787879,0.25,0.75,0.25,0.75,"NAP",1.09080503113719,0.333333333333333,0.333333333333333,0,0
"721",NA,NA,NA,NA,0,NA,NA,NA,NA,1,0,4,3.12724685,5,13.571,1,0,0,0,1,0,1,"CPL",3.50088946775766,0,0,0,0
"73",0,1,0,0,5,0,20,0,0,0.130322103,31,1,43.4663191,74,22.837,4,38,0.037501543,0.418918918918919,0.581081081081081,0.513513513513513,0.486486486486487,"NAP",1.41701407383569,0.0810810810810811,0.243243243243243,0,0.0135135135135135
"731",0,0,0,0,1,0,0,0,0,0.333333333,3,1,6.176100819,7,1.403,3,4,0.2,0.428571428571429,0.571428571428571,0.571428571428571,0.428571428571429,"NAP",1.33447719733483,0,0,0,0
"74",0,0,0,0,1,0,0,0,0,0.229280097,16,1,62.43913647,58,47.705,5,19,0.037496759,0.275862068965517,0.724137931034483,0.327586206896552,0.672413793103448,"UMW",1.04108981891354,0.0172413793103448,0.258620689655172,0.0517241379310345,0.0517241379310345
"75",0,0,0,0,16,0,0,0,0,0.472097401,77,1,120.3178713,382,168.238,5,165,0.002076847,0.201570680628272,0.798429319371728,0.431937172774869,0.568062827225131,"CPL",1.48914543304811,0.00523560209424084,0.00785340314136126,0,0.00261780104712042
"750",NA,NA,NA,NA,0,NA,NA,NA,NA,0.4,2,1,22.61939895,6,13.443,3,5,0.216666667,0.333333333333333,0.666666666666667,0.833333333333333,0.166666666666667,"NAP",1.77411291555185,0.333333333333333,0.333333333333333,0.166666666666667,0.166666666666667
"752",0,0,0,0,1,0,0,0,0,0.571428571,2,4,15.34005582,7,22.739,3,0,0.095238095,0.285714285714286,0.714285714285714,0,1,"UMW",1.39846457306364,0,0.428571428571429,0,0
"760",0,0,0,0,1,0,0,0,0,0.4,3,1,5.180392037,5,2.389,1,2,0.333333333,0.6,0.4,0.4,0.6,"NPL",2.869698135162,0,0,0,0
"761",0,0,0,0,1,0,0,0,0,0.25,5,1,7.860748091,8,0.965,3,4,0.279761905,0.625,0.375,0.5,0.5,"NAP",2.61497298582878,0,0,0,0
"762",NA,NA,NA,NA,0,NA,NA,NA,NA,0.4,3,1,17.55913689,5,5.487,0,0,0.333333333,0.6,0.4,0,1,"XER",3.076684150672,0,0.8,0,1
"764",0,0,0,0,1,0,0,0,0,0.4,2,1,12.68970374,6,8.301,4,7,0.183333333,0.333333333333333,0.666666666666667,1.16666666666667,-0.166666666666667,"XER",2.42369292292247,0.166666666666667,0.333333333333333,0,0
"766",NA,NA,NA,NA,0,NA,NA,NA,NA,1,0,4,3.923709853,5,12.475,2,0,0,0,1,0,1,"CPL",3.50088946775766,0.2,0.4,0,0.6
"77",NA,NA,NA,NA,0,NA,NA,NA,NA,1,0,6,22.41674146,7,22.74,1,2,0,0,1,0.285714285714286,0.714285714285714,"TPL",3.33077593443092,0,0,0,0
"772",NA,NA,NA,NA,0,NA,NA,NA,NA,0.428571429,3,1,58.13749387,7,33.094,5,4,0.171428571,0.428571428571429,0.571428571428571,0.571428571428571,0.428571428571429,"XER",1.12350296463713,0,0.571428571428571,0,0.857142857142857
"78",NA,NA,NA,NA,0,NA,NA,NA,NA,0.775,2,13,27.64827232,16,64.87,3,15,0.016666667,0.125,0.875,0.9375,0.0625,"NAP",2.69982370684965,0,0.3125,0,0
"781",NA,NA,NA,NA,0,NA,NA,NA,NA,0.285714286,4,1,3.540379412,7,1.107,3,4,0.276190476,0.571428571428571,0.428571428571429,0.571428571428571,0.428571428571429,"CPL",2.39788529049862,0,0,0,0
"79",1,1,0,0,21,4.76,4.76,0,0,0.014434948,180,1,80.79263988,325,15.073,5,255,0.023274913,0.553846153846154,0.446153846153846,0.784615384615385,0.215384615384615,"NAP",2.49967030777696,0.0307692307692308,0.113846153846154,0,0.0153846153846154
"8",0,1,0,0,1,0,100,0,0,0.491935484,8,21,31.54679143,32,29.716,4,15,0.024731183,0.25,0.75,0.46875,0.53125,"NAP",1.12933589345455,0,0.1875,0,0
"80",NA,NA,NA,NA,0,NA,NA,NA,NA,0.578947368,5,1,43.14262855,20,74.596,1,5,0.030994152,0.25,0.75,0.25,0.75,"UMW",1.2798046518736,0.15,0.35,0.35,0.35
"800",NA,NA,NA,NA,0,NA,NA,NA,NA,0.4,3,1,0.858655874,5,0.204,1,0,0.333333333,0.6,0.4,0,1,"CPL",3.076684150672,1,1,0,0
"81",0,0,0,0,2,0,0,0,0,0.257142857,4,3,9.025070186,15,10.591,3,2,0.095238095,0.266666666666667,0.733333333333333,0.133333333333333,0.866666666666667,"UMW",1.03178017894099,0,0,0,0
"821",NA,NA,NA,NA,0,NA,NA,NA,NA,0.7,1,1,14.66233683,5,20.272,2,5,0.1,0.2,0.8,1,0,"XER",2.3267636117672,0,0.6,0,0
"827",NA,NA,NA,NA,0,NA,NA,NA,NA,0.4,3,1,1.861503251,5,0.388,2,2,0.333333333,0.6,0.4,0.4,0.6,"NAP",2.869698135162,0,0,0,0
"83",0,0,0,0,2,0,0,0,0,0.154150198,12,1,81.88115062,23,35.217,5,8,0.118388858,0.521739130434783,0.478260869565217,0.347826086956522,0.652173913043478,"TPL",1.51647052721825,0.130434782608696,0.130434782608696,0.130434782608696,0.130434782608696
"843",0,0,0,0,1,0,0,0,0,0.6,1,2,14.90119084,6,10.051,2,4,0.1,0.166666666666667,0.833333333333333,0.666666666666667,0.333333333333333,"NAP",1.55977824488126,0,0,0,0
"85",NA,NA,NA,NA,0,NA,NA,NA,NA,0.571428571,2,1,10.36034882,7,16.5,2,4,0.095238095,0.285714285714286,0.714285714285714,0.571428571428571,0.428571428571429,"NAP",1.01614315694389,0,0,0,0
"858",NA,NA,NA,NA,0,NA,NA,NA,NA,0.4,3,1,4.398954588,6,1.1,1,0,0.266666667,0.5,0.5,0,1,"TPL",2.27358403952609,0.166666666666667,0.166666666666667,0,0
"86",0,0,0,0,2,0,0,0,0,0.244444444,12,2,54.76559492,36,53.602,4,19,0.045051354,0.333333333333333,0.666666666666667,0.527777777777778,0.472222222222222,"TPL",0.980929451963964,0.0555555555555556,0.0555555555555556,0,0.0555555555555556
"87",1,1,1,1,5,20,20,20,20,0.036218539,73,1,74.97071884,181,29.192,5,18,0.038546457,0.403314917127072,0.596685082872928,0.0994475138121547,0.900552486187845,"NAP",1.83149891067206,0.0165745856353591,0.0441988950276243,0.0165745856353591,0.0552486187845304
"88",2,3,0,0,15,13.33,20,0,0,0.023385641,188,1,97.71633357,380,24.294,5,214,0.015258463,0.494736842105263,0.505263157894737,0.563157894736842,0.436842105263158,"NAP",2.13855648577883,0.0342105263157895,0.0921052631578947,0.00263157894736842,0.0473684210526316
"9",2,4,0,0,36,5.56,11.11,0,0,0.081392386,459,1,315.884593,2247,245.893,7,1209,0.001291098,0.204272363150868,0.795727636849132,0.538050734312417,0.461949265687583,"CPL",5.53717420605207,0.0146862483311081,0.0453938584779706,0.0124610591900312,0.0173564753004005
"90",1,3,1,2,9,11.11,33.33,11.11,22.22,0.548232754,59,309,238.1238141,420,301.766,6,372,0.002643406,0.14047619047619,0.85952380952381,0.885714285714286,0.114285714285714,"SAP",7.5744657962305,0.0523809523809524,0.116666666666667,0.0547619047619048,0.1
"91",0,1,0,0,1,0,100,0,0,0.305555556,4,1,12.33696446,9,8.97,2,7,0.21031746,0.444444444444444,0.555555555555556,0.777777777777778,0.222222222222222,"CPL",1.78019098504704,0.333333333333333,0.666666666666667,0,0
"92",0,1,0,0,4,0,25,0,0,0.507387387,15,1,50.59020816,75,77.034,4,33,0.009547081,0.2,0.8,0.44,0.56,"NAP",1.35982246641664,0.0266666666666667,0.08,0.0266666666666667,0.0266666666666667
"93",NA,NA,NA,NA,0,NA,NA,NA,NA,0.916996047,1,21,36.7042582,23,35.346,2,9,0.003952569,0.0434782608695652,0.956521739130435,0.391304347826087,0.608695652173913,"CPL",2.92284662484221,0,0,0,0
"94",NA,NA,NA,NA,0,NA,NA,NA,NA,0.285714286,5,1,7.460200833,7,1.91,2,5,0.333333333,0.714285714285714,0.285714285714286,0.714285714285714,0.285714285714286,"CPL",3.44924963377084,0.142857142857143,0.142857142857143,0,0.285714285714286
"95",0,0,0,1,1,0,0,0,100,0.747619048,2,2,146.3906325,21,219.3,7,43,0.013784461,0.0952380952380952,0.904761904761905,2.04761904761905,-1.04761904761905,"XER",5.28213996946559,0.285714285714286,0.476190476190476,0.238095238095238,0.761904761904762
"96",0,0,0,0,1,0,0,0,0,0.269230769,5,3,22.37679375,13,13.856,3,2,0.107226107,0.384615384615385,0.615384615384615,0.153846153846154,0.846153846153846,"NAP",0.94276523537686,0,0,0,0
"97",0,0,0,0,1,0,0,0,0,0.21978022,6,1,29.73315501,14,7.532,3,0,0.146520147,0.428571428571429,0.571428571428571,0,1,"UMW",1.52979890685535,0,0.214285714285714,0,0
"98",0,1,0,1,2,0,50,0,50,0.32823698,21,1,111.7809113,92,93.125,6,11,0.015519987,0.228260869565217,0.771739130434783,0.119565217391304,0.880434782608696,"WMT",1.3750774594166,0.739130434782609,0.858695652173913,0.728260869565217,0.858695652173913
"99",0,0,0,0,3,0,0,0,0,0.144322344,27,1,216.8296761,105,118.224,7,68,0.023308084,0.257142857142857,0.742857142857143,0.647619047619048,0.352380952380952,"XER",1.56542527186362,0.133333333333333,0.295238095238095,0.0571428571428571,0.314285714285714
