"","net_id","nLakes","hist_unique","RCP45_2050s_unique","RCP45_2080s_unique","RCP85_2050s_unique","RCP85_2080s_unique","RCP45_2050s_changed","RCP45_2050s_same","RCP45_2080s_changed","RCP45_2080s_same","RCP85_2050s_changed","RCP85_2050s_same","RCP85_2080s_changed","RCP85_2080s_same","RCP45_2050s_changed_pct","RCP45_2050s_same_pct","RCP45_2080s_changed_pct","RCP45_2080s_same_pct","RCP85_2050s_changed_pct","RCP85_2050s_same_pct","RCP85_2080s_changed_pct","RCP85_2080s_same_pct"
"1",33,1731,2,3,3,3,3,372,1359,650,1081,862,869,1729,2,0.214904679376083,0.785095320623917,0.375505488157135,0.624494511842865,0.497978047371462,0.502021952628538,0.998844598497978,0.00115540150202195
"2",359,18,1,2,2,1,1,4,14,17,1,18,0,18,0,0.222222222222222,0.777777777777778,0.944444444444444,0.0555555555555556,1,0,1,0
"3",154,15,1,1,2,1,1,15,0,14,1,15,0,15,0,1,0,0.933333333333333,0.0666666666666667,1,0,1,0
"4",280,14,1,1,2,2,1,14,0,9,5,10,4,14,0,1,0,0.642857142857143,0.357142857142857,0.714285714285714,0.285714285714286,1,0
"5",833,3,1,1,1,1,1,3,0,3,0,3,0,3,0,1,0,1,0,1,0,1,0
"6",87,181,1,2,3,2,2,112,69,177,4,181,0,181,0,0.61878453038674,0.38121546961326,0.977900552486188,0.0220994475138122,1,0,1,0
"7",282,5,1,1,2,2,1,5,0,2,3,3,2,5,0,1,0,0.4,0.6,0.6,0.4,1,0
"8",759,2,1,1,1,1,1,2,0,2,0,2,0,2,0,1,0,1,0,1,0,1,0
"9",455,12,1,3,1,1,1,12,0,12,0,12,0,12,0,1,0,1,0,1,0,1,0
"10",415,4,1,1,2,2,1,4,0,4,0,4,0,4,0,1,0,1,0,1,0,1,0
"11",606,2,1,1,1,1,1,2,0,2,0,2,0,2,0,1,0,1,0,1,0,1,0
"12",102,72,1,2,2,2,2,57,15,72,0,72,0,72,0,0.791666666666667,0.208333333333333,1,0,1,0,1,0
"13",390,11,1,2,2,2,1,10,0,10,0,10,0,10,0,0.909090909090909,0,0.909090909090909,0,0.909090909090909,0,0.909090909090909,0
"14",96,13,1,1,2,2,1,13,0,13,0,13,0,13,0,1,0,1,0,1,0,1,0
"15",214,43,1,3,3,3,1,43,0,43,0,43,0,43,0,1,0,1,0,1,0,1,0
"16",85,7,1,1,2,2,1,7,0,7,0,7,0,7,0,1,0,1,0,1,0,1,0
"17",283,6,1,1,1,1,1,6,0,6,0,6,0,6,0,1,0,1,0,1,0,1,0
"18",891,2,1,2,1,1,1,2,0,2,0,2,0,2,0,1,0,1,0,1,0,1,0
"19",677,3,1,1,1,1,1,3,0,3,0,3,0,3,0,1,0,1,0,1,0,1,0
"20",702,4,1,2,1,1,1,4,0,4,0,4,0,4,0,1,0,1,0,1,0,1,0
"21",357,18,1,3,2,1,1,4,14,18,0,18,0,18,0,0.222222222222222,0.777777777777778,1,0,1,0,1,0
"22",557,3,1,2,1,1,1,3,0,3,0,3,0,3,0,1,0,1,0,1,0,1,0
"23",431,17,1,2,2,2,1,5,12,15,2,17,0,17,0,0.294117647058824,0.705882352941177,0.882352941176471,0.117647058823529,1,0,1,0
"24",639,5,1,1,1,1,1,5,0,5,0,5,0,5,0,1,0,1,0,1,0,1,0
"25",436,27,1,2,3,2,1,19,8,25,2,27,0,27,0,0.703703703703704,0.296296296296296,0.925925925925926,0.0740740740740741,1,0,1,0
"26",750,6,1,2,2,2,1,5,1,6,0,6,0,6,0,0.833333333333333,0.166666666666667,1,0,1,0,1,0
"27",152,5,1,2,2,2,1,4,1,5,0,5,0,5,0,0.8,0.2,1,0,1,0,1,0
"28",219,4,1,1,1,1,1,4,0,4,0,4,0,4,0,1,0,1,0,1,0,1,0
"29",271,9,1,1,2,2,1,9,0,9,0,9,0,9,0,1,0,1,0,1,0,1,0
"30",828,3,1,1,1,1,1,3,0,3,0,3,0,3,0,1,0,1,0,1,0,1,0
"31",278,2,1,2,1,1,1,2,0,2,0,2,0,2,0,1,0,1,0,1,0,1,0
"32",814,4,1,1,1,1,1,4,0,4,0,4,0,4,0,1,0,1,0,1,0,1,0
"33",121,3,1,1,1,1,1,3,0,3,0,3,0,3,0,1,0,1,0,1,0,1,0
"34",657,2,1,2,1,1,1,2,0,2,0,2,0,2,0,1,0,1,0,1,0,1,0
"35",300,2,1,1,1,1,1,2,0,2,0,2,0,2,0,1,0,1,0,1,0,1,0
"36",672,4,1,1,1,1,1,4,0,4,0,4,0,4,0,1,0,1,0,1,0,1,0
"37",428,4,1,1,1,2,1,4,0,4,0,4,0,4,0,1,0,1,0,1,0,1,0
"38",538,2,1,2,1,1,1,1,1,2,0,2,0,2,0,0.5,0.5,1,0,1,0,1,0
"39",470,3,1,2,2,2,1,1,2,3,0,3,0,3,0,0.333333333333333,0.666666666666667,1,0,1,0,1,0
"40",226,4,1,1,2,1,1,4,0,4,0,4,0,4,0,1,0,1,0,1,0,1,0
"41",714,2,1,1,1,1,1,2,0,2,0,2,0,2,0,1,0,1,0,1,0,1,0
"42",596,2,1,2,1,1,1,2,0,2,0,2,0,2,0,1,0,1,0,1,0,1,0
"43",401,2,1,2,1,1,1,2,0,2,0,2,0,2,0,1,0,1,0,1,0,1,0
"44",449,2,1,2,1,1,1,1,1,2,0,2,0,2,0,0.5,0.5,1,0,1,0,1,0
"45",534,5,1,1,2,2,1,5,0,5,0,5,0,5,0,1,0,1,0,1,0,1,0
"46",733,3,1,1,1,1,1,3,0,3,0,3,0,3,0,1,0,1,0,1,0,1,0
"47",471,2,1,2,1,1,1,2,0,2,0,2,0,2,0,1,0,1,0,1,0,1,0
"48",806,2,1,1,1,2,1,2,0,2,0,2,0,2,0,1,0,1,0,1,0,1,0
"49",771,3,1,1,1,1,1,3,0,3,0,3,0,3,0,1,0,1,0,1,0,1,0
"50",120,134,1,3,2,2,1,133,1,134,0,134,0,134,0,0.992537313432836,0.00746268656716418,1,0,1,0,1,0
"51",37,261,1,3,3,3,2,245,16,256,5,258,3,261,0,0.938697318007663,0.0613026819923372,0.980842911877395,0.0191570881226054,0.988505747126437,0.0114942528735632,1,0
"52",213,9,1,1,1,1,1,9,0,9,0,9,0,9,0,1,0,1,0,1,0,1,0
"53",209,17,1,1,2,2,1,17,0,17,0,17,0,17,0,1,0,1,0,1,0,1,0
"54",852,2,1,1,1,1,1,1,0,1,0,1,0,1,0,0.5,0,0.5,0,0.5,0,0.5,0
"55",547,5,1,1,2,2,1,5,0,5,0,5,0,5,0,1,0,1,0,1,0,1,0
"56",434,6,1,1,1,1,1,6,0,6,0,6,0,6,0,1,0,1,0,1,0,1,0
"57",247,6,1,1,1,1,1,6,0,6,0,6,0,6,0,1,0,1,0,1,0,1,0
"58",729,2,1,1,1,1,1,2,0,2,0,2,0,2,0,1,0,1,0,1,0,1,0
"59",718,2,1,1,1,1,1,2,0,2,0,2,0,2,0,1,0,1,0,1,0,1,0
"60",790,2,1,1,1,1,1,2,0,2,0,2,0,2,0,1,0,1,0,1,0,1,0
"61",57,749,2,3,3,3,3,720,29,729,20,735,14,748,1,0.96128170894526,0.0387182910547397,0.973297730307076,0.0267022696929239,0.981308411214953,0.0186915887850467,0.998664886515354,0.00133511348464619
"62",20,1118,4,3,3,3,2,836,282,936,182,974,144,1051,67,0.747763864042934,0.252236135957066,0.837209302325581,0.162790697674419,0.871198568872988,0.128801431127013,0.940071556350626,0.0599284436493739
"63",79,325,4,1,1,1,1,174,151,174,151,174,151,174,151,0.535384615384615,0.464615384615385,0.535384615384615,0.464615384615385,0.535384615384615,0.464615384615385,0.535384615384615,0.464615384615385
"64",640,3,1,1,1,1,1,3,0,3,0,3,0,3,0,1,0,1,0,1,0,1,0
"65",73,74,3,1,1,1,1,37,37,37,37,37,37,37,37,0.5,0.5,0.5,0.5,0.5,0.5,0.5,0.5
"66",156,17,1,1,1,1,1,17,0,17,0,17,0,17,0,1,0,1,0,1,0,1,0
"67",257,113,1,1,1,1,1,113,0,113,0,113,0,113,0,1,0,1,0,1,0,1,0
"68",49,62,3,1,1,1,1,21,41,21,41,21,41,21,41,0.338709677419355,0.661290322580645,0.338709677419355,0.661290322580645,0.338709677419355,0.661290322580645,0.338709677419355,0.661290322580645
"69",485,2,1,1,1,1,1,2,0,2,0,2,0,2,0,1,0,1,0,1,0,1,0
"70",269,8,1,1,1,1,1,8,0,8,0,8,0,8,0,1,0,1,0,1,0,1,0
"71",770,2,1,1,1,1,1,1,0,1,0,1,0,1,0,0.5,0,0.5,0,0.5,0,0.5,0
"72",336,8,1,1,1,1,1,8,0,8,0,8,0,8,0,1,0,1,0,1,0,1,0
"73",162,33,1,1,1,1,1,33,0,33,0,33,0,33,0,1,0,1,0,1,0,1,0
"74",70,29,4,1,1,1,1,26,3,26,3,26,3,26,3,0.896551724137931,0.103448275862069,0.896551724137931,0.103448275862069,0.896551724137931,0.103448275862069,0.896551724137931,0.103448275862069
"75",734,2,1,1,1,1,1,2,0,2,0,2,0,2,0,1,0,1,0,1,0,1,0
"76",435,6,1,1,1,1,1,6,0,6,0,6,0,6,0,1,0,1,0,1,0,1,0
"77",61,9,2,1,1,1,1,9,0,9,0,9,0,9,0,1,0,1,0,1,0,1,0
"78",295,5,1,1,1,1,1,5,0,5,0,5,0,5,0,1,0,1,0,1,0,1,0
"79",559,7,1,1,1,1,1,7,0,7,0,7,0,7,0,1,0,1,0,1,0,1,0
"80",62,26,1,1,1,1,1,26,0,26,0,26,0,26,0,1,0,1,0,1,0,1,0
"81",691,3,1,1,1,1,1,3,0,3,0,3,0,3,0,1,0,1,0,1,0,1,0
"82",398,2,1,1,1,1,1,2,0,2,0,2,0,2,0,1,0,1,0,1,0,1,0
"83",94,7,2,1,1,1,1,1,6,1,6,1,6,1,6,0.142857142857143,0.857142857142857,0.142857142857143,0.857142857142857,0.142857142857143,0.857142857142857,0.142857142857143,0.857142857142857
"84",519,7,1,1,1,1,1,7,0,7,0,7,0,7,0,1,0,1,0,1,0,1,0
"85",4,2,1,1,1,1,1,2,0,2,0,2,0,2,0,1,0,1,0,1,0,1,0
"86",285,5,1,1,1,1,1,5,0,5,0,5,0,5,0,1,0,1,0,1,0,1,0
"87",524,5,1,1,1,1,1,5,0,5,0,5,0,5,0,1,0,1,0,1,0,1,0
"88",745,3,1,1,1,1,1,3,0,3,0,3,0,3,0,1,0,1,0,1,0,1,0
"89",811,2,1,1,1,1,1,2,0,2,0,2,0,2,0,1,0,1,0,1,0,1,0
"90",107,4,1,1,1,1,1,4,0,4,0,4,0,4,0,1,0,1,0,1,0,1,0
"91",335,3,2,1,1,1,1,1,2,1,2,1,2,1,2,0.333333333333333,0.666666666666667,0.333333333333333,0.666666666666667,0.333333333333333,0.666666666666667,0.333333333333333,0.666666666666667
"92",558,3,1,1,1,1,1,3,0,3,0,3,0,3,0,1,0,1,0,1,0,1,0
"93",417,2,1,1,1,1,1,2,0,2,0,2,0,2,0,1,0,1,0,1,0,1,0
"94",619,2,1,1,1,1,1,2,0,2,0,2,0,2,0,1,0,1,0,1,0,1,0
"95",755,3,1,1,1,1,1,3,0,3,0,3,0,3,0,1,0,1,0,1,0,1,0
"96",249,9,2,1,1,1,1,2,7,2,7,2,7,2,7,0.222222222222222,0.777777777777778,0.222222222222222,0.777777777777778,0.222222222222222,0.777777777777778,0.222222222222222,0.777777777777778
"97",798,2,1,1,1,1,1,2,0,2,0,2,0,2,0,1,0,1,0,1,0,1,0
"98",607,4,2,1,1,1,1,1,3,1,3,1,3,1,3,0.25,0.75,0.25,0.75,0.25,0.75,0.25,0.75
"99",190,9,1,1,1,1,1,9,0,9,0,9,0,9,0,1,0,1,0,1,0,1,0
"100",499,3,1,1,1,1,1,3,0,3,0,3,0,3,0,1,0,1,0,1,0,1,0
"101",595,13,1,1,1,1,1,13,0,13,0,13,0,13,0,1,0,1,0,1,0,1,0
"102",647,2,1,1,1,1,1,2,0,2,0,2,0,2,0,1,0,1,0,1,0,1,0
"103",881,3,1,1,1,1,1,3,0,3,0,3,0,3,0,1,0,1,0,1,0,1,0
"104",178,5,2,1,1,1,1,2,3,2,3,2,3,2,3,0.4,0.6,0.4,0.6,0.4,0.6,0.4,0.6
"105",789,2,1,1,1,1,1,2,0,2,0,2,0,2,0,1,0,1,0,1,0,1,0
"106",882,2,1,1,1,1,1,2,0,2,0,2,0,2,0,1,0,1,0,1,0,1,0
"107",193,4,1,1,1,1,1,4,0,4,0,4,0,4,0,1,0,1,0,1,0,1,0
"108",880,2,1,1,1,1,1,2,0,2,0,2,0,2,0,1,0,1,0,1,0,1,0
"109",598,2,1,1,1,1,1,2,0,2,0,2,0,2,0,1,0,1,0,1,0,1,0
"110",84,2,1,1,1,1,1,2,0,2,0,2,0,2,0,1,0,1,0,1,0,1,0
"111",343,4,1,1,1,1,1,4,0,4,0,4,0,4,0,1,0,1,0,1,0,1,0
"112",883,3,1,1,1,1,1,3,0,3,0,3,0,3,0,1,0,1,0,1,0,1,0
"113",705,9,1,1,1,1,1,9,0,9,0,9,0,9,0,1,0,1,0,1,0,1,0
"114",679,2,1,1,1,1,1,2,0,2,0,2,0,2,0,1,0,1,0,1,0,1,0
"115",186,3,1,1,1,1,1,3,0,3,0,3,0,3,0,1,0,1,0,1,0,1,0
"116",784,2,1,1,1,1,1,2,0,2,0,2,0,2,0,1,0,1,0,1,0,1,0
"117",155,2,1,1,1,1,1,2,0,2,0,2,0,2,0,1,0,1,0,1,0,1,0
"118",468,5,1,1,1,1,1,5,0,5,0,5,0,5,0,1,0,1,0,1,0,1,0
"119",523,3,2,1,1,1,1,2,1,2,1,2,1,2,1,0.666666666666667,0.333333333333333,0.666666666666667,0.333333333333333,0.666666666666667,0.333333333333333,0.666666666666667,0.333333333333333
"120",658,2,1,1,1,1,1,2,0,2,0,2,0,2,0,1,0,1,0,1,0,1,0
"121",822,2,1,1,1,1,1,2,0,2,0,2,0,2,0,1,0,1,0,1,0,1,0
"122",849,2,1,1,1,1,1,2,0,2,0,2,0,2,0,1,0,1,0,1,0,1,0
"123",218,2,1,1,1,1,1,2,0,2,0,2,0,2,0,1,0,1,0,1,0,1,0
"124",746,2,1,1,1,1,1,2,0,2,0,2,0,2,0,1,0,1,0,1,0,1,0
"125",422,2,1,1,1,1,1,2,0,2,0,2,0,2,0,1,0,1,0,1,0,1,0
"126",737,2,1,1,1,1,1,2,0,2,0,2,0,2,0,1,0,1,0,1,0,1,0
"127",414,2,1,1,1,1,1,2,0,2,0,2,0,2,0,1,0,1,0,1,0,1,0
"128",201,39,3,1,1,1,1,6,33,6,33,6,33,6,33,0.153846153846154,0.846153846153846,0.153846153846154,0.846153846153846,0.153846153846154,0.846153846153846,0.153846153846154,0.846153846153846
"129",250,19,2,1,1,1,1,5,14,5,14,5,14,5,14,0.263157894736842,0.736842105263158,0.263157894736842,0.736842105263158,0.263157894736842,0.736842105263158,0.263157894736842,0.736842105263158
"130",26,418,4,3,2,2,1,334,84,349,69,349,69,349,69,0.799043062200957,0.200956937799043,0.834928229665072,0.165071770334928,0.834928229665072,0.165071770334928,0.834928229665072,0.165071770334928
"131",88,380,4,1,1,1,1,328,52,328,52,328,52,328,52,0.863157894736842,0.136842105263158,0.863157894736842,0.136842105263158,0.863157894736842,0.136842105263158,0.863157894736842,0.136842105263158
"132",230,23,1,1,1,1,1,23,0,23,0,23,0,23,0,1,0,1,0,1,0,1,0
"133",274,30,1,1,1,1,1,30,0,30,0,30,0,30,0,1,0,1,0,1,0,1,0
"134",731,7,1,1,1,1,1,7,0,7,0,7,0,7,0,1,0,1,0,1,0,1,0
"135",326,22,1,1,1,1,1,22,0,22,0,22,0,22,0,1,0,1,0,1,0,1,0
"136",204,28,1,1,1,1,1,28,0,28,0,28,0,28,0,1,0,1,0,1,0,1,0
"137",225,28,1,1,1,1,1,28,0,28,0,28,0,28,0,1,0,1,0,1,0,1,0
"138",391,2,1,1,1,1,1,2,0,2,0,2,0,2,0,1,0,1,0,1,0,1,0
"139",375,10,2,1,1,1,1,1,9,1,9,1,9,1,9,0.1,0.9,0.1,0.9,0.1,0.9,0.1,0.9
"140",480,6,1,1,1,1,1,6,0,6,0,6,0,6,0,1,0,1,0,1,0,1,0
"141",185,14,2,1,1,1,1,4,10,4,10,4,10,4,10,0.285714285714286,0.714285714285714,0.285714285714286,0.714285714285714,0.285714285714286,0.714285714285714,0.285714285714286,0.714285714285714
"142",284,6,1,1,1,1,1,6,0,6,0,6,0,6,0,1,0,1,0,1,0,1,0
"143",832,3,1,1,1,1,1,3,0,3,0,3,0,3,0,1,0,1,0,1,0,1,0
"144",501,2,1,1,1,1,1,2,0,2,0,2,0,2,0,1,0,1,0,1,0,1,0
"145",761,8,1,1,1,1,1,8,0,8,0,8,0,8,0,1,0,1,0,1,0,1,0
"146",358,6,1,1,1,1,1,6,0,6,0,6,0,6,0,1,0,1,0,1,0,1,0
"147",276,7,1,1,1,1,1,7,0,7,0,7,0,7,0,1,0,1,0,1,0,1,0
"148",626,5,1,1,1,1,1,5,0,5,0,5,0,5,0,1,0,1,0,1,0,1,0
"149",494,8,1,1,1,1,1,8,0,8,0,8,0,8,0,1,0,1,0,1,0,1,0
"150",504,3,1,1,1,1,1,3,0,3,0,3,0,3,0,1,0,1,0,1,0,1,0
"151",621,8,1,1,1,1,1,8,0,8,0,8,0,8,0,1,0,1,0,1,0,1,0
"152",843,6,1,1,1,1,1,6,0,6,0,6,0,6,0,1,0,1,0,1,0,1,0
"153",42,8,1,1,1,1,1,8,0,8,0,8,0,8,0,1,0,1,0,1,0,1,0
"154",496,10,3,1,1,1,1,3,7,3,7,3,7,3,7,0.3,0.7,0.3,0.7,0.3,0.7,0.3,0.7
"155",366,6,1,1,1,1,1,6,0,6,0,6,0,6,0,1,0,1,0,1,0,1,0
"156",779,2,1,1,1,1,1,2,0,2,0,2,0,2,0,1,0,1,0,1,0,1,0
"157",441,2,1,1,1,1,1,2,0,2,0,2,0,2,0,1,0,1,0,1,0,1,0
"158",345,2,1,1,1,1,1,2,0,2,0,2,0,2,0,1,0,1,0,1,0,1,0
"159",82,4,1,1,1,1,1,4,0,4,0,4,0,4,0,1,0,1,0,1,0,1,0
"160",163,2,1,1,1,1,1,2,0,2,0,2,0,2,0,1,0,1,0,1,0,1,0
"161",827,5,1,1,1,1,1,5,0,5,0,5,0,5,0,1,0,1,0,1,0,1,0
"162",451,3,1,1,1,1,1,3,0,3,0,3,0,3,0,1,0,1,0,1,0,1,0
"163",316,4,1,1,1,1,1,4,0,4,0,4,0,4,0,1,0,1,0,1,0,1,0
"164",198,5,1,1,1,1,1,5,0,5,0,5,0,5,0,1,0,1,0,1,0,1,0
"165",10,2659,4,3,3,3,3,1866,793,2031,628,2125,534,2399,260,0.701767581797668,0.298232418202332,0.763820985332832,0.236179014667168,0.799172621286198,0.200827378713802,0.902218879277924,0.097781120722076
"166",208,2,1,1,1,1,1,2,0,2,0,2,0,2,0,1,0,1,0,1,0,1,0
"167",871,2,1,1,1,1,1,2,0,2,0,2,0,2,0,1,0,1,0,1,0,1,0
"168",29,736,1,2,2,2,2,196,540,325,411,387,349,736,0,0.266304347826087,0.733695652173913,0.441576086956522,0.558423913043478,0.525815217391304,0.474184782608696,1,0
"169",46,258,4,1,1,1,1,106,152,106,152,106,152,106,152,0.410852713178295,0.589147286821705,0.410852713178295,0.589147286821705,0.410852713178295,0.589147286821705,0.410852713178295,0.589147286821705
"170",168,79,3,1,1,1,1,12,67,12,67,12,67,12,67,0.151898734177215,0.848101265822785,0.151898734177215,0.848101265822785,0.151898734177215,0.848101265822785,0.151898734177215,0.848101265822785
"171",512,2,1,1,1,1,1,2,0,2,0,2,0,2,0,1,0,1,0,1,0,1,0
"172",474,12,1,1,1,1,1,12,0,12,0,12,0,12,0,1,0,1,0,1,0,1,0
"173",19,21,1,1,1,1,1,21,0,21,0,21,0,21,0,1,0,1,0,1,0,1,0
"174",22,4,1,1,1,1,1,4,0,4,0,4,0,4,0,1,0,1,0,1,0,1,0
"175",692,4,1,1,1,1,1,4,0,4,0,4,0,4,0,1,0,1,0,1,0,1,0
"176",407,5,1,1,1,1,1,5,0,5,0,5,0,5,0,1,0,1,0,1,0,1,0
"177",848,2,1,1,1,1,1,2,0,2,0,2,0,2,0,1,0,1,0,1,0,1,0
"178",138,3,1,1,1,1,1,3,0,3,0,3,0,3,0,1,0,1,0,1,0,1,0
"179",615,3,1,1,1,1,1,3,0,3,0,3,0,3,0,1,0,1,0,1,0,1,0
"180",141,25,1,1,1,1,1,25,0,25,0,25,0,25,0,1,0,1,0,1,0,1,0
"181",143,3,1,1,1,1,1,3,0,3,0,3,0,3,0,1,0,1,0,1,0,1,0
"182",532,2,1,1,1,1,1,2,0,2,0,2,0,2,0,1,0,1,0,1,0,1,0
"183",620,2,1,1,1,1,1,2,0,2,0,2,0,2,0,1,0,1,0,1,0,1,0
"184",511,2,1,1,1,1,1,1,0,1,0,1,0,1,0,0.5,0,0.5,0,0.5,0,0.5,0
"185",419,11,1,1,1,1,1,11,0,11,0,11,0,11,0,1,0,1,0,1,0,1,0
"186",394,6,1,1,1,1,1,6,0,6,0,6,0,6,0,1,0,1,0,1,0,1,0
"187",744,2,1,1,1,1,1,2,0,2,0,2,0,2,0,1,0,1,0,1,0,1,0
"188",241,3,1,1,1,1,1,3,0,3,0,3,0,3,0,1,0,1,0,1,0,1,0
"189",553,4,1,1,1,1,1,4,0,4,0,4,0,4,0,1,0,1,0,1,0,1,0
"190",897,2,1,1,1,1,1,2,0,2,0,2,0,2,0,1,0,1,0,1,0,1,0
"191",38,6,1,1,1,1,1,6,0,6,0,6,0,6,0,1,0,1,0,1,0,1,0
"192",159,4,1,1,1,1,1,4,0,4,0,4,0,4,0,1,0,1,0,1,0,1,0
"193",616,3,1,1,1,1,1,3,0,3,0,3,0,3,0,1,0,1,0,1,0,1,0
"194",337,2,1,1,1,1,1,2,0,2,0,2,0,2,0,1,0,1,0,1,0,1,0
"195",231,3,1,1,1,1,1,3,0,3,0,3,0,3,0,1,0,1,0,1,0,1,0
"196",482,2,1,1,1,1,1,2,0,2,0,2,0,2,0,1,0,1,0,1,0,1,0
"197",548,2,1,1,1,1,1,2,0,2,0,2,0,2,0,1,0,1,0,1,0,1,0
"198",286,2,1,1,1,1,1,2,0,2,0,2,0,2,0,1,0,1,0,1,0,1,0
"199",525,2,1,1,1,1,1,2,0,2,0,2,0,2,0,1,0,1,0,1,0,1,0
"200",817,2,1,1,1,1,1,2,0,2,0,2,0,2,0,1,0,1,0,1,0,1,0
"201",801,2,1,1,1,1,1,2,0,2,0,2,0,2,0,1,0,1,0,1,0,1,0
"202",47,1463,4,3,3,3,1,902,561,987,476,1005,458,1014,449,0.616541353383459,0.383458646616541,0.674641148325359,0.325358851674641,0.686944634313055,0.313055365686945,0.693096377306904,0.306903622693096
"203",173,20,1,1,1,1,1,20,0,20,0,20,0,20,0,1,0,1,0,1,0,1,0
"204",255,5,1,1,1,1,1,5,0,5,0,5,0,5,0,1,0,1,0,1,0,1,0
"205",184,57,1,1,1,1,1,54,0,54,0,54,0,54,0,0.947368421052632,0,0.947368421052632,0,0.947368421052632,0,0.947368421052632,0
"206",91,9,1,1,1,1,1,9,0,9,0,9,0,9,0,1,0,1,0,1,0,1,0
"207",781,7,1,1,1,1,1,7,0,7,0,7,0,7,0,1,0,1,0,1,0,1,0
"208",51,13,1,1,1,1,1,13,0,13,0,13,0,13,0,1,0,1,0,1,0,1,0
"209",585,3,1,1,1,1,1,3,0,3,0,3,0,3,0,1,0,1,0,1,0,1,0
"210",27,31,1,1,1,1,1,31,0,31,0,31,0,31,0,1,0,1,0,1,0,1,0
"211",202,23,1,1,1,1,1,23,0,23,0,23,0,23,0,1,0,1,0,1,0,1,0
"212",188,66,1,1,1,1,1,66,0,66,0,66,0,66,0,1,0,1,0,1,0,1,0
"213",664,2,1,1,1,1,1,2,0,2,0,2,0,2,0,1,0,1,0,1,0,1,0
"214",142,26,1,1,1,1,1,26,0,26,0,26,0,26,0,1,0,1,0,1,0,1,0
"215",894,2,1,1,1,1,1,2,0,2,0,2,0,2,0,1,0,1,0,1,0,1,0
"216",671,3,1,1,1,1,1,3,0,3,0,3,0,3,0,1,0,1,0,1,0,1,0
"217",464,2,1,1,1,1,1,2,0,2,0,2,0,2,0,1,0,1,0,1,0,1,0
"218",392,2,1,1,1,1,1,2,0,2,0,2,0,2,0,1,0,1,0,1,0,1,0
"219",195,6,1,1,1,1,1,6,0,6,0,6,0,6,0,1,0,1,0,1,0,1,0
"220",416,2,1,1,1,1,1,2,0,2,0,2,0,2,0,1,0,1,0,1,0,1,0
"221",291,3,1,1,1,1,1,3,0,3,0,3,0,3,0,1,0,1,0,1,0,1,0
"222",614,2,1,1,1,1,1,2,0,2,0,2,0,2,0,1,0,1,0,1,0,1,0
"223",380,3,1,1,1,1,1,3,0,3,0,3,0,3,0,1,0,1,0,1,0,1,0
"224",306,4,1,1,1,1,1,4,0,4,0,4,0,4,0,1,0,1,0,1,0,1,0
"225",387,6,1,1,1,1,1,6,0,6,0,6,0,6,0,1,0,1,0,1,0,1,0
"226",560,3,1,1,1,1,1,3,0,3,0,3,0,3,0,1,0,1,0,1,0,1,0
"227",239,13,1,1,1,1,1,13,0,13,0,13,0,13,0,1,0,1,0,1,0,1,0
"228",698,2,1,1,1,1,1,2,0,2,0,2,0,2,0,1,0,1,0,1,0,1,0
"229",442,3,1,1,1,1,1,3,0,3,0,3,0,3,0,1,0,1,0,1,0,1,0
"230",842,2,1,1,1,1,1,2,0,2,0,2,0,2,0,1,0,1,0,1,0,1,0
"231",568,2,1,1,1,1,1,2,0,2,0,2,0,2,0,1,0,1,0,1,0,1,0
"232",889,2,1,1,1,1,1,2,0,2,0,2,0,2,0,1,0,1,0,1,0,1,0
"233",786,3,1,1,1,1,1,3,0,3,0,3,0,3,0,1,0,1,0,1,0,1,0
"234",661,6,1,1,1,1,1,6,0,6,0,6,0,6,0,1,0,1,0,1,0,1,0
"235",624,2,1,1,1,1,1,2,0,2,0,2,0,2,0,1,0,1,0,1,0,1,0
"236",290,2,1,1,1,1,1,2,0,2,0,2,0,2,0,1,0,1,0,1,0,1,0
"237",576,6,1,1,1,1,1,6,0,6,0,6,0,6,0,1,0,1,0,1,0,1,0
"238",663,2,1,1,1,1,1,2,0,2,0,2,0,2,0,1,0,1,0,1,0,1,0
"239",709,2,1,1,1,1,1,2,0,2,0,2,0,2,0,1,0,1,0,1,0,1,0
"240",724,2,1,1,1,1,1,2,0,2,0,2,0,2,0,1,0,1,0,1,0,1,0
"241",778,2,1,1,1,1,1,2,0,2,0,2,0,2,0,1,0,1,0,1,0,1,0
"242",90,420,3,2,2,2,1,34,383,36,381,36,381,36,381,0.080952380952381,0.911904761904762,0.0857142857142857,0.907142857142857,0.0857142857142857,0.907142857142857,0.0857142857142857,0.907142857142857
"243",266,40,1,1,1,1,1,40,0,40,0,40,0,40,0,1,0,1,0,1,0,1,0
"244",148,21,1,1,1,1,1,21,0,21,0,21,0,21,0,1,0,1,0,1,0,1,0
"245",215,12,1,1,1,1,1,12,0,12,0,12,0,12,0,1,0,1,0,1,0,1,0
"246",831,4,1,1,1,1,1,4,0,4,0,4,0,4,0,1,0,1,0,1,0,1,0
"247",426,3,1,1,1,1,1,3,0,3,0,3,0,3,0,1,0,1,0,1,0,1,0
"248",535,4,1,1,1,1,1,4,0,4,0,4,0,4,0,1,0,1,0,1,0,1,0
"249",105,36,1,1,1,1,1,36,0,36,0,36,0,36,0,1,0,1,0,1,0,1,0
"250",389,7,1,1,1,1,1,7,0,7,0,7,0,7,0,1,0,1,0,1,0,1,0
"251",311,3,1,1,1,1,1,2,0,2,0,2,0,2,0,0.666666666666667,0,0.666666666666667,0,0.666666666666667,0,0.666666666666667,0
"252",403,13,1,1,1,1,1,13,0,13,0,13,0,13,0,1,0,1,0,1,0,1,0
"253",730,2,1,1,1,1,1,2,0,2,0,2,0,2,0,1,0,1,0,1,0,1,0
"254",630,3,1,1,1,1,1,3,0,3,0,3,0,3,0,1,0,1,0,1,0,1,0
"255",409,3,1,1,1,1,1,3,0,3,0,3,0,3,0,1,0,1,0,1,0,1,0
"256",721,5,1,1,1,1,1,4,0,4,0,4,0,4,0,0.8,0,0.8,0,0.8,0,0.8,0
"257",497,2,1,1,1,1,1,2,0,2,0,2,0,2,0,1,0,1,0,1,0,1,0
"258",826,3,1,1,1,1,1,3,0,3,0,3,0,3,0,1,0,1,0,1,0,1,0
"259",453,3,1,1,1,1,1,3,0,3,0,3,0,3,0,1,0,1,0,1,0,1,0
"260",685,5,1,1,1,1,1,5,0,5,0,5,0,5,0,1,0,1,0,1,0,1,0
"261",766,5,1,1,1,1,1,5,0,5,0,5,0,5,0,1,0,1,0,1,0,1,0
"262",15,765,2,1,1,1,1,1,764,1,764,1,764,1,764,0.00130718954248366,0.998692810457516,0.00130718954248366,0.998692810457516,0.00130718954248366,0.998692810457516,0.00130718954248366,0.998692810457516
"263",166,186,1,1,1,1,1,183,0,183,0,183,0,183,0,0.983870967741935,0,0.983870967741935,0,0.983870967741935,0,0.983870967741935,0
"264",75,382,1,1,1,1,1,382,0,382,0,382,0,382,0,1,0,1,0,1,0,1,0
"265",93,23,1,1,1,1,1,23,0,23,0,23,0,23,0,1,0,1,0,1,0,1,0
"266",582,7,1,1,1,1,1,7,0,7,0,7,0,7,0,1,0,1,0,1,0,1,0
"267",593,7,1,1,1,1,1,7,0,7,0,7,0,7,0,1,0,1,0,1,0,1,0
"268",187,25,1,1,1,1,1,25,0,25,0,25,0,25,0,1,0,1,0,1,0,1,0
"269",301,7,1,1,1,1,1,7,0,7,0,7,0,7,0,1,0,1,0,1,0,1,0
"270",54,18,1,1,1,1,1,18,0,18,0,18,0,18,0,1,0,1,0,1,0,1,0
"271",555,2,1,1,1,1,1,2,0,2,0,2,0,2,0,1,0,1,0,1,0,1,0
"272",868,2,1,1,1,1,1,2,0,2,0,2,0,2,0,1,0,1,0,1,0,1,0
"273",351,4,1,1,1,1,1,4,0,4,0,4,0,4,0,1,0,1,0,1,0,1,0
"274",863,2,1,1,1,1,1,2,0,2,0,2,0,2,0,1,0,1,0,1,0,1,0
"275",5,483,2,1,1,1,1,1,482,1,482,1,482,1,482,0.0020703933747412,0.997929606625259,0.0020703933747412,0.997929606625259,0.0020703933747412,0.997929606625259,0.0020703933747412,0.997929606625259
"276",16,400,1,1,1,1,1,400,0,400,0,400,0,400,0,1,0,1,0,1,0,1,0
"277",221,15,1,1,1,1,1,15,0,15,0,15,0,15,0,1,0,1,0,1,0,1,0
"278",765,3,1,1,1,1,1,3,0,3,0,3,0,3,0,1,0,1,0,1,0,1,0
"279",228,3,1,1,1,1,1,3,0,3,0,3,0,3,0,1,0,1,0,1,0,1,0
"280",60,586,1,1,1,1,1,585,0,585,0,585,0,585,0,0.998293515358362,0,0.998293515358362,0,0.998293515358362,0,0.998293515358362,0
"281",126,304,1,1,1,1,1,304,0,304,0,304,0,304,0,1,0,1,0,1,0,1,0
"282",411,9,1,1,1,1,1,9,0,9,0,9,0,9,0,1,0,1,0,1,0,1,0
"283",438,6,1,1,1,1,1,6,0,6,0,6,0,6,0,1,0,1,0,1,0,1,0
"284",587,3,1,1,1,1,1,3,0,3,0,3,0,3,0,1,0,1,0,1,0,1,0
"285",447,2,1,1,1,1,1,2,0,2,0,2,0,2,0,1,0,1,0,1,0,1,0
"286",9,2247,1,1,1,1,1,2247,0,2247,0,2247,0,2247,0,1,0,1,0,1,0,1,0
"287",2,3241,2,2,1,1,1,9,3232,12,3229,12,3229,12,3229,0.00277692070348658,0.997223079296513,0.0037025609379821,0.996297439062018,0.0037025609379821,0.996297439062018,0.0037025609379821,0.996297439062018
"288",791,2,1,1,1,1,1,2,0,2,0,2,0,2,0,1,0,1,0,1,0,1,0
"289",378,2,1,1,1,1,1,2,0,2,0,2,0,2,0,1,0,1,0,1,0,1,0
"290",35,609,1,1,1,1,1,609,0,609,0,609,0,609,0,1,0,1,0,1,0,1,0
"291",355,10,1,1,1,1,1,10,0,10,0,10,0,10,0,1,0,1,0,1,0,1,0
"292",592,2,1,1,1,1,1,2,0,2,0,2,0,2,0,1,0,1,0,1,0,1,0
"293",885,2,1,1,1,1,1,2,0,2,0,2,0,2,0,1,0,1,0,1,0,1,0
"294",24,1810,1,1,1,1,1,1810,0,1810,0,1810,0,1810,0,1,0,1,0,1,0,1,0
"295",21,516,1,2,3,2,3,4,512,18,498,29,487,154,362,0.00775193798449612,0.992248062015504,0.0348837209302326,0.965116279069767,0.0562015503875969,0.943798449612403,0.298449612403101,0.701550387596899
"296",376,9,1,1,2,2,3,9,0,1,8,2,7,7,2,1,0,0.111111111111111,0.888888888888889,0.222222222222222,0.777777777777778,0.777777777777778,0.222222222222222
"297",623,2,1,1,1,1,1,2,0,2,0,2,0,2,0,1,0,1,0,1,0,1,0
"298",317,26,1,1,1,1,1,26,0,26,0,26,0,26,0,1,0,1,0,1,0,1,0
"299",633,5,1,1,1,1,1,5,0,5,0,5,0,5,0,1,0,1,0,1,0,1,0
"300",161,8,3,2,2,2,2,1,7,1,7,1,7,1,7,0.125,0.875,0.125,0.875,0.125,0.875,0.125,0.875
"301",542,2,1,1,1,1,1,2,0,2,0,2,0,2,0,1,0,1,0,1,0,1,0
"302",662,4,2,1,1,1,1,2,2,2,2,2,2,2,2,0.5,0.5,0.5,0.5,0.5,0.5,0.5,0.5
"303",147,24,2,2,1,2,1,5,19,1,23,6,18,1,23,0.208333333333333,0.791666666666667,0.0416666666666667,0.958333333333333,0.25,0.75,0.0416666666666667,0.958333333333333
"304",635,3,1,1,1,1,1,3,0,3,0,3,0,3,0,1,0,1,0,1,0,1,0
"305",628,2,1,1,1,1,1,2,0,2,0,2,0,2,0,1,0,1,0,1,0,1,0
"306",634,3,1,1,1,2,1,3,0,3,0,1,2,3,0,1,0,1,0,0.333333333333333,0.666666666666667,1,0
"307",763,2,1,1,1,1,1,2,0,2,0,2,0,2,0,1,0,1,0,1,0,1,0
"308",824,2,1,1,1,1,1,2,0,2,0,2,0,2,0,1,0,1,0,1,0,1,0
"309",158,6,1,1,1,1,1,6,0,6,0,6,0,6,0,1,0,1,0,1,0,1,0
"310",513,2,1,1,1,1,1,2,0,2,0,2,0,2,0,1,0,1,0,1,0,1,0
"311",767,2,1,1,2,1,1,2,0,2,0,2,0,2,0,1,0,1,0,1,0,1,0
"312",869,2,1,1,1,1,1,2,0,2,0,2,0,2,0,1,0,1,0,1,0,1,0
"313",800,5,1,1,1,1,1,5,0,5,0,5,0,5,0,1,0,1,0,1,0,1,0
"314",699,2,1,1,1,1,1,2,0,2,0,2,0,2,0,1,0,1,0,1,0,1,0
"315",430,2,1,1,1,1,1,1,0,1,0,1,0,1,0,0.5,0,0.5,0,0.5,0,0.5,0
"316",483,3,1,1,1,1,1,3,0,3,0,3,0,3,0,1,0,1,0,1,0,1,0
"317",695,2,1,1,1,1,1,2,0,2,0,2,0,2,0,1,0,1,0,1,0,1,0
"318",629,2,1,1,1,1,1,2,0,2,0,2,0,2,0,1,0,1,0,1,0,1,0
"319",240,19,1,2,2,2,1,1,18,6,13,8,11,19,0,0.0526315789473684,0.947368421052632,0.315789473684211,0.684210526315789,0.421052631578947,0.578947368421053,1,0
"320",302,19,1,1,1,1,3,19,0,19,0,19,0,8,11,1,0,1,0,1,0,0.421052631578947,0.578947368421053
"321",875,2,1,1,1,1,1,2,0,2,0,2,0,2,0,1,0,1,0,1,0,1,0
"322",526,3,1,1,1,1,1,3,0,3,0,3,0,3,0,1,0,1,0,1,0,1,0
"323",473,3,1,1,1,1,1,3,0,3,0,3,0,3,0,1,0,1,0,1,0,1,0
"324",217,2,1,1,1,1,1,2,0,2,0,2,0,2,0,1,0,1,0,1,0,1,0
"325",405,23,1,1,1,1,1,23,0,23,0,23,0,23,0,1,0,1,0,1,0,1,0
"326",522,10,1,1,1,1,1,10,0,10,0,10,0,10,0,1,0,1,0,1,0,1,0
"327",113,10,1,1,2,2,1,10,0,2,8,2,8,10,0,1,0,0.2,0.8,0.2,0.8,1,0
"328",129,23,1,1,1,1,1,23,0,23,0,23,0,23,0,1,0,1,0,1,0,1,0
"329",687,2,1,1,1,1,1,2,0,2,0,2,0,2,0,1,0,1,0,1,0,1,0
"330",704,5,1,1,1,1,1,5,0,5,0,5,0,5,0,1,0,1,0,1,0,1,0
"331",342,8,1,1,1,1,1,8,0,8,0,8,0,8,0,1,0,1,0,1,0,1,0
"332",172,2,1,1,1,1,1,2,0,2,0,2,0,2,0,1,0,1,0,1,0,1,0
"333",715,2,1,1,1,1,1,2,0,2,0,2,0,2,0,1,0,1,0,1,0,1,0
"334",644,2,1,1,1,1,1,2,0,2,0,2,0,2,0,1,0,1,0,1,0,1,0
"335",498,2,1,1,1,1,1,2,0,2,0,2,0,2,0,1,0,1,0,1,0,1,0
"336",310,2,1,1,1,1,1,2,0,2,0,2,0,2,0,1,0,1,0,1,0,1,0
"337",803,3,1,1,1,1,1,3,0,3,0,3,0,3,0,1,0,1,0,1,0,1,0
"338",571,2,1,1,1,1,1,2,0,2,0,2,0,2,0,1,0,1,0,1,0,1,0
"339",530,2,1,1,1,1,1,1,0,1,0,1,0,1,0,0.5,0,0.5,0,0.5,0,0.5,0
"340",418,3,1,1,1,1,1,3,0,3,0,3,0,3,0,1,0,1,0,1,0,1,0
"341",656,3,1,1,1,2,1,3,0,3,0,1,2,3,0,1,0,1,0,0.333333333333333,0.666666666666667,1,0
"342",723,2,1,1,1,1,1,2,0,2,0,2,0,2,0,1,0,1,0,1,0,1,0
"343",602,3,1,1,1,1,1,3,0,3,0,3,0,3,0,1,0,1,0,1,0,1,0
"344",234,46,1,1,1,1,1,46,0,46,0,46,0,46,0,1,0,1,0,1,0,1,0
"345",36,1076,1,1,1,1,1,1076,0,1076,0,1076,0,1076,0,1,0,1,0,1,0,1,0
"346",680,3,1,1,1,1,1,3,0,3,0,3,0,3,0,1,0,1,0,1,0,1,0
"347",206,3,1,1,1,1,1,3,0,3,0,3,0,3,0,1,0,1,0,1,0,1,0
"348",486,7,1,1,1,1,1,7,0,7,0,7,0,7,0,1,0,1,0,1,0,1,0
"349",281,2,1,1,1,1,1,2,0,2,0,2,0,2,0,1,0,1,0,1,0,1,0
"350",472,3,1,1,1,1,1,3,0,3,0,3,0,3,0,1,0,1,0,1,0,1,0
"351",116,2,1,1,1,1,1,2,0,2,0,2,0,2,0,1,0,1,0,1,0,1,0
"352",703,2,1,1,1,1,1,2,0,2,0,2,0,2,0,1,0,1,0,1,0,1,0
"353",884,2,1,1,1,1,1,2,0,2,0,2,0,2,0,1,0,1,0,1,0,1,0
"354",18,410,1,1,1,1,1,410,0,410,0,410,0,410,0,1,0,1,0,1,0,1,0
"355",450,17,1,1,1,1,1,17,0,17,0,17,0,17,0,1,0,1,0,1,0,1,0
"356",103,27,1,1,1,1,1,27,0,27,0,27,0,27,0,1,0,1,0,1,0,1,0
"357",491,2,1,1,1,1,1,2,0,2,0,2,0,2,0,1,0,1,0,1,0,1,0
"358",288,3,1,1,1,1,1,3,0,3,0,3,0,3,0,1,0,1,0,1,0,1,0
"359",816,2,1,1,1,1,1,2,0,2,0,2,0,2,0,1,0,1,0,1,0,1,0
"360",28,1665,1,1,1,1,1,1665,0,1665,0,1665,0,1665,0,1,0,1,0,1,0,1,0
"361",895,2,1,1,1,1,1,2,0,2,0,2,0,2,0,1,0,1,0,1,0,1,0
"362",299,4,1,1,1,1,1,4,0,4,0,4,0,4,0,1,0,1,0,1,0,1,0
"363",248,6,1,1,1,1,1,6,0,6,0,6,0,6,0,1,0,1,0,1,0,1,0
"364",17,222,1,1,1,1,1,222,0,222,0,222,0,222,0,1,0,1,0,1,0,1,0
"365",196,18,1,1,1,1,1,18,0,18,0,18,0,18,0,1,0,1,0,1,0,1,0
"366",627,6,1,1,1,1,1,6,0,6,0,6,0,6,0,1,0,1,0,1,0,1,0
"367",708,3,1,1,1,1,1,3,0,3,0,3,0,3,0,1,0,1,0,1,0,1,0
"368",873,3,1,1,1,1,1,3,0,3,0,3,0,3,0,1,0,1,0,1,0,1,0
"369",65,48,1,1,1,1,1,48,0,48,0,48,0,48,0,1,0,1,0,1,0,1,0
"370",133,172,1,1,1,1,1,172,0,172,0,172,0,172,0,1,0,1,0,1,0,1,0
"371",100,249,1,1,1,1,1,248,0,248,0,248,0,248,0,0.995983935742972,0,0.995983935742972,0,0.995983935742972,0,0.995983935742972,0
"372",124,4,1,1,1,1,1,4,0,4,0,4,0,4,0,1,0,1,0,1,0,1,0
"373",324,6,1,1,1,1,1,6,0,6,0,6,0,6,0,1,0,1,0,1,0,1,0
"374",444,2,1,1,1,1,1,2,0,2,0,2,0,2,0,1,0,1,0,1,0,1,0
"375",818,2,1,1,1,1,1,2,0,2,0,2,0,2,0,1,0,1,0,1,0,1,0
"376",552,2,1,1,1,1,1,2,0,2,0,2,0,2,0,1,0,1,0,1,0,1,0
"377",603,2,1,1,1,1,1,2,0,2,0,2,0,2,0,1,0,1,0,1,0,1,0
"378",384,2,1,1,1,1,1,2,0,2,0,2,0,2,0,1,0,1,0,1,0,1,0
"379",562,2,1,1,1,1,1,2,0,2,0,2,0,2,0,1,0,1,0,1,0,1,0
"380",6,2604,1,1,1,1,1,2603,0,2603,0,2603,0,2603,0,0.999615975422427,0,0.999615975422427,0,0.999615975422427,0,0.999615975422427,0
"381",697,2,1,1,1,1,1,2,0,2,0,2,0,2,0,1,0,1,0,1,0,1,0
"382",332,2,1,1,1,1,1,2,0,2,0,2,0,2,0,1,0,1,0,1,0,1,0
"383",777,2,1,1,1,1,1,2,0,2,0,2,0,2,0,1,0,1,0,1,0,1,0
"384",58,441,1,1,1,1,1,441,0,441,0,441,0,441,0,1,0,1,0,1,0,1,0
"385",69,26,1,1,1,1,1,26,0,26,0,26,0,26,0,1,0,1,0,1,0,1,0
"386",44,36,1,1,1,1,1,36,0,36,0,36,0,36,0,1,0,1,0,1,0,1,0
"387",192,26,1,1,1,1,1,26,0,26,0,26,0,26,0,1,0,1,0,1,0,1,0
"388",645,2,1,1,1,1,1,2,0,2,0,2,0,2,0,1,0,1,0,1,0,1,0
"389",128,3,1,1,1,1,1,3,0,3,0,3,0,3,0,1,0,1,0,1,0,1,0
"390",850,2,1,1,1,1,1,2,0,2,0,2,0,2,0,1,0,1,0,1,0,1,0
"391",561,2,1,1,1,1,1,2,0,2,0,2,0,2,0,1,0,1,0,1,0,1,0
"392",1,32811,13,16,15,14,15,10031,22776,11303,21504,11748,21059,14013,18794,0.305720642467465,0.694157447197586,0.344488128981134,0.655389960683917,0.358050653744171,0.64182743592088,0.427082380908842,0.57279570875621
"393",13,240,1,2,2,1,1,67,173,232,8,240,0,240,0,0.279166666666667,0.720833333333333,0.966666666666667,0.0333333333333333,1,0,1,0
"394",293,23,1,1,2,1,1,23,0,9,14,23,0,23,0,1,0,0.391304347826087,0.608695652173913,1,0,1,0
"395",23,237,1,1,2,2,1,237,0,83,154,181,56,237,0,1,0,0.350210970464135,0.649789029535865,0.763713080168776,0.236286919831224,1,0
"396",164,30,1,1,2,1,1,30,0,6,24,30,0,30,0,1,0,0.2,0.8,1,0,1,0
"397",322,2,1,1,1,1,1,2,0,2,0,2,0,2,0,1,0,1,0,1,0,1,0
"398",200,64,1,1,2,2,1,64,0,3,61,12,52,64,0,1,0,0.046875,0.953125,0.1875,0.8125,1,0
"399",304,16,1,1,1,1,1,16,0,16,0,16,0,16,0,1,0,1,0,1,0,1,0
"400",251,2,1,1,1,1,1,2,0,2,0,2,0,2,0,1,0,1,0,1,0,1,0
"401",220,7,1,1,1,1,1,7,0,7,0,7,0,7,0,1,0,1,0,1,0,1,0
"402",130,45,1,1,1,1,1,45,0,45,0,45,0,45,0,1,0,1,0,1,0,1,0
"403",144,15,1,1,2,1,1,15,0,10,5,15,0,15,0,1,0,0.666666666666667,0.333333333333333,1,0,1,0
"404",180,11,1,1,2,1,1,11,0,8,3,11,0,11,0,1,0,0.727272727272727,0.272727272727273,1,0,1,0
"405",277,50,1,1,2,1,1,50,0,5,45,50,0,50,0,1,0,0.1,0.9,1,0,1,0
"406",243,15,1,1,1,1,1,15,0,15,0,15,0,15,0,1,0,1,0,1,0,1,0
"407",581,6,1,1,1,1,1,6,0,6,0,6,0,6,0,1,0,1,0,1,0,1,0
"408",400,2,1,1,1,1,1,2,0,2,0,2,0,2,0,1,0,1,0,1,0,1,0
"409",296,7,1,1,1,1,1,7,0,7,0,7,0,7,0,1,0,1,0,1,0,1,0
"410",338,6,1,1,1,1,1,6,0,6,0,6,0,6,0,1,0,1,0,1,0,1,0
"411",575,4,1,1,1,2,1,4,0,4,0,1,3,4,0,1,0,1,0,0.25,0.75,1,0
"412",216,7,1,1,1,1,1,7,0,7,0,7,0,7,0,1,0,1,0,1,0,1,0
"413",308,4,1,1,2,1,1,4,0,3,1,4,0,4,0,1,0,0.75,0.25,1,0,1,0
"414",675,2,1,1,1,1,1,2,0,2,0,2,0,2,0,1,0,1,0,1,0,1,0
"415",259,2,1,1,1,1,1,2,0,2,0,2,0,2,0,1,0,1,0,1,0,1,0
"416",589,3,1,1,1,1,1,3,0,3,0,3,0,3,0,1,0,1,0,1,0,1,0
"417",844,2,1,1,1,1,1,2,0,2,0,2,0,2,0,1,0,1,0,1,0,1,0
"418",856,2,1,1,1,1,1,2,0,2,0,2,0,2,0,1,0,1,0,1,0,1,0
"419",55,2,1,1,1,1,1,2,0,2,0,2,0,2,0,1,0,1,0,1,0,1,0
"420",115,47,1,2,1,1,1,46,1,47,0,47,0,47,0,0.978723404255319,0.0212765957446809,1,0,1,0,1,0
"421",235,79,1,2,1,1,1,57,22,79,0,79,0,79,0,0.721518987341772,0.278481012658228,1,0,1,0,1,0
"422",452,8,1,1,2,2,1,8,0,8,0,8,0,8,0,1,0,1,0,1,0,1,0
"423",81,15,1,2,1,1,1,7,8,15,0,15,0,15,0,0.466666666666667,0.533333333333333,1,0,1,0,1,0
"424",608,3,1,1,2,1,1,3,0,1,2,3,0,3,0,1,0,0.333333333333333,0.666666666666667,1,0,1,0
"425",117,49,1,2,2,1,2,9,40,43,6,49,0,49,0,0.183673469387755,0.816326530612245,0.877551020408163,0.122448979591837,1,0,1,0
"426",710,4,1,1,1,1,1,4,0,4,0,4,0,4,0,1,0,1,0,1,0,1,0
"427",212,33,1,2,2,2,2,9,24,33,0,33,0,33,0,0.272727272727273,0.727272727272727,1,0,1,0,1,0
"428",536,10,1,2,2,2,2,3,7,10,0,10,0,10,0,0.3,0.7,1,0,1,0,1,0
"429",802,2,1,1,1,1,1,2,0,2,0,2,0,2,0,1,0,1,0,1,0,1,0
"430",752,7,1,2,2,2,1,2,5,6,1,7,0,7,0,0.285714285714286,0.714285714285714,0.857142857142857,0.142857142857143,1,0,1,0
"431",169,34,1,1,2,2,1,34,0,21,13,32,2,34,0,1,0,0.617647058823529,0.382352941176471,0.941176470588235,0.0588235294117647,1,0
"432",666,4,1,1,1,1,1,4,0,4,0,4,0,4,0,1,0,1,0,1,0,1,0
"433",242,6,1,1,1,1,1,6,0,6,0,6,0,6,0,1,0,1,0,1,0,1,0
"434",492,3,1,1,1,1,1,3,0,3,0,3,0,3,0,1,0,1,0,1,0,1,0
"435",846,2,1,1,1,1,1,2,0,2,0,2,0,2,0,1,0,1,0,1,0,1,0
"436",397,4,1,2,2,1,1,1,3,3,1,4,0,4,0,0.25,0.75,0.75,0.25,1,0,1,0
"437",469,5,1,2,2,2,1,2,3,5,0,5,0,5,0,0.4,0.6,1,0,1,0,1,0
"438",570,6,1,1,1,1,1,6,0,6,0,6,0,6,0,1,0,1,0,1,0,1,0
"439",379,13,1,1,2,2,1,13,0,1,12,11,2,13,0,1,0,0.0769230769230769,0.923076923076923,0.846153846153846,0.153846153846154,1,0
"440",181,2,1,1,1,1,1,2,0,2,0,2,0,2,0,1,0,1,0,1,0,1,0
"441",720,2,1,1,1,1,1,2,0,2,0,2,0,2,0,1,0,1,0,1,0,1,0
"442",574,3,1,2,1,1,1,1,2,3,0,3,0,3,0,0.333333333333333,0.666666666666667,1,0,1,0,1,0
"443",349,2,1,1,1,1,1,2,0,2,0,2,0,2,0,1,0,1,0,1,0,1,0
"444",797,3,1,1,1,2,1,3,0,3,0,1,2,3,0,1,0,1,0,0.333333333333333,0.666666666666667,1,0
"445",819,3,1,2,1,1,1,1,2,3,0,3,0,3,0,0.333333333333333,0.666666666666667,1,0,1,0,1,0
"446",377,2,1,1,1,1,1,2,0,2,0,2,0,2,0,1,0,1,0,1,0,1,0
"447",796,3,1,2,1,1,1,1,2,3,0,3,0,3,0,0.333333333333333,0.666666666666667,1,0,1,0,1,0
"448",517,5,1,2,2,2,1,2,3,5,0,5,0,5,0,0.4,0.6,1,0,1,0,1,0
"449",74,58,1,2,2,2,2,22,36,58,0,58,0,58,0,0.379310344827586,0.620689655172414,1,0,1,0,1,0
"450",424,2,1,1,1,1,1,2,0,2,0,2,0,2,0,1,0,1,0,1,0,1,0
"451",600,2,1,1,1,1,1,2,0,2,0,2,0,2,0,1,0,1,0,1,0,1,0
"452",245,2,1,2,1,1,1,1,1,2,0,2,0,2,0,0.5,0.5,1,0,1,0,1,0
"453",182,3,1,1,1,1,1,3,0,3,0,3,0,3,0,1,0,1,0,1,0,1,0
"454",68,364,2,2,1,1,2,341,23,342,22,342,22,364,0,0.936813186813187,0.0631868131868132,0.93956043956044,0.0604395604395604,0.93956043956044,0.0604395604395604,1,0
"455",56,453,1,2,2,1,2,285,168,435,18,453,0,453,0,0.629139072847682,0.370860927152318,0.960264900662252,0.0397350993377483,1,0,1,0
"456",622,2,1,1,1,1,1,2,0,2,0,2,0,2,0,1,0,1,0,1,0,1,0
"457",104,17,1,1,2,2,1,17,0,17,0,17,0,17,0,1,0,1,0,1,0,1,0
"458",112,5,1,1,1,1,1,5,0,5,0,5,0,5,0,1,0,1,0,1,0,1,0
"459",171,4,1,1,1,1,1,4,0,4,0,4,0,4,0,1,0,1,0,1,0,1,0
"460",573,6,1,1,1,1,1,6,0,6,0,6,0,6,0,1,0,1,0,1,0,1,0
"461",565,6,1,2,1,1,1,4,2,6,0,6,0,6,0,0.666666666666667,0.333333333333333,1,0,1,0,1,0
"462",307,12,1,2,1,1,1,6,6,12,0,12,0,12,0,0.5,0.5,1,0,1,0,1,0
"463",298,4,1,1,1,1,1,4,0,4,0,4,0,4,0,1,0,1,0,1,0,1,0
"464",845,2,1,1,1,1,1,2,0,2,0,2,0,2,0,1,0,1,0,1,0,1,0
"465",874,2,1,1,2,1,1,2,0,2,0,2,0,2,0,1,0,1,0,1,0,1,0
"466",323,5,1,1,1,1,1,5,0,5,0,5,0,5,0,1,0,1,0,1,0,1,0
"467",495,9,1,2,1,1,1,8,1,9,0,9,0,9,0,0.888888888888889,0.111111111111111,1,0,1,0,1,0
"468",429,2,1,1,1,1,1,2,0,2,0,2,0,2,0,1,0,1,0,1,0,1,0
"469",459,2,1,1,1,1,1,2,0,2,0,2,0,2,0,1,0,1,0,1,0,1,0
"470",374,3,1,1,2,2,1,3,0,3,0,3,0,3,0,1,0,1,0,1,0,1,0
"471",625,3,1,1,1,1,2,3,0,3,0,3,0,3,0,1,0,1,0,1,0,1,0
"472",886,2,1,1,1,1,1,2,0,2,0,2,0,2,0,1,0,1,0,1,0,1,0
"473",86,36,2,1,2,2,1,34,2,36,0,36,0,36,0,0.944444444444444,0.0555555555555556,1,0,1,0,1,0
"474",77,7,1,1,2,2,1,7,0,4,3,4,3,7,0,1,0,0.571428571428571,0.428571428571429,0.571428571428571,0.428571428571429,1,0
"475",649,2,1,1,1,1,1,2,0,2,0,2,0,2,0,1,0,1,0,1,0,1,0
"476",146,33,1,1,1,1,1,33,0,33,0,33,0,33,0,1,0,1,0,1,0,1,0
"477",309,27,1,1,1,1,1,27,0,27,0,27,0,27,0,1,0,1,0,1,0,1,0
"478",341,3,1,1,1,1,1,3,0,3,0,3,0,3,0,1,0,1,0,1,0,1,0
"479",399,3,1,1,1,1,1,3,0,3,0,3,0,3,0,1,0,1,0,1,0,1,0
"480",333,2,1,1,1,1,1,2,0,2,0,2,0,2,0,1,0,1,0,1,0,1,0
"481",829,3,1,1,1,1,1,3,0,3,0,3,0,3,0,1,0,1,0,1,0,1,0
"482",63,454,1,1,1,1,1,454,0,454,0,454,0,454,0,1,0,1,0,1,0,1,0
"483",64,825,2,2,2,2,1,825,0,825,0,825,0,825,0,1,0,1,0,1,0,1,0
"484",758,4,2,1,1,1,1,4,0,4,0,4,0,4,0,1,0,1,0,1,0,1,0
"485",224,23,2,1,1,1,1,23,0,23,0,23,0,23,0,1,0,1,0,1,0,1,0
"486",153,174,2,1,1,1,1,174,0,174,0,174,0,174,0,1,0,1,0,1,0,1,0
"487",177,55,1,2,2,2,1,55,0,55,0,55,0,55,0,1,0,1,0,1,0,1,0
"488",373,2,1,1,1,1,1,2,0,2,0,2,0,2,0,1,0,1,0,1,0,1,0
"489",272,19,1,2,1,1,1,19,0,19,0,19,0,19,0,1,0,1,0,1,0,1,0
"490",268,3,1,1,1,1,1,3,0,3,0,3,0,3,0,1,0,1,0,1,0,1,0
"491",123,82,1,2,1,1,1,27,55,82,0,82,0,82,0,0.329268292682927,0.670731707317073,1,0,1,0,1,0
"492",7,153,1,2,2,2,1,153,0,153,0,153,0,153,0,1,0,1,0,1,0,1,0
"493",30,20,1,2,2,2,1,20,0,20,0,20,0,20,0,1,0,1,0,1,0,1,0
"494",321,14,1,2,2,2,1,14,0,14,0,14,0,14,0,1,0,1,0,1,0,1,0
"495",175,9,1,1,1,1,1,9,0,9,0,9,0,9,0,1,0,1,0,1,0,1,0
"496",89,3,1,1,1,1,1,3,0,3,0,3,0,3,0,1,0,1,0,1,0,1,0
"497",127,30,1,2,2,1,1,30,0,30,0,30,0,30,0,1,0,1,0,1,0,1,0
"498",406,10,1,1,1,1,1,10,0,10,0,10,0,10,0,1,0,1,0,1,0,1,0
"499",381,28,1,2,1,1,1,28,0,28,0,28,0,28,0,1,0,1,0,1,0,1,0
"500",653,6,1,2,1,1,1,6,0,6,0,6,0,6,0,1,0,1,0,1,0,1,0
"501",454,2,1,1,1,1,1,2,0,2,0,2,0,2,0,1,0,1,0,1,0,1,0
"502",489,6,1,1,1,1,1,6,0,6,0,6,0,6,0,1,0,1,0,1,0,1,0
"503",878,2,1,1,1,1,1,2,0,2,0,2,0,2,0,1,0,1,0,1,0,1,0
"504",289,13,1,1,2,2,1,13,0,13,0,13,0,13,0,1,0,1,0,1,0,1,0
"505",651,5,1,2,1,1,1,4,1,5,0,5,0,5,0,0.8,0.2,1,0,1,0,1,0
"506",735,2,1,1,1,1,1,2,0,2,0,2,0,2,0,1,0,1,0,1,0,1,0
"507",569,3,1,1,1,1,1,3,0,3,0,3,0,3,0,1,0,1,0,1,0,1,0
"508",632,17,1,2,1,1,1,17,0,17,0,17,0,17,0,1,0,1,0,1,0,1,0
"509",344,8,1,1,2,1,1,8,0,4,4,8,0,8,0,1,0,0.5,0.5,1,0,1,0
"510",591,6,1,1,2,1,1,6,0,5,1,6,0,6,0,1,0,0.833333333333333,0.166666666666667,1,0,1,0
"511",588,6,1,1,1,1,1,6,0,6,0,6,0,6,0,1,0,1,0,1,0,1,0
"512",706,2,1,1,1,1,1,2,0,2,0,2,0,2,0,1,0,1,0,1,0,1,0
"513",183,3,1,1,1,1,1,3,0,3,0,3,0,3,0,1,0,1,0,1,0,1,0
"514",825,2,1,1,1,1,1,2,0,2,0,2,0,2,0,1,0,1,0,1,0,1,0
"515",319,2,1,1,1,1,1,2,0,2,0,2,0,2,0,1,0,1,0,1,0,1,0
"516",782,3,1,1,1,1,1,3,0,3,0,3,0,3,0,1,0,1,0,1,0,1,0
"517",244,50,1,1,2,2,1,50,0,50,0,50,0,50,0,1,0,1,0,1,0,1,0
"518",41,100,1,1,2,2,1,100,0,100,0,100,0,100,0,1,0,1,0,1,0,1,0
"519",76,2,1,1,1,1,1,2,0,2,0,2,0,2,0,1,0,1,0,1,0,1,0
"520",636,4,1,1,1,1,1,4,0,4,0,4,0,4,0,1,0,1,0,1,0,1,0
"521",556,3,1,2,1,1,1,2,1,3,0,3,0,3,0,0.666666666666667,0.333333333333333,1,0,1,0,1,0
"522",80,20,1,1,2,1,1,20,0,4,16,20,0,20,0,1,0,0.2,0.8,1,0,1,0
"523",578,2,1,1,1,1,1,2,0,2,0,2,0,2,0,1,0,1,0,1,0,1,0
"524",194,62,1,1,2,2,1,62,0,62,0,62,0,62,0,1,0,1,0,1,0,1,0
"525",97,14,1,1,2,2,1,14,0,14,0,14,0,14,0,1,0,1,0,1,0,1,0
"526",713,2,1,1,1,1,1,2,0,2,0,2,0,2,0,1,0,1,0,1,0,1,0
"527",437,6,1,1,2,1,1,6,0,2,4,6,0,6,0,1,0,0.333333333333333,0.666666666666667,1,0,1,0
"528",270,2,1,1,1,1,1,2,0,2,0,2,0,2,0,1,0,1,0,1,0,1,0
"529",788,2,1,1,1,1,1,2,0,2,0,2,0,2,0,1,0,1,0,1,0,1,0
"530",294,2,1,1,1,1,1,2,0,2,0,2,0,2,0,1,0,1,0,1,0,1,0
"531",396,2,1,1,1,1,1,2,0,2,0,2,0,2,0,1,0,1,0,1,0,1,0
"532",738,2,1,1,1,1,1,2,0,2,0,2,0,2,0,1,0,1,0,1,0,1,0
"533",847,2,1,1,1,1,1,2,0,2,0,2,0,2,0,1,0,1,0,1,0,1,0
"534",493,3,1,1,1,1,1,3,0,3,0,3,0,3,0,1,0,1,0,1,0,1,0
"535",275,11,1,1,1,1,1,11,0,11,0,11,0,11,0,1,0,1,0,1,0,1,0
"536",383,6,1,1,2,2,1,6,0,6,0,6,0,6,0,1,0,1,0,1,0,1,0
"537",823,2,2,1,1,1,1,2,0,2,0,2,0,2,0,1,0,1,0,1,0,1,0
"538",246,3,1,1,1,1,1,3,0,3,0,3,0,3,0,1,0,1,0,1,0,1,0
"539",812,2,1,1,1,1,1,2,0,2,0,2,0,2,0,1,0,1,0,1,0,1,0
"540",857,2,1,1,1,1,1,2,0,2,0,2,0,2,0,1,0,1,0,1,0,1,0
"541",794,2,1,1,1,1,1,2,0,2,0,2,0,2,0,1,0,1,0,1,0,1,0
"542",110,142,2,1,1,1,1,142,0,142,0,142,0,142,0,1,0,1,0,1,0,1,0
"543",114,50,1,1,1,1,1,50,0,50,0,50,0,50,0,1,0,1,0,1,0,1,0
"544",67,146,2,1,1,1,1,108,38,108,38,108,38,108,38,0.73972602739726,0.26027397260274,0.73972602739726,0.26027397260274,0.73972602739726,0.26027397260274,0.73972602739726,0.26027397260274
"545",855,3,1,1,1,1,1,3,0,3,0,3,0,3,0,1,0,1,0,1,0,1,0
"546",753,3,1,1,1,1,1,3,0,3,0,3,0,3,0,1,0,1,0,1,0,1,0
"547",267,4,1,1,1,1,1,4,0,4,0,4,0,4,0,1,0,1,0,1,0,1,0
"548",12,3,1,1,1,1,1,3,0,3,0,3,0,3,0,1,0,1,0,1,0,1,0
"549",149,3,1,1,1,1,1,3,0,3,0,3,0,3,0,1,0,1,0,1,0,1,0
"550",427,10,2,1,1,1,1,6,4,6,4,6,4,6,4,0.6,0.4,0.6,0.4,0.6,0.4,0.6,0.4
"551",546,2,2,1,1,1,1,1,1,1,1,1,1,1,1,0.5,0.5,0.5,0.5,0.5,0.5,0.5,0.5
"552",488,3,2,1,1,1,1,1,2,1,2,1,2,1,2,0.333333333333333,0.666666666666667,0.333333333333333,0.666666666666667,0.333333333333333,0.666666666666667,0.333333333333333,0.666666666666667
"553",717,2,1,1,1,1,1,2,0,2,0,2,0,2,0,1,0,1,0,1,0,1,0
"554",78,16,1,1,1,1,1,16,0,16,0,16,0,16,0,1,0,1,0,1,0,1,0
"555",8,32,1,1,1,1,1,32,0,32,0,32,0,32,0,1,0,1,0,1,0,1,0
"556",199,89,4,1,1,1,1,19,70,19,70,19,70,19,70,0.213483146067416,0.786516853932584,0.213483146067416,0.786516853932584,0.213483146067416,0.786516853932584,0.213483146067416,0.786516853932584
"557",315,44,3,1,1,1,1,39,5,39,5,39,5,39,5,0.886363636363636,0.113636363636364,0.886363636363636,0.113636363636364,0.886363636363636,0.113636363636364,0.886363636363636,0.113636363636364
"558",92,75,3,1,1,1,1,44,31,44,31,44,31,44,31,0.586666666666667,0.413333333333333,0.586666666666667,0.413333333333333,0.586666666666667,0.413333333333333,0.586666666666667,0.413333333333333
"559",670,2,1,1,1,1,1,2,0,2,0,2,0,2,0,1,0,1,0,1,0,1,0
"560",465,6,2,1,1,1,1,6,0,6,0,6,0,6,0,1,0,1,0,1,0,1,0
"561",631,3,2,1,1,1,1,3,0,3,0,3,0,3,0,1,0,1,0,1,0,1,0
"562",327,2,1,1,1,1,1,2,0,2,0,2,0,2,0,1,0,1,0,1,0,1,0
"563",638,4,1,1,1,1,1,4,0,4,0,4,0,4,0,1,0,1,0,1,0,1,0
"564",254,22,1,2,1,1,1,22,0,22,0,22,0,22,0,1,0,1,0,1,0,1,0
"565",150,29,1,3,2,2,1,28,1,29,0,29,0,29,0,0.96551724137931,0.0344827586206897,1,0,1,0,1,0
"566",139,271,1,3,3,3,1,262,9,268,3,269,2,271,0,0.966789667896679,0.033210332103321,0.988929889298893,0.011070110701107,0.992619926199262,0.00738007380073801,1,0
"567",711,4,1,1,1,1,1,4,0,4,0,4,0,4,0,1,0,1,0,1,0,1,0
"568",599,3,1,1,1,1,1,3,0,3,0,3,0,3,0,1,0,1,0,1,0,1,0
"569",531,2,1,1,1,1,1,2,0,2,0,2,0,2,0,1,0,1,0,1,0,1,0
"570",205,14,2,1,1,1,1,14,0,14,0,14,0,14,0,1,0,1,0,1,0,1,0
"571",439,2,1,1,1,1,1,2,0,2,0,2,0,2,0,1,0,1,0,1,0,1,0
"572",783,3,1,1,1,1,1,3,0,3,0,3,0,3,0,1,0,1,0,1,0,1,0
"573",646,2,1,1,1,1,1,2,0,2,0,2,0,2,0,1,0,1,0,1,0,1,0
"574",678,3,1,1,1,1,1,3,0,3,0,3,0,3,0,1,0,1,0,1,0,1,0
"575",353,26,1,3,3,2,1,19,7,25,1,26,0,26,0,0.730769230769231,0.269230769230769,0.961538461538462,0.0384615384615385,1,0,1,0
"576",72,12,1,1,1,1,1,12,0,12,0,12,0,12,0,1,0,1,0,1,0,1,0
"577",372,3,1,1,1,1,1,3,0,3,0,3,0,3,0,1,0,1,0,1,0,1,0
"578",686,3,1,1,1,1,1,3,0,3,0,3,0,3,0,1,0,1,0,1,0,1,0
"579",554,3,1,2,1,1,1,3,0,3,0,3,0,3,0,1,0,1,0,1,0,1,0
"580",667,3,1,1,2,2,1,3,0,3,0,3,0,3,0,1,0,1,0,1,0,1,0
"581",125,10,1,2,1,1,1,10,0,10,0,10,0,10,0,1,0,1,0,1,0,1,0
"582",347,12,1,2,2,2,1,7,5,12,0,12,0,12,0,0.583333333333333,0.416666666666667,1,0,1,0,1,0
"583",540,2,1,1,1,1,1,2,0,2,0,2,0,2,0,1,0,1,0,1,0,1,0
"584",566,2,1,1,1,1,1,2,0,2,0,2,0,2,0,1,0,1,0,1,0,1,0
"585",297,3,1,1,1,1,1,3,0,3,0,3,0,3,0,1,0,1,0,1,0,1,0
"586",792,3,1,1,1,1,1,3,0,3,0,3,0,3,0,1,0,1,0,1,0,1,0
"587",346,4,1,1,1,1,1,4,0,4,0,4,0,4,0,1,0,1,0,1,0,1,0
"588",53,338,1,2,2,2,2,134,204,242,96,291,47,338,0,0.396449704142012,0.603550295857988,0.715976331360947,0.284023668639053,0.86094674556213,0.13905325443787,1,0
"589",233,47,1,2,2,2,2,10,37,25,22,38,9,47,0,0.212765957446809,0.787234042553192,0.531914893617021,0.468085106382979,0.808510638297872,0.191489361702128,1,0
"590",385,4,1,1,1,2,1,4,0,4,0,1,3,4,0,1,0,1,0,0.25,0.75,1,0
"591",590,3,1,1,1,1,1,3,0,3,0,3,0,3,0,1,0,1,0,1,0,1,0
"592",207,83,1,2,2,1,1,13,70,75,8,83,0,83,0,0.156626506024096,0.843373493975904,0.903614457831325,0.0963855421686747,1,0,1,0
"593",135,24,1,2,2,1,1,7,17,23,1,24,0,24,0,0.291666666666667,0.708333333333333,0.958333333333333,0.0416666666666667,1,0,1,0
"594",361,7,1,2,1,1,1,5,2,7,0,7,0,7,0,0.714285714285714,0.285714285714286,1,0,1,0,1,0
"595",851,4,1,1,1,1,1,4,0,4,0,4,0,4,0,1,0,1,0,1,0,1,0
"596",402,2,1,1,1,1,1,2,0,2,0,2,0,2,0,1,0,1,0,1,0,1,0
"597",313,8,1,1,1,1,1,8,0,8,0,8,0,8,0,1,0,1,0,1,0,1,0
"598",605,2,1,1,1,1,1,2,0,2,0,2,0,2,0,1,0,1,0,1,0,1,0
"599",572,2,1,1,1,1,1,2,0,2,0,2,0,2,0,1,0,1,0,1,0,1,0
"600",509,2,1,1,1,1,1,2,0,2,0,2,0,2,0,1,0,1,0,1,0,1,0
"601",170,2,1,1,1,1,1,2,0,2,0,2,0,2,0,1,0,1,0,1,0,1,0
"602",890,2,1,1,1,1,1,2,0,2,0,2,0,2,0,1,0,1,0,1,0,1,0
"603",370,3,1,1,1,1,1,3,0,3,0,3,0,3,0,1,0,1,0,1,0,1,0
"604",688,3,1,1,1,1,1,3,0,3,0,3,0,3,0,1,0,1,0,1,0,1,0
"605",487,2,1,1,1,1,1,2,0,2,0,2,0,2,0,1,0,1,0,1,0,1,0
"606",668,3,1,1,1,1,1,3,0,3,0,3,0,3,0,1,0,1,0,1,0,1,0
"607",743,2,1,1,1,1,1,2,0,2,0,2,0,2,0,1,0,1,0,1,0,1,0
"608",48,1603,1,1,1,1,1,1602,0,1602,0,1602,0,1602,0,0.999376169681847,0,0.999376169681847,0,0.999376169681847,0,0.999376169681847,0
"609",564,2,1,1,1,1,1,2,0,2,0,2,0,2,0,1,0,1,0,1,0,1,0
"610",229,2,1,1,1,1,1,2,0,2,0,2,0,2,0,1,0,1,0,1,0,1,0
"611",160,147,1,2,2,2,2,147,0,147,0,147,0,147,0,1,0,1,0,1,0,1,0
"612",841,2,1,1,1,1,1,2,0,2,0,2,0,2,0,1,0,1,0,1,0,1,0
"613",11,754,3,2,2,2,2,714,40,714,40,714,40,714,40,0.946949602122016,0.0530503978779841,0.946949602122016,0.0530503978779841,0.946949602122016,0.0530503978779841,0.946949602122016,0.0530503978779841
"614",689,2,1,1,1,1,1,2,0,2,0,2,0,2,0,1,0,1,0,1,0,1,0
"615",83,23,1,1,2,2,2,23,0,23,0,23,0,23,0,1,0,1,0,1,0,1,0
"616",719,2,1,1,1,1,1,2,0,2,0,2,0,2,0,1,0,1,0,1,0,1,0
"617",484,9,1,1,1,1,2,9,0,9,0,9,0,9,0,1,0,1,0,1,0,1,0
"618",594,3,1,1,1,1,1,3,0,3,0,3,0,3,0,1,0,1,0,1,0,1,0
"619",787,2,1,1,1,1,1,2,0,2,0,2,0,2,0,1,0,1,0,1,0,1,0
"620",858,6,1,1,1,1,1,6,0,6,0,6,0,6,0,1,0,1,0,1,0,1,0
"621",725,3,1,1,1,1,1,3,0,3,0,3,0,3,0,1,0,1,0,1,0,1,0
"622",176,2,1,1,2,1,1,2,0,2,0,2,0,2,0,1,0,1,0,1,0,1,0
"623",785,2,1,1,1,1,2,2,0,2,0,2,0,2,0,1,0,1,0,1,0,1,0
"624",356,5,1,1,1,1,1,5,0,5,0,5,0,5,0,1,0,1,0,1,0,1,0
"625",43,1190,1,2,2,1,1,638,552,1151,39,1190,0,1190,0,0.536134453781513,0.463865546218487,0.967226890756303,0.0327731092436975,1,0,1,0
"626",328,20,1,2,1,1,2,17,3,20,0,20,0,20,0,0.85,0.15,1,0,1,0,1,0
"627",223,14,1,2,1,1,2,5,9,14,0,14,0,14,0,0.357142857142857,0.642857142857143,1,0,1,0,1,0
"628",305,69,2,2,2,2,3,34,35,53,16,54,15,69,0,0.492753623188406,0.507246376811594,0.768115942028985,0.231884057971014,0.782608695652174,0.217391304347826,1,0
"629",810,3,1,1,1,1,1,3,0,3,0,3,0,3,0,1,0,1,0,1,0,1,0
"630",360,4,1,1,1,1,1,4,0,4,0,4,0,4,0,1,0,1,0,1,0,1,0
"631",853,4,1,1,1,1,1,4,0,4,0,4,0,4,0,1,0,1,0,1,0,1,0
"632",412,4,1,2,1,1,1,3,1,4,0,4,0,4,0,0.75,0.25,1,0,1,0,1,0
"633",760,5,1,1,1,1,1,5,0,5,0,5,0,5,0,1,0,1,0,1,0,1,0
"634",386,5,1,1,1,1,1,5,0,5,0,5,0,5,0,1,0,1,0,1,0,1,0
"635",367,2,1,1,1,1,1,2,0,2,0,2,0,2,0,1,0,1,0,1,0,1,0
"636",586,3,1,1,1,1,1,3,0,3,0,3,0,3,0,1,0,1,0,1,0,1,0
"637",609,2,1,1,1,1,1,2,0,2,0,2,0,2,0,1,0,1,0,1,0,1,0
"638",167,2,1,1,1,1,1,2,0,2,0,2,0,2,0,1,0,1,0,1,0,1,0
"639",533,4,1,2,2,2,2,4,0,4,0,4,0,4,0,1,0,1,0,1,0,1,0
"640",577,3,2,1,1,1,1,3,0,3,0,3,0,3,0,1,0,1,0,1,0,1,0
"641",866,2,1,1,1,1,1,2,0,2,0,2,0,2,0,1,0,1,0,1,0,1,0
"642",793,2,1,1,1,1,1,2,0,2,0,2,0,2,0,1,0,1,0,1,0,1,0
"643",340,3,1,2,1,1,1,3,0,3,0,3,0,3,0,1,0,1,0,1,0,1,0
"644",892,2,1,1,1,1,1,2,0,2,0,2,0,2,0,1,0,1,0,1,0,1,0
"645",804,3,1,1,1,1,1,3,0,3,0,3,0,3,0,1,0,1,0,1,0,1,0
"646",350,2,1,1,1,1,1,2,0,2,0,2,0,2,0,1,0,1,0,1,0,1,0
"647",650,2,1,1,1,1,1,2,0,2,0,2,0,2,0,1,0,1,0,1,0,1,0
"648",756,3,1,1,1,1,1,3,0,3,0,3,0,3,0,1,0,1,0,1,0,1,0
"649",518,2,1,1,1,1,1,2,0,2,0,2,0,2,0,1,0,1,0,1,0,1,0
"650",462,2,1,1,1,1,1,2,0,2,0,2,0,2,0,1,0,1,0,1,0,1,0
"651",354,5,1,1,1,1,1,5,0,5,0,5,0,5,0,1,0,1,0,1,0,1,0
"652",39,7,1,1,1,1,1,7,0,7,0,7,0,7,0,1,0,1,0,1,0,1,0
"653",551,4,1,1,1,1,1,4,0,4,0,4,0,4,0,1,0,1,0,1,0,1,0
"654",66,6,2,1,2,1,1,6,0,4,2,1,5,1,5,1,0,0.666666666666667,0.333333333333333,0.166666666666667,0.833333333333333,0.166666666666667,0.833333333333333
"655",537,4,1,3,1,1,1,2,2,4,0,4,0,4,0,0.5,0.5,1,0,1,0,1,0
"656",867,2,1,1,1,1,1,2,0,2,0,2,0,2,0,1,0,1,0,1,0,1,0
"657",364,5,1,1,1,1,1,5,0,5,0,5,0,5,0,1,0,1,0,1,0,1,0
"658",238,10,1,1,1,1,1,10,0,10,0,10,0,10,0,1,0,1,0,1,0,1,0
"659",475,2,1,1,1,1,1,2,0,2,0,2,0,2,0,1,0,1,0,1,0,1,0
"660",550,5,1,1,1,1,1,5,0,5,0,5,0,5,0,1,0,1,0,1,0,1,0
"661",279,9,1,1,1,1,1,9,0,9,0,9,0,9,0,1,0,1,0,1,0,1,0
"662",262,2,1,1,1,1,1,2,0,2,0,2,0,2,0,1,0,1,0,1,0,1,0
"663",776,3,1,1,1,1,1,3,0,3,0,3,0,3,0,1,0,1,0,1,0,1,0
"664",505,3,1,1,1,1,1,3,0,3,0,3,0,3,0,1,0,1,0,1,0,1,0
"665",597,3,1,1,1,1,1,3,0,3,0,3,0,3,0,1,0,1,0,1,0,1,0
"666",502,2,1,1,1,1,1,2,0,2,0,2,0,2,0,1,0,1,0,1,0,1,0
"667",865,3,1,1,1,1,1,3,0,3,0,3,0,3,0,1,0,1,0,1,0,1,0
"668",510,3,1,1,1,1,1,3,0,3,0,3,0,3,0,1,0,1,0,1,0,1,0
"669",457,5,1,1,1,1,1,5,0,5,0,5,0,5,0,1,0,1,0,1,0,1,0
"670",830,2,1,1,1,1,1,2,0,2,0,2,0,2,0,1,0,1,0,1,0,1,0
"671",529,6,2,1,1,1,1,4,2,4,2,4,2,4,2,0.666666666666667,0.333333333333333,0.666666666666667,0.333333333333333,0.666666666666667,0.333333333333333,0.666666666666667,0.333333333333333
"672",352,2,1,1,1,1,1,2,0,2,0,2,0,2,0,1,0,1,0,1,0,1,0
"673",618,4,1,1,1,1,1,4,0,4,0,4,0,4,0,1,0,1,0,1,0,1,0
"674",210,7,1,1,1,1,1,7,0,7,0,7,0,7,0,1,0,1,0,1,0,1,0
"675",131,4,1,1,1,1,1,4,0,4,0,4,0,4,0,1,0,1,0,1,0,1,0
"676",287,5,1,1,1,1,1,5,0,5,0,5,0,5,0,1,0,1,0,1,0,1,0
"677",446,2,1,1,1,1,1,2,0,2,0,2,0,2,0,1,0,1,0,1,0,1,0
"678",741,2,1,1,1,1,1,2,0,2,0,2,0,2,0,1,0,1,0,1,0,1,0
"679",840,2,1,1,1,2,1,2,0,2,0,2,0,2,0,1,0,1,0,1,0,1,0
"680",334,2,1,1,1,1,1,2,0,2,0,2,0,2,0,1,0,1,0,1,0,1,0
"681",751,2,1,1,1,1,1,2,0,2,0,2,0,2,0,1,0,1,0,1,0,1,0
"682",742,2,1,1,1,1,1,2,0,2,0,2,0,2,0,1,0,1,0,1,0,1,0
"683",549,2,1,1,1,1,1,2,0,2,0,2,0,2,0,1,0,1,0,1,0,1,0
"684",888,2,1,1,1,1,1,2,0,2,0,2,0,2,0,1,0,1,0,1,0,1,0
"685",25,98,1,1,1,1,1,98,0,98,0,98,0,98,0,1,0,1,0,1,0,1,0
"686",50,1529,2,3,3,4,3,102,1427,148,1381,134,1395,188,1341,0.0667102681491171,0.933289731850883,0.0967952910398954,0.903204708960105,0.0876389797253107,0.912361020274689,0.122956180510137,0.877043819489863
"687",467,2,1,1,1,1,1,2,0,2,0,2,0,2,0,1,0,1,0,1,0,1,0
"688",203,3,1,1,1,1,1,3,0,3,0,3,0,3,0,1,0,1,0,1,0,1,0
"689",45,326,1,1,1,1,1,326,0,326,0,326,0,326,0,1,0,1,0,1,0,1,0
"690",325,13,1,1,1,1,2,13,0,13,0,13,0,1,12,1,0,1,0,1,0,0.0769230769230769,0.923076923076923
"691",165,24,1,1,1,1,1,24,0,24,0,24,0,24,0,1,0,1,0,1,0,1,0
"692",808,3,1,1,1,1,2,3,0,3,0,3,0,3,0,1,0,1,0,1,0,1,0
"693",610,2,1,1,1,1,1,2,0,2,0,2,0,2,0,1,0,1,0,1,0,1,0
"694",774,4,1,1,1,1,1,4,0,4,0,4,0,4,0,1,0,1,0,1,0,1,0
"695",839,2,1,1,1,1,1,2,0,2,0,2,0,2,0,1,0,1,0,1,0,1,0
"696",701,4,1,1,1,1,1,4,0,4,0,4,0,4,0,1,0,1,0,1,0,1,0
"697",479,3,1,1,1,1,1,3,0,3,0,3,0,3,0,1,0,1,0,1,0,1,0
"698",740,2,1,1,1,1,1,2,0,2,0,2,0,2,0,1,0,1,0,1,0,1,0
"699",859,2,1,1,1,1,1,2,0,2,0,2,0,2,0,1,0,1,0,1,0,1,0
"700",31,454,2,3,3,3,3,22,432,13,441,30,424,120,334,0.0484581497797357,0.951541850220264,0.0286343612334802,0.97136563876652,0.066079295154185,0.933920704845815,0.26431718061674,0.73568281938326
"701",775,3,2,2,2,1,1,1,2,1,2,1,2,1,2,0.333333333333333,0.666666666666667,0.333333333333333,0.666666666666667,0.333333333333333,0.666666666666667,0.333333333333333,0.666666666666667
"702",151,22,1,2,3,3,1,8,14,15,7,17,5,22,0,0.363636363636364,0.636363636363636,0.681818181818182,0.318181818181818,0.772727272727273,0.227272727272727,1,0
"703",314,72,2,3,3,3,1,15,57,33,39,53,19,68,4,0.208333333333333,0.791666666666667,0.458333333333333,0.541666666666667,0.736111111111111,0.263888888888889,0.944444444444444,0.0555555555555556
"704",256,5,1,2,3,3,3,3,2,4,1,4,1,4,1,0.6,0.4,0.8,0.2,0.8,0.2,0.8,0.2
"705",423,9,1,3,3,3,1,3,6,3,6,4,5,9,0,0.333333333333333,0.666666666666667,0.333333333333333,0.666666666666667,0.444444444444444,0.555555555555556,1,0
"706",769,2,1,1,1,1,1,2,0,2,0,2,0,2,0,1,0,1,0,1,0,1,0
"707",665,5,2,2,2,2,1,4,1,4,1,4,1,4,1,0.8,0.2,0.8,0.2,0.8,0.2,0.8,0.2
"708",52,536,11,13,12,12,11,141,395,184,352,199,337,270,266,0.263059701492537,0.736940298507463,0.343283582089552,0.656716417910448,0.371268656716418,0.628731343283582,0.503731343283582,0.496268656716418
"709",514,2,1,1,1,1,1,2,0,2,0,2,0,2,0,1,0,1,0,1,0,1,0
"710",348,2,1,1,1,1,1,2,0,2,0,2,0,2,0,1,0,1,0,1,0,1,0
"711",727,3,3,1,1,1,2,2,1,2,1,2,1,3,0,0.666666666666667,0.333333333333333,0.666666666666667,0.333333333333333,0.666666666666667,0.333333333333333,1,0
"712",3,2027,15,14,14,14,13,783,1244,999,1028,1130,897,1795,232,0.386285150468673,0.613714849531327,0.492846571287617,0.507153428712383,0.557474099654662,0.442525900345338,0.885545140601875,0.114454859398125
"713",879,2,1,1,1,1,1,2,0,2,0,2,0,2,0,1,0,1,0,1,0,1,0
"714",834,2,1,2,1,1,1,1,1,2,0,2,0,2,0,0.5,0.5,1,0,1,0,1,0
"715",682,2,2,1,1,1,1,1,1,1,1,1,1,2,0,0.5,0.5,0.5,0.5,0.5,0.5,1,0
"716",331,2,2,2,1,1,1,2,0,1,1,1,1,1,1,1,0,0.5,0.5,0.5,0.5,0.5,0.5
"717",303,3,2,2,2,2,2,3,0,3,0,3,0,1,2,1,0,1,0,1,0,0.333333333333333,0.666666666666667
"718",643,8,2,2,2,2,2,5,3,5,3,5,3,5,3,0.625,0.375,0.625,0.375,0.625,0.375,0.625,0.375
"719",809,3,1,1,1,1,1,3,0,3,0,3,0,3,0,1,0,1,0,1,0,1,0
"720",683,2,1,1,1,1,1,2,0,2,0,2,0,2,0,1,0,1,0,1,0,1,0
"721",580,2,1,1,1,1,1,2,0,2,0,2,0,2,0,1,0,1,0,1,0,1,0
"722",507,2,1,1,1,1,1,2,0,2,0,2,0,2,0,1,0,1,0,1,0,1,0
"723",99,105,4,7,9,9,6,60,45,73,32,80,25,105,0,0.571428571428571,0.428571428571429,0.695238095238095,0.304761904761905,0.761904761904762,0.238095238095238,1,0
"724",700,2,1,1,1,1,2,2,0,2,0,2,0,2,0,1,0,1,0,1,0,1,0
"725",837,2,1,1,1,1,1,2,0,2,0,2,0,2,0,1,0,1,0,1,0,1,0
"726",237,28,5,7,5,5,3,16,12,23,5,23,5,24,4,0.571428571428571,0.428571428571429,0.821428571428571,0.178571428571429,0.821428571428571,0.178571428571429,0.857142857142857,0.142857142857143
"727",140,41,6,6,7,5,5,18,23,28,13,32,9,36,5,0.439024390243902,0.560975609756098,0.682926829268293,0.317073170731707,0.780487804878049,0.219512195121951,0.878048780487805,0.121951219512195
"728",481,2,2,2,1,1,1,2,0,2,0,2,0,2,0,1,0,1,0,1,0,1,0
"729",393,4,1,1,1,2,2,4,0,4,0,1,3,1,3,1,0,1,0,0.25,0.75,0.25,0.75
"730",312,2,1,2,2,2,1,2,0,2,0,2,0,2,0,1,0,1,0,1,0,1,0
"731",458,2,2,1,1,1,1,1,1,1,1,1,1,1,1,0.5,0.5,0.5,0.5,0.5,0.5,0.5,0.5
"732",728,4,1,1,1,1,1,4,0,4,0,4,0,4,0,1,0,1,0,1,0,1,0
"733",432,2,2,2,2,1,1,2,0,2,0,1,1,1,1,1,0,1,0,0.5,0.5,0.5,0.5
"734",119,45,7,6,5,5,4,26,19,28,17,28,17,29,16,0.577777777777778,0.422222222222222,0.622222222222222,0.377777777777778,0.622222222222222,0.377777777777778,0.644444444444444,0.355555555555556
"735",676,4,1,1,1,2,2,4,0,4,0,1,3,1,3,1,0,1,0,0.25,0.75,0.25,0.75
"736",870,2,1,1,1,1,1,2,0,2,0,2,0,2,0,1,0,1,0,1,0,1,0
"737",648,5,2,2,2,2,2,3,2,3,2,3,2,3,2,0.6,0.4,0.6,0.4,0.6,0.4,0.6,0.4
"738",500,10,4,4,3,2,2,5,5,5,5,5,5,5,5,0.5,0.5,0.5,0.5,0.5,0.5,0.5,0.5
"739",95,21,3,5,5,5,5,16,5,17,4,17,4,17,4,0.761904761904762,0.238095238095238,0.80952380952381,0.19047619047619,0.80952380952381,0.19047619047619,0.80952380952381,0.19047619047619
"740",836,2,1,2,2,2,1,2,0,2,0,2,0,2,0,1,0,1,0,1,0,1,0
"741",14,65,4,4,4,4,4,2,63,2,63,2,63,17,48,0.0307692307692308,0.969230769230769,0.0307692307692308,0.969230769230769,0.0307692307692308,0.969230769230769,0.261538461538462,0.738461538461539
"742",71,40,5,5,4,4,4,18,22,19,21,19,21,19,21,0.45,0.55,0.475,0.525,0.475,0.525,0.475,0.525
"743",261,55,5,7,7,6,3,33,22,39,16,42,13,40,15,0.6,0.4,0.709090909090909,0.290909090909091,0.763636363636364,0.236363636363636,0.727272727272727,0.272727272727273
"744",477,2,1,1,1,1,1,2,0,2,0,2,0,2,0,1,0,1,0,1,0,1,0
"745",716,2,1,1,1,1,1,2,0,2,0,2,0,2,0,1,0,1,0,1,0,1,0
"746",754,4,2,2,2,2,1,1,3,1,3,1,3,1,3,0.25,0.75,0.25,0.75,0.25,0.75,0.25,0.75
"747",34,2397,14,13,12,12,10,1343,1054,1715,682,1773,624,2099,298,0.560283687943262,0.439716312056738,0.715477680433876,0.284522319566124,0.739674593241552,0.260325406758448,0.875677930746767,0.124322069253233
"748",773,2,2,2,2,2,2,2,0,2,0,2,0,2,0,1,0,1,0,1,0,1,0
"749",433,3,1,1,1,1,1,3,0,3,0,3,0,3,0,1,0,1,0,1,0,1,0
"750",264,5,2,1,1,1,1,1,4,5,0,5,0,5,0,0.2,0.8,1,0,1,0,1,0
"751",330,2,1,1,1,2,1,2,0,2,0,2,0,2,0,1,0,1,0,1,0,1,0
"752",732,2,1,1,1,1,1,2,0,2,0,2,0,2,0,1,0,1,0,1,0,1,0
"753",807,2,1,1,1,1,1,2,0,2,0,2,0,2,0,1,0,1,0,1,0,1,0
"754",749,2,1,2,2,2,2,1,1,1,1,1,1,2,0,0.5,0.5,0.5,0.5,0.5,0.5,1,0
"755",567,2,1,1,1,1,1,2,0,2,0,2,0,2,0,1,0,1,0,1,0,1,0
"756",106,15,2,1,1,2,2,5,10,5,10,6,9,7,8,0.333333333333333,0.666666666666667,0.333333333333333,0.666666666666667,0.4,0.6,0.466666666666667,0.533333333333333
"757",877,2,2,2,2,2,2,2,0,2,0,2,0,1,1,1,0,1,0,1,0,0.5,0.5
"758",543,5,1,1,1,1,1,5,0,5,0,5,0,5,0,1,0,1,0,1,0,1,0
"759",179,3,1,1,1,1,1,3,0,3,0,3,0,3,0,1,0,1,0,1,0,1,0
"760",860,2,1,1,1,1,1,2,0,2,0,2,0,2,0,1,0,1,0,1,0,1,0
"761",747,2,1,1,1,1,1,2,0,2,0,2,0,2,0,1,0,1,0,1,0,1,0
"762",669,2,1,1,1,1,1,2,0,2,0,2,0,2,0,1,0,1,0,1,0,1,0
"763",404,4,2,1,1,1,1,3,1,3,1,3,1,3,1,0.75,0.25,0.75,0.25,0.75,0.25,0.75,0.25
"764",408,2,1,1,1,2,1,2,0,2,0,2,0,2,0,1,0,1,0,1,0,1,0
"765",410,10,4,3,2,2,2,4,6,8,2,8,2,8,2,0.4,0.6,0.8,0.2,0.8,0.2,0.8,0.2
"766",637,2,1,2,2,2,2,2,0,2,0,2,0,2,0,1,0,1,0,1,0,1,0
"767",425,2,1,1,1,1,1,2,0,2,0,2,0,2,0,1,0,1,0,1,0,1,0
"768",872,2,2,1,1,1,1,1,1,1,1,1,1,1,1,0.5,0.5,0.5,0.5,0.5,0.5,0.5,0.5
"769",712,3,2,1,1,1,1,1,2,1,2,1,2,1,2,0.333333333333333,0.666666666666667,0.333333333333333,0.666666666666667,0.333333333333333,0.666666666666667,0.333333333333333,0.666666666666667
"770",583,2,1,1,1,1,1,2,0,2,0,2,0,2,0,1,0,1,0,1,0,1,0
"771",292,3,2,1,1,1,1,2,1,2,1,2,1,2,1,0.666666666666667,0.333333333333333,0.666666666666667,0.333333333333333,0.666666666666667,0.333333333333333,0.666666666666667,0.333333333333333
"772",118,28,2,2,2,2,2,18,10,21,7,21,7,23,5,0.642857142857143,0.357142857142857,0.75,0.25,0.75,0.25,0.821428571428571,0.178571428571429
"773",145,23,3,2,2,2,2,4,19,11,12,11,12,20,3,0.173913043478261,0.826086956521739,0.478260869565217,0.521739130434783,0.478260869565217,0.521739130434783,0.869565217391304,0.130434782608696
"774",660,6,1,1,1,1,1,6,0,6,0,6,0,6,0,1,0,1,0,1,0,1,0
"775",478,6,1,1,2,2,2,6,0,1,5,3,3,3,3,1,0,0.166666666666667,0.833333333333333,0.5,0.5,0.5,0.5
"776",456,2,1,1,1,1,1,2,0,2,0,2,0,2,0,1,0,1,0,1,0,1,0
"777",544,10,2,1,1,1,1,3,7,3,7,3,7,3,7,0.3,0.7,0.3,0.7,0.3,0.7,0.3,0.7
"778",579,2,1,1,1,1,1,2,0,2,0,2,0,2,0,1,0,1,0,1,0,1,0
"779",508,2,1,1,1,1,1,2,0,2,0,2,0,2,0,1,0,1,0,1,0,1,0
"780",876,2,1,1,1,1,1,2,0,2,0,2,0,2,0,1,0,1,0,1,0,1,0
"781",460,6,1,1,1,1,1,6,0,6,0,6,0,6,0,1,0,1,0,1,0,1,0
"782",371,16,2,2,2,2,4,16,0,1,15,1,15,14,2,1,0,0.0625,0.9375,0.0625,0.9375,0.875,0.125
"783",369,6,1,1,1,1,2,6,0,6,0,6,0,1,5,1,0,1,0,1,0,0.166666666666667,0.833333333333333
"784",674,2,1,1,1,1,1,2,0,2,0,2,0,2,0,1,0,1,0,1,0,1,0
"785",722,3,1,1,1,1,2,3,0,3,0,3,0,2,1,1,0,1,0,1,0,0.666666666666667,0.333333333333333
"786",655,2,2,2,2,2,2,2,0,2,0,2,0,2,0,1,0,1,0,1,0,1,0
"787",503,2,1,1,1,1,1,2,0,2,0,2,0,2,0,1,0,1,0,1,0,1,0
"788",260,2,1,1,1,1,1,2,0,2,0,2,0,2,0,1,0,1,0,1,0,1,0
"789",854,2,1,1,1,1,1,2,0,2,0,2,0,2,0,1,0,1,0,1,0,1,0
"790",690,2,1,1,1,2,1,2,0,2,0,1,1,2,0,1,0,1,0,0.5,0.5,1,0
"791",362,2,1,1,1,1,1,2,0,2,0,2,0,2,0,1,0,1,0,1,0,1,0
"792",673,6,2,2,2,2,3,6,0,1,5,1,5,4,2,1,0,0.166666666666667,0.833333333333333,0.166666666666667,0.833333333333333,0.666666666666667,0.333333333333333
"793",820,3,1,1,1,2,2,3,0,3,0,3,0,3,0,1,0,1,0,1,0,1,0
"794",604,8,1,1,1,1,1,8,0,8,0,8,0,8,0,1,0,1,0,1,0,1,0
"795",835,2,1,1,1,1,1,2,0,2,0,2,0,2,0,1,0,1,0,1,0,1,0
"796",101,2,1,1,1,1,1,2,0,2,0,2,0,2,0,1,0,1,0,1,0,1,0
"797",612,2,1,1,1,1,1,2,0,2,0,2,0,2,0,1,0,1,0,1,0,1,0
"798",476,18,2,2,2,2,2,18,0,1,17,1,17,16,2,1,0,0.0555555555555556,0.944444444444444,0.0555555555555556,0.944444444444444,0.888888888888889,0.111111111111111
"799",382,5,1,1,1,1,1,5,0,5,0,5,0,5,0,1,0,1,0,1,0,1,0
"800",339,22,3,2,2,2,3,7,15,8,14,9,13,21,1,0.318181818181818,0.681818181818182,0.363636363636364,0.636363636363636,0.409090909090909,0.590909090909091,0.954545454545455,0.0454545454545455
"801",265,20,1,2,2,2,3,1,19,1,19,2,18,11,9,0.05,0.95,0.05,0.95,0.1,0.9,0.55,0.45
"802",98,92,7,5,5,6,4,58,34,62,30,65,27,81,11,0.630434782608696,0.369565217391304,0.673913043478261,0.326086956521739,0.706521739130435,0.293478260869565,0.880434782608696,0.119565217391304
"803",191,8,1,1,1,1,2,8,0,8,0,8,0,8,0,1,0,1,0,1,0,1,0
"804",420,6,2,2,2,2,3,1,5,1,5,1,5,5,1,0.166666666666667,0.833333333333333,0.166666666666667,0.833333333333333,0.166666666666667,0.833333333333333,0.833333333333333,0.166666666666667
"805",111,18,2,2,2,3,2,4,14,4,14,6,12,18,0,0.222222222222222,0.777777777777778,0.222222222222222,0.777777777777778,0.333333333333333,0.666666666666667,1,0
"806",263,14,5,2,2,2,4,9,5,10,4,10,4,12,2,0.642857142857143,0.357142857142857,0.714285714285714,0.285714285714286,0.714285714285714,0.285714285714286,0.857142857142857,0.142857142857143
"807",40,200,5,2,3,3,4,68,132,73,127,77,123,122,78,0.34,0.66,0.365,0.635,0.385,0.615,0.61,0.39
"808",684,3,1,2,2,2,1,2,1,3,0,3,0,3,0,0.666666666666667,0.333333333333333,1,0,1,0,1,0
"809",815,3,1,1,1,1,1,3,0,3,0,3,0,3,0,1,0,1,0,1,0,1,0
"810",528,3,1,2,2,2,2,1,2,1,2,1,2,3,0,0.333333333333333,0.666666666666667,0.333333333333333,0.666666666666667,0.333333333333333,0.666666666666667,1,0
"811",516,5,2,1,1,1,1,3,2,3,2,3,2,5,0,0.6,0.4,0.6,0.4,0.6,0.4,1,0
"812",887,2,1,2,1,1,1,1,1,2,0,2,0,2,0,0.5,0.5,1,0,1,0,1,0
"813",861,2,2,1,1,1,2,1,1,1,1,1,1,2,0,0.5,0.5,0.5,0.5,0.5,0.5,1,0
"814",693,3,1,1,1,1,1,3,0,3,0,3,0,3,0,1,0,1,0,1,0,1,0
"815",563,2,1,1,1,1,1,2,0,2,0,2,0,2,0,1,0,1,0,1,0,1,0
"816",443,7,3,2,2,1,2,6,1,6,1,6,1,7,0,0.857142857142857,0.142857142857143,0.857142857142857,0.142857142857143,0.857142857142857,0.142857142857143,1,0
"817",520,2,2,2,2,2,2,1,1,1,1,1,1,1,1,0.5,0.5,0.5,0.5,0.5,0.5,0.5,0.5
"818",654,4,1,1,1,1,1,4,0,4,0,4,0,4,0,1,0,1,0,1,0,1,0
"819",805,2,1,1,1,1,1,2,0,2,0,2,0,2,0,1,0,1,0,1,0,1,0
"820",641,2,1,1,1,1,2,2,0,2,0,2,0,2,0,1,0,1,0,1,0,1,0
"821",368,12,2,2,3,2,2,12,0,1,11,2,10,2,10,1,0,0.0833333333333333,0.916666666666667,0.166666666666667,0.833333333333333,0.166666666666667,0.833333333333333
"822",395,3,1,2,2,2,2,1,2,1,2,1,2,3,0,0.333333333333333,0.666666666666667,0.333333333333333,0.666666666666667,0.333333333333333,0.666666666666667,1,0
"823",707,3,1,1,2,2,1,3,0,2,1,2,1,3,0,1,0,0.666666666666667,0.333333333333333,0.666666666666667,0.333333333333333,1,0
"824",681,7,1,1,1,1,1,7,0,7,0,7,0,7,0,1,0,1,0,1,0,1,0
"825",772,7,2,2,2,2,2,1,6,1,6,1,6,1,6,0.142857142857143,0.857142857142857,0.142857142857143,0.857142857142857,0.142857142857143,0.857142857142857,0.142857142857143,0.857142857142857
"826",762,5,1,1,1,1,1,5,0,5,0,5,0,5,0,1,0,1,0,1,0,1,0
"827",463,5,1,1,1,1,1,5,0,5,0,5,0,5,0,1,0,1,0,1,0,1,0
"828",799,3,1,1,1,1,1,3,0,3,0,3,0,3,0,1,0,1,0,1,0,1,0
"829",252,6,4,2,2,2,3,3,3,3,3,3,3,3,3,0.5,0.5,0.5,0.5,0.5,0.5,0.5,0.5
"830",613,3,1,1,1,1,1,3,0,3,0,3,0,3,0,1,0,1,0,1,0,1,0
"831",838,2,2,2,2,2,2,1,1,2,0,2,0,2,0,0.5,0.5,1,0,1,0,1,0
"832",780,2,2,1,1,1,1,1,1,1,1,1,1,1,1,0.5,0.5,0.5,0.5,0.5,0.5,0.5,0.5
"833",726,2,2,1,1,1,1,1,1,1,1,1,1,1,1,0.5,0.5,0.5,0.5,0.5,0.5,0.5,0.5
"834",32,122,4,3,3,3,3,13,109,27,95,34,88,92,30,0.10655737704918,0.89344262295082,0.221311475409836,0.778688524590164,0.278688524590164,0.721311475409836,0.754098360655738,0.245901639344262
"835",448,12,2,2,1,1,1,7,5,9,3,9,3,9,3,0.583333333333333,0.416666666666667,0.75,0.25,0.75,0.25,0.75,0.25
"836",136,21,2,2,2,1,1,12,9,13,8,14,7,14,7,0.571428571428571,0.428571428571429,0.619047619047619,0.380952380952381,0.666666666666667,0.333333333333333,0.666666666666667,0.333333333333333
"837",736,2,1,1,2,2,1,2,0,1,1,1,1,2,0,1,0,0.5,0.5,0.5,0.5,1,0
"838",539,2,2,2,1,1,1,2,0,1,1,1,1,1,1,1,0,0.5,0.5,0.5,0.5,0.5,0.5
"839",893,2,1,1,1,1,1,2,0,2,0,2,0,2,0,1,0,1,0,1,0,1,0
"840",768,2,1,1,1,1,1,2,0,2,0,2,0,2,0,1,0,1,0,1,0,1,0
"841",59,1780,7,10,9,8,7,615,1165,806,974,894,886,1118,662,0.345505617977528,0.654494382022472,0.452808988764045,0.547191011235955,0.502247191011236,0.497752808988764,0.628089887640449,0.371910112359551
"842",611,3,1,1,1,1,1,3,0,3,0,3,0,3,0,1,0,1,0,1,0,1,0
"843",864,2,1,1,1,1,1,2,0,2,0,2,0,2,0,1,0,1,0,1,0,1,0
"844",896,2,1,1,1,1,1,2,0,2,0,2,0,2,0,1,0,1,0,1,0,1,0
"845",109,52,6,5,5,5,4,25,27,29,23,32,20,35,17,0.480769230769231,0.519230769230769,0.557692307692308,0.442307692307692,0.615384615384615,0.384615384615385,0.673076923076923,0.326923076923077
"846",189,133,6,6,6,6,6,65,68,85,48,101,32,129,4,0.488721804511278,0.511278195488722,0.639097744360902,0.360902255639098,0.759398496240602,0.240601503759398,0.969924812030075,0.0300751879699248
"847",862,2,2,1,1,2,2,1,1,1,1,2,0,2,0,0.5,0.5,0.5,0.5,1,0,1,0
"848",365,2,2,2,2,2,2,2,0,2,0,2,0,2,0,1,0,1,0,1,0,1,0
"849",273,3,2,2,1,1,1,3,0,3,0,3,0,3,0,1,0,1,0,1,0,1,0
"850",318,2,1,1,1,1,1,2,0,2,0,2,0,2,0,1,0,1,0,1,0,1,0
"851",461,3,1,1,1,1,1,3,0,3,0,3,0,3,0,1,0,1,0,1,0,1,0
"852",227,16,2,2,2,2,1,7,9,8,8,8,8,9,7,0.4375,0.5625,0.5,0.5,0.5,0.5,0.5625,0.4375
"853",652,4,1,1,1,2,1,4,0,4,0,2,2,4,0,1,0,1,0,0.5,0.5,1,0
"854",696,3,1,1,1,1,1,3,0,3,0,3,0,3,0,1,0,1,0,1,0,1,0
"855",795,3,1,1,1,1,1,3,0,3,0,3,0,3,0,1,0,1,0,1,0,1,0
"856",157,3,1,1,1,1,1,3,0,3,0,3,0,3,0,1,0,1,0,1,0,1,0
"857",601,2,1,1,1,1,1,2,0,2,0,2,0,2,0,1,0,1,0,1,0,1,0
"858",388,16,2,1,1,1,1,7,9,7,9,7,9,7,9,0.4375,0.5625,0.4375,0.5625,0.4375,0.5625,0.4375,0.5625
"859",545,7,2,1,1,1,1,5,2,5,2,5,2,5,2,0.714285714285714,0.285714285714286,0.714285714285714,0.285714285714286,0.714285714285714,0.285714285714286,0.714285714285714,0.285714285714286
"860",329,19,2,2,2,2,1,6,13,8,11,8,11,9,10,0.315789473684211,0.684210526315789,0.421052631578947,0.578947368421053,0.421052631578947,0.578947368421053,0.473684210526316,0.526315789473684
"861",108,5,1,1,2,2,1,5,0,2,3,4,1,5,0,1,0,0.4,0.6,0.8,0.2,1,0
"862",748,3,1,2,2,1,1,1,2,1,2,3,0,3,0,0.333333333333333,0.666666666666667,0.333333333333333,0.666666666666667,1,0,1,0
"863",898,2,1,1,1,2,1,2,0,2,0,1,1,2,0,1,0,1,0,0.5,0.5,1,0
"864",440,9,1,1,1,1,1,9,0,9,0,9,0,9,0,1,0,1,0,1,0,1,0
"865",445,2,1,1,1,1,1,2,0,2,0,2,0,2,0,1,0,1,0,1,0,1,0
"866",642,2,1,1,1,1,1,1,0,1,0,1,0,1,0,0.5,0,0.5,0,0.5,0,0.5,0
"867",122,27,2,2,2,2,1,16,11,16,11,17,10,19,8,0.592592592592593,0.407407407407407,0.592592592592593,0.407407407407407,0.62962962962963,0.37037037037037,0.703703703703704,0.296296296296296
"868",236,14,2,2,2,2,1,1,13,1,13,1,13,3,11,0.0714285714285714,0.928571428571429,0.0714285714285714,0.928571428571429,0.0714285714285714,0.928571428571429,0.214285714285714,0.785714285714286
"869",137,5,1,2,2,2,1,1,4,3,2,3,2,5,0,0.2,0.8,0.6,0.4,0.6,0.4,1,0
"870",421,9,2,2,2,2,2,1,8,1,8,1,8,1,8,0.111111111111111,0.888888888888889,0.111111111111111,0.888888888888889,0.111111111111111,0.888888888888889,0.111111111111111,0.888888888888889
"871",694,2,1,1,1,1,1,2,0,2,0,2,0,2,0,1,0,1,0,1,0,1,0
"872",739,2,1,1,2,2,1,2,0,1,1,1,1,2,0,1,0,0.5,0.5,0.5,0.5,1,0
"873",232,13,2,2,2,2,2,4,9,4,9,4,9,4,9,0.307692307692308,0.692307692307692,0.307692307692308,0.692307692307692,0.307692307692308,0.692307692307692,0.307692307692308,0.692307692307692
"874",134,40,3,3,3,3,3,33,7,33,7,33,7,37,3,0.825,0.175,0.825,0.175,0.825,0.175,0.925,0.075
"875",222,9,2,1,1,1,2,4,5,4,5,4,5,5,4,0.444444444444444,0.555555555555556,0.444444444444444,0.555555555555556,0.444444444444444,0.555555555555556,0.555555555555556,0.444444444444444
"876",490,7,2,1,1,1,1,5,1,5,1,5,1,5,1,0.714285714285714,0.142857142857143,0.714285714285714,0.142857142857143,0.714285714285714,0.142857142857143,0.714285714285714,0.142857142857143
"877",764,6,2,2,2,2,2,1,5,1,5,1,5,1,5,0.166666666666667,0.833333333333333,0.166666666666667,0.833333333333333,0.166666666666667,0.833333333333333,0.166666666666667,0.833333333333333
"878",413,9,2,3,2,3,2,3,6,4,5,5,4,5,4,0.333333333333333,0.666666666666667,0.444444444444444,0.555555555555556,0.555555555555556,0.444444444444444,0.555555555555556,0.444444444444444
"879",211,8,2,2,2,2,2,2,5,2,5,2,5,4,3,0.25,0.625,0.25,0.625,0.25,0.625,0.5,0.375
"880",466,14,2,2,2,2,2,6,8,7,7,8,6,8,6,0.428571428571429,0.571428571428571,0.5,0.5,0.571428571428571,0.428571428571429,0.571428571428571,0.428571428571429
"881",584,5,2,2,2,2,2,1,4,1,4,1,4,2,3,0.2,0.8,0.2,0.8,0.2,0.8,0.4,0.6
"882",541,6,2,2,2,2,1,3,3,5,1,5,1,6,0,0.5,0.5,0.833333333333333,0.166666666666667,0.833333333333333,0.166666666666667,1,0
"883",320,2,1,1,1,1,1,2,0,2,0,2,0,2,0,1,0,1,0,1,0,1,0
"884",757,2,2,2,1,1,1,2,0,2,0,2,0,2,0,1,0,1,0,1,0,1,0
"885",821,5,2,2,2,2,1,4,1,4,1,4,1,5,0,0.8,0.2,0.8,0.2,0.8,0.2,1,0
"886",258,4,1,1,1,1,1,4,0,4,0,4,0,4,0,1,0,1,0,1,0,1,0
"887",515,2,1,1,1,1,1,2,0,2,0,2,0,2,0,1,0,1,0,1,0,1,0
"888",197,2,2,2,1,1,1,1,1,2,0,2,0,2,0,0.5,0.5,1,0,1,0,1,0
"889",363,5,2,2,2,2,1,2,3,5,0,5,0,5,0,0.4,0.6,1,0,1,0,1,0
"890",521,6,1,2,3,3,2,1,5,4,2,5,1,6,0,0.166666666666667,0.833333333333333,0.666666666666667,0.333333333333333,0.833333333333333,0.166666666666667,1,0
"891",506,3,1,2,1,1,1,2,1,3,0,3,0,3,0,0.666666666666667,0.333333333333333,1,0,1,0,1,0
"892",174,2,1,1,1,1,1,2,0,2,0,2,0,2,0,1,0,1,0,1,0,1,0
"893",253,42,3,3,3,3,2,27,15,37,5,37,5,38,4,0.642857142857143,0.357142857142857,0.880952380952381,0.119047619047619,0.880952380952381,0.119047619047619,0.904761904761905,0.0952380952380952
"894",132,108,6,7,7,6,6,48,60,66,42,79,29,99,9,0.444444444444444,0.555555555555556,0.611111111111111,0.388888888888889,0.731481481481482,0.268518518518519,0.916666666666667,0.0833333333333333
"895",813,2,1,1,1,1,1,2,0,2,0,2,0,2,0,1,0,1,0,1,0,1,0
"896",527,7,4,3,3,2,2,4,3,4,3,5,2,5,2,0.571428571428571,0.428571428571429,0.571428571428571,0.428571428571429,0.714285714285714,0.285714285714286,0.714285714285714,0.285714285714286
"897",659,3,1,1,1,1,1,3,0,3,0,3,0,3,0,1,0,1,0,1,0,1,0
"898",617,2,2,2,2,2,2,2,0,2,0,2,0,2,0,1,0,1,0,1,0,1,0
