"","Comp.1","Comp.2","Comp.3","Comp.4","Comp.5","Comp.6","Comp.7","PCconnall","net_id"
"2",5.60431995991345,-4.82501526987002,0.159971072728423,1.15368278687874,2.32224735555198,-3.17108400876535,0.199272528539801,7.39521294943987,"2"
"3",7.0478934802257,-5.99976876041116,0.404878646271278,1.68684701686848,2.95063385208633,3.29154742319066,0.120384200377605,9.25581048244904,"3"
"5",1.81182532616241,-0.537684475620906,0.255770740050652,0.411511231854824,-0.77878112731062,-0.244373401665718,-0.869330546978121,1.88992476248322,"5"
"6",5.18840900557774,-3.88548474332559,0.421105623040431,1.0375862164157,1.63891033968058,-2.2016815009108,-0.446436350662318,6.48201972380338,"6"
"7",0.184082357654536,-1.18141483118701,-0.464693911718301,0.461423212996975,-1.06995231293315,0.318405530334746,0.313549782176131,1.19567023787844,"7"
"8",0.544978353439978,0.864678021550016,0.0487185112779783,-0.173356443846211,-0.469688004181257,-0.0564173119553542,0.218487201961664,1.02209074287453,"8"
"9",4.02103216381658,-3.13669852155175,0.203535550264703,0.868529905204894,1.05659546377408,-2.43094908931915,-0.177788841430123,5.09976247266011,"9"
"10",5.01218005314741,-3.81621655614104,-0.0931632505667543,1.21631593212344,2.24315639290617,-2.06488921616962,0.421872845679073,6.29963948877503,"10"
"11",1.74039059007171,-2.60406076050488,-0.118060112188969,0.606720835507662,-0.195059610968332,0.547353930144424,0.564984601852362,3.13210661542857,"11"
"13",0.470056552741993,-0.861038261611978,-0.723565680613359,0.650649483756642,-0.977898072254702,0.0579737309424113,0.107147268782741,0.98098932243703,"13"
"14",0.205358780602874,-1.06869439798719,0.124255424024082,0.0771655873278114,-1.09217030797973,0.441501559845279,-0.0559808337147663,1.08824627040937,"14"
"15",4.33509853831395,-0.145812863878761,-3.7139584271214,-8.53953092358087,-0.257716306413481,-0.172165610059673,-0.152682367481434,4.3375500836491,"15"
"16",1.53630122034779,-0.0988406051029076,-0.400851772628532,0.107968733247962,-0.588026482158955,-0.220678601108517,-0.402838663307394,1.53947747786683,"16"
"17",1.35674898320403,0.0859636064187723,-0.229700978281228,0.667707813819546,-0.541687811739205,0.265504396552665,-0.420703942152239,1.35946958224658,"17"
"18",1.36803572486871,0.144756016414246,-0.421671486718385,0.671175690601611,-0.214081415809249,-0.200749005126735,-0.00801164693251797,1.3756729439824,"18"
"19",-1.76944028692485,-1.619435667276,0.764607829793673,-0.649930801579732,-0.260509921139966,0.0338345574686968,0.390247830977908,2.39864353530039,"19"
"20",2.89218738968781,-2.47403090424747,0.737152100541923,0.510574351699653,0.396619220808183,0.129609242296781,0.315335698739101,3.80599222440624,"20"
"21",2.51155341979877,-1.90403806371222,-0.3565370819184,1.02244139486494,0.317487062833236,1.76580280394339,0.011758988577728,3.15170771623383,"21"
"23",-0.513244003616254,-1.45768645914686,-0.992952972476106,0.482606744524045,-1.17034838822116,-0.279834241783609,0.392831715130872,1.54540260787542,"23"
"24",3.99631005472159,-2.27591002650767,-0.487602206468794,-0.587604681375696,0.882862228288082,-1.59891335940702,-0.166841002957205,4.59894123709218,"24"
"25",0.87555213407118,-0.272594450423774,0.693678557089688,0.0654609838718037,-1.02932846100912,0.235423072682092,-0.279763301338225,0.917005601879529,"25"
"26",1.13396229166489,-0.997787513920126,0.367420843116242,0.279193643981662,-0.986367556120939,-0.223778759490102,-0.171964015485991,1.51044708674379,"26"
"27",-0.494019172637249,-0.86409634837472,0.829390941596452,-0.306459499036087,-0.936262929500202,0.0108012991326722,0.264244497097555,0.995347900087059,"27"
"28",4.26914424715317,-3.27960129286859,0.293440075146522,0.626220543498324,0.917011523386538,-0.198873329379602,-0.358198925225104,5.38343544989502,"28"
"29",1.32794320975147,-1.54150267517888,-0.617772897062376,0.753698092680866,-0.658246394653754,-0.611788144413072,-0.193375392873965,2.03461634366498,"29"
"30",-2.00249240292031,-1.6637293025889,-0.308499976156223,-0.221906215080416,0.0961799203035774,0.208507282830559,0.18090677514677,2.60345367080854,"30"
"31",2.0750113536581,-1.08392316940584,0.0415581487895873,-1.02257622992182,-0.705601004827403,0.3372017924196,-0.314855160641242,2.34105992127173,"31"
"32",1.54834660319164,-0.369991550564382,0.114391395506598,0.608184372654677,-0.433642349939217,1.06068249841728,-0.461441944569752,1.59193936791077,"32"
"33",3.190323065942,-3.34524669287035,-0.677777618466684,1.12700967440189,0.663502980304101,-1.06828070061337,0.103219068485113,4.62264390811596,"33"
"34",5.65804627189442,-5.04658127315579,-0.0498220403518611,1.42421997735158,2.15605949350463,0.00100453969567615,0.0636341134727713,7.58165352422973,"34"
"35",1.30416554485185,-1.28119340591605,0.397389882711766,0.305966584860624,-0.527998789358872,-0.308505881507892,0.382343201673923,1.82819701119477,"35"
"36",5.47695510381149,-0.636348014400791,-5.72795367959215,-10.725662538212,0.117860939178811,-0.133808096476046,-0.158593598307747,5.51379869097509,"36"
"37",0.443371363588337,-1.0170270140916,-0.234121604382397,0.329142725257391,-1.17489997708227,-0.120634888209034,0.0915035941358126,1.10946929360043,"37"
"38",-1.66830886843849,-0.584869189905642,0.923967328093485,-0.678439962424991,0.623026541743945,-0.0794924626163955,-0.194796382652427,1.76785928450524,"38"
"39",-1.02811526109162,0.0371373169039166,-0.905066121016382,0.35418760827325,0.160384170590342,-0.00583387393460932,0.264396385636716,1.02878577478322,"39"
"40",1.37420896118984,0.515794466855648,-2.09628332419729,-1.98146349795196,-0.476409043781099,0.0528701716246539,0.267845785772186,1.46781953967555,"40"
"41",-0.0646553193038068,-0.737639846435551,-0.465072302061723,0.402509893885675,-1.10128880608911,0.0140639321497873,0.022278464838496,0.740467996177918,"41"
"42",-1.51491992641497,-0.653441163909699,0.457493488700852,-0.421237702163219,0.279336508589452,-0.060467036725058,-0.091520040231102,1.64983870064343,"42"
"43",1.40713575961304,-2.60175747228768,-1.03575527611318,0.876389317636668,-0.243431217405077,-1.20122521391245,0.447268949688923,2.95790009814167,"43"
"44",1.06683349891865,1.44226353968722,0.144933382111477,-0.250698676197336,-0.0805228867041295,0.116192726615398,0.227858085190605,1.79395034277042,"44"
"45",1.41782504173561,-0.693300125454326,1.0946054918083,0.0749723996785791,-0.827706646401312,0.108115082728076,-0.28718505113177,1.57825628873373,"45"
"46",0.319362138065302,-1.15402924961412,0.75731971173297,-0.0833621091764534,-1.34005844364285,-0.292409488683446,0.274800495211369,1.19740372648266,"46"
"47",2.9772650759716,-2.51897621237799,0.271230124834822,0.685271059868298,0.650522272908464,-0.835436700404882,0.399351407716976,3.89991647232686,"47"
"48",3.90100112515726,-2.88095780099398,0.808486309209158,0.595445674349372,0.62640504892125,-0.67382281486487,-0.439106444018359,4.84950797809286,"48"
"49",-0.434490201070425,-0.929258953144539,0.633464946992799,-0.206444156995143,-1.18724865079455,-0.14894974366358,0.160539482111366,1.02581866663924,"49"
"50",4.36348977567281,-3.22033000256479,1.14548351883183,0.615342822672724,0.95196058743367,0.284231493338363,-0.29940942749515,5.42315114558133,"50"
"51",-0.517551820259234,0.0298885697490984,0.0217012016701528,-0.0640566386307531,-0.33903601765515,-0.0941315068702927,0.120017265016224,0.518414132962531,"51"
"52",5.52776824975747,-4.21979018307244,1.21645056172078,1.07917119396156,1.57634671665027,5.6678975001167,-0.272338363216731,6.95434044408104,"52"
"53",1.16654677015422,-1.15923333313662,0.307814315658327,0.357046208149619,-1.05335759023769,0.142446160401181,-0.349447810081034,1.64458301329312,"53"
"54",-0.0190380404786976,0.606883367186623,-0.826037260529751,0.612182636016213,-0.378781093578418,-0.0852118784968275,-0.349618586747089,0.607181907135779,"54"
"56",0.989829662908349,-1.29742186577383,-0.677553076125506,0.737999095816447,-0.767720857367608,0.0118066716467682,0.041679163556979,1.63189039440806,"56"
"57",1.53253288755928,-1.78834594202942,0.484729520842568,0.301484322167753,-0.537282634140853,-0.375427345565657,0.290032933918807,2.35517266029986,"57"
"58",2.2239755400789,0.63447930432239,0.545625936484563,0.559592497780131,0.682996006327468,0.399192464052553,0.300109484229564,2.31271078833534,"58"
"59",4.12593486987482,-4.02638272780461,-0.323600670305944,1.22451697128659,1.19532443027644,0.0764839294508297,0.149123134262468,5.76498884831638,"59"
"60",1.64693898573754,-1.01765169123513,0.185882777646409,0.481735141631574,-0.700221108582922,-0.321751668439962,-0.437769682256596,1.93598114335236,"60"
"61",-1.14853097760643,-0.389274092324616,0.569707926198982,-0.39213094413126,0.115462240216122,-0.0878568784106602,-0.134760133258796,1.21270677637949,"61"
"62",-0.660798691638186,-0.705636384333125,0.453948539726335,-0.179830596952932,-0.937904887735504,-0.118388039818141,0.43705378901402,0.966735546964869,"62"
"63",0.409441843656962,-1.62629358540008,-0.535249098052105,0.49888068722047,-1.04385725047472,-0.313971995016342,0.42221151797,1.67704306720211,"63"
"64",1.56250924455195,-2.16804395539542,-0.332163787094994,0.67010317202568,-0.33855030584877,-0.174363347897591,0.399017270605814,2.6724239431342,"64"
"65",1.27723729856572,2.03413025200694,-0.670900930939696,-0.191478734490721,0.242791858282647,0.09504990313602,0.280142327980914,2.40187863951892,"65"
"66",-2.75266732459106,-1.22547109197997,-0.765794512102055,-0.218744538977119,1.17193348284438,0.12411629559243,0.171297848438662,3.01313073017914,"66"
"67",1.31192046716728,0.0127781899066234,-0.738332561904463,-1.33639933851833,-0.586369522692693,0.422288774835493,0.189411856973516,1.31198269588806,"67"
"68",1.11566264641227,-1.44057399693128,-0.172898560988235,0.557846263716711,-0.787025985321333,0.443556618975724,0.0748308722298735,1.82207480121816,"68"
"69",1.38496280065737,2.5926900529963,-0.0981315374098223,0.0773114515671419,0.457761871704835,0.00236378536937243,0.236586632032465,2.93941553205916,"69"
"70",0.0631785102901919,0.138086341622568,0.554763072737013,-0.00820521507677832,-0.827561961514128,-0.160936181247134,-0.0489491050242282,0.151853093169657,"70"
"71",0.994741403172732,0.900739981044966,0.35678441425454,0.362745644165003,-0.0762178855284194,0.439073074463326,0.187334697094935,1.34195490708106,"71"
"72",0.0266223426030959,1.06976856361976,-0.361192898373006,0.227488256971541,0.110014922194148,-0.067151981880961,0.128602071415765,1.07009977517742,"72"
"73",-0.095878388641361,-0.648280360384441,0.3553161919934,0.0205689297341794,-1.19676619775501,-0.0987088630737841,0.209174277153739,0.655332046422761,"73"
"74",0.29176083385156,-0.0400773324128993,-0.129748756761684,0.366665300944388,-0.891569917629069,0.027415791527559,-0.228917967017389,0.294500554741569,"74"
"75",1.3633858381923,0.356422756964975,0.112700438309572,0.512943664690465,-0.135034118127654,-0.224878522120589,0.16054670335855,1.40920478478674,"75"
"77",1.29681492020239,2.93724300041739,-0.287905640340477,0.637693106802375,0.598819570121311,-0.0489071805066239,0.218657331392927,3.2107826741716,"77"
"78",1.13282547051956,2.00204930476285,1.36094344130701,-0.373162419591391,0.0626100037537514,-0.130105426207382,0.273113279238008,2.30032496951176,"78"
"79",0.100647934805785,-1.65018602578706,1.04337141362588,-0.295652453578436,-1.31445060236965,-0.350514897565216,0.704165174353322,1.65325252955608,"79"
"80",0.364861701688788,1.02364837222076,-0.316068576615705,0.493441389012798,-0.158947606632821,0.0570693259246486,0.346171873365472,1.08672906067218,"80"
"81",-0.293862044075463,0.137638139982041,-0.632711954406638,0.384074631620119,-0.560038171962489,-0.124076036814042,-0.520115380066747,0.324498318217407,"81"
"83",-0.804848864462701,-1.09239728966874,0.00381976620382786,-0.015215211615253,-0.552311337639485,0.283618938024736,0.285783364905505,1.35687638829132,"83"
"85",-0.0828549857670976,0.911976634613682,0.562496487765938,-0.0393550882474101,0.108826046383637,-0.113556653360852,0.176405039786098,0.915732674282055,"85"
"86",0.136852427051322,-0.120370051326904,0.397169206906166,0.0549268028719648,-0.882185312254268,0.0173902493936147,0.0133865746626378,0.182256786008858,"86"
"87",-0.0324325196741866,-1.07121945747585,-0.741020036612217,0.520563246878058,-1.17553964450025,-0.0675351607471689,-0.034717429202146,1.07171031272787,"87"
"88",0.334991881717016,-1.56419164514752,0.451488150832048,0.0361908176566789,-1.21591235614339,-0.339179318837376,0.509342394894631,1.59966092143479,"88"
"90",3.85909587887629,0.640373677180251,-1.63695551793992,-6.36680908166725,0.0970433784392184,0.588177729581277,0.0323222440197768,3.91186649168722,"90"
"91",-1.13399962953245,-0.418843871718449,1.17443436747494,-0.639179331712292,0.191646023157824,-0.0963027546322131,-0.204292054396385,1.20887772278914,"91"
"92",0.760901628180615,0.955441281409708,0.154525922479345,0.379762003793503,-0.434082359682833,-0.0660454043065243,0.118271408920523,1.22140874812232,"92"
"93",1.32406140767591,2.55797603131818,-0.152486725212336,0.166717380701185,0.441375324667436,-0.000901076768349496,0.234930707862983,2.88034372742127,"93"
"94",-2.59223636915912,-1.44591629716947,1.10988213864244,-1.03946413736279,0.934871946575381,0.023624899424288,0.313332898159904,2.96822562013259,"94"
"95",2.03250088595545,1.73741333068005,4.41330813545172,-1.22016268035057,0.042418767254264,0.270786923141798,0.158621025672529,2.67388573671996,"95"
"96",-0.622484615443725,-0.221996426411714,-0.554717041934675,0.250316830420439,-0.439462798761655,-0.00691378120599598,-0.0455401232342364,0.66088539838893,"96"
"97",-1.02102701394802,-0.576879194767963,-0.910632594402387,0.35038072516013,-0.257126752952309,0.0726768943222473,-0.148623744907933,1.17272578575204,"97"
"98",0.693618678019589,0.198414197023911,-0.674266767628146,0.731684308380394,-0.626167709418994,0.257839614576815,-0.135126741018016,0.721439577565777,"98"
"99",1.10946323253867,-0.644844243365362,0.739602037757449,0.190812698620213,-0.879208799274354,0.677262814257558,-0.369910941067886,1.28325085722029,"99"
"100",2.74250310976532,1.17541835401098,-1.97123296848823,-3.68794476704348,0.310090372817901,0.613158834355872,0.320595297927075,2.98377807720654,"100"
"102",0.0253309540668318,-0.845934438697829,-0.474714142309891,0.437089916628205,-1.21114688093055,0.155146677000857,-0.231759734399121,0.846313613153509,"102"
"103",-0.502504767068821,-0.465069291911025,-0.269813289184679,0.202688072065476,-0.702988792928044,-0.0262211801193484,-0.263580965049808,0.68469006653048,"103"
"104",-0.73457057352568,-0.731885010825619,1.23984868068363,-0.560359705881899,-0.583346957985737,-0.00945486465632039,0.517416349263518,1.03694242683047,"104"
"105",1.08340403070445,2.21213135200299,-0.0394565051355878,0.584599553887891,0.309576428098486,-0.0248559462142614,0.258580660013027,2.46318684071291,"105"
"106",-3.26110328940468,-2.3780938911698,-0.755386060080079,-0.385081274190265,0.735972841504848,0.267868412436292,0.65726662226292,4.03610272656496,"106"
"108",-2.10859358100293,-0.832542619241004,1.86035020491035,-1.23764510340815,1.18012713868779,-0.0018600373970688,0.0483851165368366,2.26700112542968,"108"
"109",0.13253957566315,-0.135525830562631,-0.638676387336728,0.391589620378752,-0.840321314561401,0.120492324831298,0.184700290980208,0.189562627821675,"109"
"110",-0.584090251350586,-1.53518271072279,-0.404386365259305,0.208020602656467,-1.2058864481825,0.00451251420085813,0.645153083607375,1.64254296048078,"110"
"111",0.21317351747649,0.0865566872904365,0.783389186006199,-0.0676917368402604,-0.728106813612461,0.0142950397098939,-0.280169207378011,0.230076093212646,"111"
"112",1.89078192548031,3.0432463941896,3.70330554881267,-0.973822159243754,0.322324430053812,-0.325816067674428,0.274961871108303,3.5827928917914,"112"
"113",-0.231272427553859,0.702328354099966,-0.939790576429552,0.607279747689063,0.0820062481324087,0.0746160572219484,0.204725763618151,0.739426840680957,"113"
"114",-0.657101201454839,-1.02849040903536,0.0881959071720708,-0.044904723410728,-0.963385962683035,-0.0173839959564884,0.0921800734099988,1.22048126181073,"114"
"115",-0.803192545285926,-0.984837766936934,-0.937628984673787,0.304562174766224,-0.899288521964772,0.0297053589223985,0.19278180150565,1.27083582416778,"115"
"117",0.492145035451261,0.0399602728726383,-0.447564932599161,0.574448475954636,-0.796093813188847,0.236038590596741,-0.268088240327938,0.493764680113289,"117"
"118",1.21176925360888,1.28692789090766,1.92880853742325,-0.293961240001234,-0.276092847924046,0.0660025142443482,-0.020833416366303,1.76764479474465,"118"
"119",1.02021974265537,-0.716713637586269,2.27129764464,-0.557304120998186,-0.810731049898997,0.723945461991881,-0.398927140907248,1.24680662558632,"119"
"120",0.443408989288393,-0.575254645065204,0.397794143159588,0.147087502243782,-1.27939801595106,-0.0951012242477224,-0.234032749136588,0.726312218299298,"120"
"122",0.756553078530245,0.611253173784265,0.159750179119471,0.299904586432016,-0.538956617558018,0.20502115794675,-0.269129393265943,0.972626857070546,"122"
"123",0.253011911227038,-0.380611447722816,-0.697514421037338,-0.182885604639953,-1.03489538599892,0.0597535584101496,0.0488535378919714,0.457034026479886,"123"
"125",0.14202251712332,0.966855960483258,-0.178919422270402,0.36638362736887,-0.182817810504984,-0.125467573600319,-0.247145417133722,0.977231213015654,"125"
"126",1.79446939149919,0.363417562344362,-1.20263751969592,-0.89989407620125,-0.61969423748383,-0.0873660386120754,-0.63998914049801,1.83089942969236,"126"
"127",0.43446798619762,0.938171698698846,-0.650007552961111,0.118284741844963,-0.291175737435552,0.0353578796695741,0.400150599113856,1.03389001700862,"127"
"129",1.13907614312119,1.42070597701278,1.49080457692559,-0.521216632329675,-0.342235241194224,-0.0864796778974509,-0.103449596656909,1.82096126618544,"129"
"130",-0.263231952145826,-0.528168274345026,-0.68622093893967,0.131570555580818,-0.985102319712556,0.0309681150083496,0.247249244086168,0.590129466011574,"130"
"132",0.00373751781340631,-1.70423383346974,-0.644200076290422,0.496378919600262,-0.957795437626227,0.788657766620049,0.504956804290657,1.70423793179895,"132"
"133",1.79615031227147,1.20918797519345,-1.75394918650847,-2.11213582816226,-0.0241207532738854,0.213680542655317,0.259051180531452,2.165246291678,"133"
"134",0.414596587239514,0.0297950624649619,1.66274083506555,-0.418774656032399,-0.716740583545822,0.00448086287965452,-0.300502061933217,0.415665822383731,"134"
"135",-0.189333283447353,-0.0922767844706746,-0.408882555766853,0.0888147433213276,-0.708679259434846,0.00812767160487282,0.19141127453258,0.210623116426481,"135"
"136",1.8899177769005,2.19028176413,2.61767933557313,-0.866622849527307,0.21564002411571,0.153427432060301,0.102492729228162,2.89294372736923,"136"
"137",-0.34562389753566,0.838571692433475,0.146188860562507,0.0769940587353945,0.442896680531423,-0.108516220085028,-0.689239816979148,0.907005160899585,"137"
"139",1.57847620666658,-0.298721619052279,0.453807958500438,0.103917098826844,-0.674083399734655,0.288559508793253,-0.411476575480836,1.60649361676346,"139"
"140",0.666357758567959,-0.547737615466227,2.62222669995264,-0.794382329356385,-1.13072042299899,0.184459302139058,-0.299108760362769,0.862582841123299,"140"
"141",-1.40248398212268,-1.01069089960259,-0.701238687875118,0.135996075315866,-0.450520994382581,-0.074227941295747,0.0270196141753242,1.72871553896244,"141"
"142",-0.425722989381563,-0.512854085322687,0.486302871404898,-0.315560510692505,-0.891984249634959,-0.119345586955826,0.0637557231870286,0.666527851271156,"142"
"144",0.66725818991149,1.91148286851345,-1.09109268750399,0.64838066934008,0.190425132432758,-0.0224310001893108,0.236524168850435,2.0245987870747,"144"
"145",0.365351848991267,0.00106529740488699,1.35103393265048,-0.532234856056203,-0.719513067081005,0.079621930937675,-0.135497506559007,0.365353402091589,"145"
"146",0.321485945261641,0.260045005172485,0.0427323969409529,0.11146341423529,-0.982140644730028,-0.150066967368421,-0.32462304643134,0.413493189443222,"146"
"147",0.349084579814648,0.743605916975917,-0.979264029338483,0.790141986014352,-0.393293435765509,0.0605416940339246,-0.451419889688559,0.821468078275695,"147"
"148",0.522108214832169,0.613249655444944,0.511845606107757,0.124780898168418,-0.573319359379667,-0.00719495662100589,-0.397242239558472,0.80540184249763,"148"
"150",1.11277733022233,2.11768582404423,-0.2257390459687,0.0236418108986878,0.191898075878099,-0.033767087535758,0.268836066028865,2.39225137391843,"150"
"151",-0.446699305993621,-0.838296223283856,1.92117582818037,-0.820705202081382,-0.833751337746808,-0.0122589815546842,0.320305392726534,0.949884639283718,"151"
"152",-2.21467157863643,-0.825136610123455,1.33323136558729,-1.02551482448126,1.20094176348709,-0.00460044604872845,0.040423115436863,2.36339176324748,"152"
"153",0.0536517041417898,-1.03190855368701,-0.46010369272466,0.417920314891201,-1.18553568387101,0.00200163109623748,0.375404137976986,1.03330236065236,"153"
"154",0.142527575144758,0.721314767320799,-0.0922749077752025,0.323156473638936,-0.299424442832696,-0.0245487093765558,0.108956719257453,0.735261248286419,"154"
"156",-1.6686366565675,-1.31635821782386,0.218395578235162,-0.364907112377213,-0.117051901932986,0.0410835198187393,0.0894865851670542,2.12535814611871,"156"
"158",-1.67040584843356,-0.583139918944654,0.923759878677024,-0.678948333631783,0.621764074888809,-0.0826877692858162,-0.194837373890818,1.76926760653888,"158"
"160",-0.154353714154406,-1.51211955624043,-0.0423826062000047,0.166078859374984,-1.15887136006669,0.247852743695707,0.626396145777647,1.51997717793328,"160"
"161",0.861293764745204,1.25013271470845,-0.282026017879809,0.601869872115223,0.36447551705703,0.520559041121875,-0.209185161235418,1.5181102573836,"161"
"162",-0.918882060080076,-1.11461417563776,1.2132525440679,-0.609635921510421,-0.897684124526716,-0.158213778448623,0.277390270688879,1.44454456520719,"162"
"164",-1.47557151563126,-1.21860759436468,-0.907551978910604,0.207001679522502,-0.478614971079938,0.0196028914987236,0.231491469510887,1.91371778660951,"164"
"165",1.07558157911246,1.41892810038446,-0.255304814464859,0.18543594320197,0.179855507732579,0.408715633554541,0.293977929901213,1.78051472540575,"165"
"166",1.26401001935653,0.733716426108124,0.331437964272565,0.424046454453839,-0.0391539311062336,0.233300266714943,0.310696649811462,1.46152698332072,"166"
"168",0.563450846891338,0.0937339296768897,1.06842213577482,-0.108812500826496,-0.84386155083357,-0.0085526033798053,0.240809940910732,0.571194280814539,"168"
"169",0.138967332393851,0.218068131545534,-1.03943477537492,0.366763287033086,-0.667712119476272,0.0443962416758884,-0.223181880580481,0.258583892515415,"169"
"173",0.458032042580998,1.39925646890871,-0.5861510681962,0.64880286845558,-0.0275598879312171,-0.0114620435069847,0.291874283730557,1.47231518969743,"173"
"175",-1.21081908420976,-0.509906911942532,-0.0014846108336674,-0.120760995824135,0.114633450554145,0.00885245487133746,-0.195068567332639,1.31380664998063,"175"
"177",0.0955025108213651,-0.545566004810945,-0.54356530012662,0.496297511351644,-0.945392628421423,0.250799948231572,-0.106667984250969,0.55386189179123,"177"
"178",-2.21209193365773,-0.827263909936434,1.33348656394244,-1.02488944072272,1.20249481420349,-0.000669670922322896,0.040473541689156,2.36171892900847,"178"
"180",0.0244898316088718,0.922666983114651,-0.960175233305542,0.692016660596606,-0.0845472314699923,-0.0533588556200466,-0.41946843592511,0.922991935816409,"180"
"184",0.999859591494382,0.558400160761617,0.444899773625105,-0.0407133403072538,-0.739825968544823,0.0992204226819073,-0.440231008759636,1.14522047756836,"184"
"185",-0.992586931671195,-0.539092230338456,0.0301195119400246,-0.0746211577134809,-0.26381738002362,-0.0556390934301674,-0.199415924965803,1.12953497056786,"185"
"187",0.206803075878462,1.0059316575717,-0.924208203013477,0.28922108886048,-0.220357559074958,-0.0915735956819896,0.138306023636119,1.02696933347483,"187"
"188",-0.621823730668673,-1.08604072005655,-0.261019460626879,0.149217014034893,-1.17915302506578,-0.0242796372645642,0.646152051028226,1.25145882778606,"188"
"189",0.471553612625247,-0.480290270888541,-0.940970502142133,0.775941461886025,-0.741353336234155,0.386886848308996,0.230961433852281,0.673083615823554,"189"
"190",-0.445306526117351,0.244420876071935,0.828936542858386,-0.274788240559524,-0.083627797952887,-0.137078824579751,-0.157679128718208,0.507975852637185,"190"
"191",-0.901575054371362,-0.085860669754148,-0.233496789591909,0.0804337587003472,0.186735037166035,0.0265482419380444,-0.239121960285971,0.905654257029334,"191"
"192",1.61697724368098,2.93513420950657,0.59584303312569,-0.198851596006528,0.552493996506809,-0.0845999678897942,0.235840711949894,3.35106374669267,"192"
"194",-0.0182223137285967,-0.571364746859142,0.0270563421166203,0.197683573603579,-1.14010605249022,0.00792605986432481,0.0859362311959225,0.571655251590533,"194"
"195",0.42701869272996,1.71607235096095,0.328236542468279,0.143303732703672,0.323646205197346,-0.124811826845585,0.10846477755878,1.76840303032805,"195"
"196",1.03276379417249,1.96439562306934,-0.525777875506026,0.412949828129748,0.290351443478336,0.164863461540722,0.249152647975843,2.21933576064721,"196"
"198",-2.29948496811687,-0.835266423694896,0.808216185127461,-0.808229363085233,1.23455854331115,0.0250614306880646,0.0328767895575072,2.44648750602726,"198"
"199",0.333665454192735,-0.245181188758171,0.0308232640333713,0.296623165030909,-1.04772720483858,-0.00346533853853885,0.0480407459694955,0.414060926244573,"199"
"200",-1.20735606786058,-1.40471809103196,-0.949721140575988,0.29444018534255,-0.970879037666233,-0.0399942910592725,0.508915121032811,1.85228010567307,"200"
"201",-0.252654477165234,-0.560323632022559,0.37463777009313,-0.0259225813187619,-1.01675875952303,-0.0743583513050861,-0.115762532537498,0.614651818051968,"201"
"202",-0.78783902016087,-0.916249362591441,1.10924803606992,-0.600459838633988,-0.607945749403032,0.0126509441662846,0.293990012440961,1.20838868586944,"202"
"204",-0.738217605002379,-0.761460010223204,0.0548443144675323,-0.100756412223597,-0.817851863645817,-0.0796880086816172,0.0873123386528332,1.06055955962151,"204"
"205",-0.211843016425397,0.109007092144968,0.562600760518242,-0.087305914673053,-0.353893078638248,-0.0635395922146071,-0.452935679923058,0.238243593294999,"205"
"207",0.555385384190294,0.220203905176342,-1.16590425520204,-0.255306295249547,-0.818284668018111,0.0249147642165347,0.0170395271296835,0.59744680501875,"207"
"209",-0.586124697217271,-0.263892121045849,0.729049556160672,-0.413446814589841,-0.3563403679545,-0.138243535447872,-0.451252017902806,0.642791733174995,"209"
"210",-2.07994271017148,-0.812944478546862,-0.824984668576883,0.00570635897813249,0.673241864071806,0.0548792466747411,0.135923622645791,2.23316824328023,"210"
"211",0.833035384396198,1.99628334568369,0.620649121221029,0.0740265532803449,0.251707740331526,-0.0978966147489766,0.186706822982246,2.16312162115545,"211"
"212",-0.0916728936744871,-0.15184295880909,-0.598827305356246,0.47386155170111,-1.06980309242967,-0.153485142411124,-0.525074599483924,0.17737024433245,"212"
"213",-0.392205554498336,0.338841012436264,1.09180305437868,-0.461409104499451,-0.0488692762109834,-0.173874585625922,-0.101289250044346,0.518303413733866,"213"
"214",-0.536713858890013,-0.977230075752574,-0.0359547501451447,0.0764896522203793,-0.960793128949064,0.0578227707003109,-0.0858670733694861,1.11491721095335,"214"
"215",-0.213461280197537,0.179993046563955,-0.288467900310223,0.305361777411953,-0.35951665089259,-0.0184736231868601,-0.603790744271987,0.279218937314333,"215"
"216",-0.450883965721167,0.539998939618152,-0.549553731606275,0.33589207470624,0.233621246448422,0.0190860055056004,-0.208429632936438,0.703487885704633,"216"
"220",0.642752517797008,1.89373928880642,0.493516903224592,0.103750952563095,0.25672545874892,-0.144233839082993,0.156844058520362,1.99984481725544,"220"
"221",0.204086344775485,0.908876681341152,-0.79490368909927,0.666886371312067,-0.202157742334573,0.00668490675276628,-0.185177608653972,0.931508485205327,"221"
"222",-0.528119510652241,0.017774737234499,0.253836982333617,-0.0357973678711677,-0.0829459546855176,-0.00154816576566,-0.309700798591184,0.528418545109194,"222"
"223",-1.43597132196912,-0.888660475948203,-0.905283643682637,0.197106624721449,-0.224444762780428,0.00448591864381059,-0.0607954695808803,1.68870692514428,"223"
"224",0.233949097769503,0.973116438865004,-0.981114546121756,0.760436812729528,-0.225639024958868,0.0359583072615619,0.385829230742293,1.00084353619158,"224"
"225",-0.498315719135486,-0.647858281317523,0.0627319237978664,0.047539480009297,-1.0154545471535,-0.0908573051564582,0.0500115901315047,0.817336472090418,"225"
"227",1.3786444148371,2.12127501634969,1.20041967387786,-0.226099996544205,0.147219516540544,0.00258171130760097,0.0244296012954952,2.52991464629756,"227"
"230",-0.552367718122998,-0.3873769993207,0.190396753446271,-0.0224945681871221,-0.693954040666861,-0.128155475157583,-0.120755165752724,0.674663646291333,"230"
"232",1.40299549843609,1.2736925918323,6.03168438781847,-2.34514843115505,-0.371136114998197,-0.274414908839675,0.333768147198936,1.89491139294701,"232"
"233",-0.0947089959960509,-0.392022034130175,-0.53087924826067,0.300617433796404,-1.04245996532798,-0.0660557955510522,-0.523798084048385,0.403300222125082,"233"
"234",0.230041349025985,-0.0847063996515577,-0.26880141849586,0.359613169435353,-0.972767248334952,-3.57855109425487e-05,-0.415455513932339,0.245141176475158,"234"
"235",0.122348046498453,-0.419604610026321,-0.673734536518515,0.55942339030404,-1.1843216731018,-0.0251761480717364,-0.20836174440064,0.437077880059525,"235"
"236",0.831529020885736,0.0643918436754312,1.27923522637668,-0.276351071414808,-0.191510963012916,0.72861054787489,0.0572422175367053,0.834018478276778,"236"
"237",-0.00823693948905055,-0.720752188054704,0.835553991107738,-0.165432316978438,-0.866881132113355,0.3006282288066,0.221823008158723,0.720799253438702,"237"
"238",-1.59771824503832,-0.858316601070603,-0.877885561973358,0.166600473120339,-0.00740097386631738,-0.000785413941167046,-0.143994585132048,1.813673338339,"238"
"239",-0.754414829877262,-0.368723032256236,0.278278677272306,-0.118763482351064,-0.471550423629105,-0.0782037785771825,0.31080107629176,0.839701381477351,"239"
"240",1.20117238046766,1.46365290584466,0.294860758879981,0.0792214787710193,0.207778478845925,0.44644544240191,0.296141456493455,1.89343468764726,"240"
"242",-0.363436764974081,0.591371100653013,0.842084568571202,-0.251802742478325,0.267356368409725,-0.0571051059792045,0.125510461267014,0.694122511392897,"242"
"243",-0.321072437178456,-0.192258447636349,-0.0749177165941698,0.170802820802685,-0.606388167087804,0.00179396282371264,-0.280673334820943,0.374233644403135,"243"
"244",-0.354472687383843,-0.931123323203175,-0.225044908641812,0.215626847939269,-1.01298041643216,0.122597290679607,-0.0927599850656445,0.996313971152692,"244"
"247",1.25440604776628,2.98606252712261,-0.158663287497255,0.593446310586403,0.556648888534943,-0.140807903144053,0.219285390973464,3.23884299535474,"247"
"248",1.30359387239185,2.94549987179962,-0.153797248937256,0.605370923040103,0.586261950372466,-0.0658571718781587,0.220246902218147,3.22107536063799,"248"
"249",-1.6731347798049,-0.93840717886655,0.909490710207523,-0.678241852541894,0.278493784079464,-0.0406219857536065,0.00888712219529221,1.91832948805493,"249"
"250",-0.390052616854933,-0.198215909882205,0.427622371606933,-0.0819677949666998,-0.659985534956269,-0.12578597462951,-0.0960045244476902,0.437527817225158,"250"
"252",0.521922306838813,1.57108438987402,-0.092895516344735,0.364516886079056,0.451346918179113,0.152213758429621,0.105412917044936,1.65550869960921,"252"
"253",-0.933718772953902,-1.15849591790935,-0.319096994339214,0.0901056442832943,-0.911276685691716,-0.00131879189132755,0.222086368502653,1.48793263919412,"253"
"254",0.878683819717974,1.37606355147967,-0.28693384182312,0.276475486308281,-0.339622908525262,-0.0482968407718584,-0.422582972148789,1.63267760220596,"254"
"255",-0.817791179589105,0.244209350653451,1.76083007045859,-0.809209502632761,0.544241352796704,-0.121192650554836,0.0326803437302566,0.853475612047773,"255"
"256",1.15102854060415,2.93264348653781,-1.01949963420762,0.987460374225834,0.639063809115831,-0.0229484018700069,0.207505622346893,3.15043878220447,"256"
"257",-0.445807539193583,-1.18009276035851,0.782461597560236,-0.290285343184735,-1.23518938718885,-0.160783753323955,0.764505887335088,1.26149248315335,"257"
"261",-0.0488587360382568,-0.812165863662278,-0.380419422947212,0.377320606971724,-0.846029745859048,0.385438546675115,0.178845407227721,0.813634172208585,"261"
"263",0.695298488971087,1.77412448311693,-0.691587455100696,0.499105917614915,0.252864106949956,0.0696776919876256,0.196798915278775,1.90550719504293,"263"
"264",-2.55273405756666,-0.866638085659361,-0.766711525542,-0.156084225420365,1.33612596055813,0.11586198648398,0.0102610948324851,2.69583247628187,"264"
"265",0.514869710494346,1.38721533839705,-0.981664392688095,0.465379966434149,-0.00407990215350792,0.0540471543731018,0.286767743342643,1.47968145689151,"265"
"266",0.845824291613308,0.759507729130946,0.806799752893165,0.109822366511195,-0.271798859962634,0.280072975081836,0.354436747590983,1.13678085966153,"266"
"269",-0.133274254029534,0.521718565168686,1.02358212149976,-0.2986575358129,-0.153455213412497,-0.19118402146977,-0.45843180245933,0.538472179438085,"269"
"271",-1.8223729000758,-0.948789935164621,0.0336856146689152,-0.318010365662353,0.32977618369966,-0.00319656547701541,-0.00384417217012284,2.05456694415158,"271"
"272",-1.26184326749424,-0.98957652021524,-0.650878128302097,0.154258000740617,-0.645575241544338,-0.0650618429544207,0.17773977837098,1.60359287884483,"272"
"274",-0.688680020514313,-0.694806100014037,-0.352038593208968,0.155720907769046,-0.860399507900057,-0.107666305247934,-0.295726750507321,0.978282008048963,"274"
"275",-1.10265099700158,-0.642025423695236,1.01145881537716,-0.558977608880908,-0.228391358822432,-0.0745923214177573,0.492681339807694,1.2759450873214,"275"
"276",-1.12074142489468,-0.0114573278778398,-0.510904338791911,0.145862335905377,0.328050342209932,-0.0106638304457767,0.128925316550872,1.12079998743623,"276"
"277",-1.59476421513059,-1.59466675229009,-0.920829663291682,0.170157870328717,-0.759109819656897,-0.0261584749789816,0.492933630026903,2.25526826624251,"277"
"279",-3.03995073429153,-1.81709896748869,-0.473014665242452,-0.444290825119104,0.87925128574146,0.115101753775934,0.444100124232233,3.54163085662073,"279"
"280",0.915333361680789,2.36855099940878,-1.09350666581043,0.726824356563796,0.398034387560949,-0.0177805296944323,0.211302050678661,2.53926544492815,"280"
"282",-2.56034753308107,-0.860359646117623,-0.767464709194881,-0.157929961547673,1.33154234006011,0.10426083189696,0.0101122685248784,2.70103650675477,"282"
"283",-0.858286372419034,0.530705321610494,-0.909330513795744,0.3572500650714,0.575348205635216,-0.00440137818025249,-0.0651026050439141,1.00911031877884,"283"
"284",-1.73975262250067,-0.393882546877696,-0.842317111915984,0.116627009148063,0.677935685190147,0.030930207864711,0.0716999280016588,1.7837832402601,"284"
"285",-0.0162838883693559,1.47129900481509,-0.40923196052057,0.43473366180189,0.504069627917066,-0.0874553306385183,0.0130281986910313,1.47138911460916,"285"
"287",-2.55188078821512,-0.867341732768536,-0.766627113564071,-0.155877367190442,1.33663966325314,0.117162169249774,0.0102777743275126,2.69525086748216,"287"
"289",-1.76961462324905,-1.19034201360762,-0.463170611598861,-0.0780337325901456,-0.0392684889369929,0.0712516206372517,0.397745987693795,2.13270954988632,"289"
"293",-1.22751971330286,-0.928495740753444,-0.682137864675996,0.179402551418151,-0.425372343516046,-0.00577465142115324,-0.143058403036594,1.53912604654213,"293"
"295",-1.47413455076062,-0.159479601762562,0.221738878184055,-0.293454568842172,0.845254420019671,-0.0333327403755333,-0.509518416246655,1.48273612525107,"295"
"296",-2.18684107503757,-0.97941038270028,-0.814753451747446,-0.0315204311106919,0.693235827042752,0.0720510007208444,-0.048560343526936,2.39614661179415,"296"
"301",0.304659269434945,0.951617825377357,2.78433352191647,-1.03249447941227,-0.032153613664864,-0.225611245271928,0.208514696736148,0.999196555252551,"301"
"302",-0.74601868939934,-0.825886660524712,-0.47023025058481,0.225019255543447,-0.164823085540438,0.332473019936307,-0.677850964338413,1.1129387498716,"302"
"304",-0.234980444554495,0.110331676435181,-0.342217714940673,0.21254685374072,-0.534486415339138,-0.0566082567460487,-0.17657189739384,0.259593698205533,"304"
"305",0.155304035233216,-0.277377588378962,-0.932727212164111,0.691413373363086,-1.17873545773839,-0.0687001197103438,-0.624407403291873,0.317895690273789,"305"
"307",0.219061537193573,1.02351941824848,-1.02796158194865,0.590092362924606,0.000484191680515826,0.13325856498235,0.285847500081099,1.04669955412684,"307"
"309",0.689832507605389,1.78257209895529,-0.601901282723027,0.725983206175188,0.0675637095982396,-0.0595767394441445,0.291275448513432,1.91139534804368,"309"
"313",-2.99578848259165,-1.67971377800665,-0.76414861476134,-0.295485657777932,0.970985516446105,0.142260331164338,0.372860696370293,3.43455776024427,"313"
"314",-1.89832605759363,-1.87835907539246,-0.547219361147904,-0.0952110433412483,-0.341579703152589,0.020404601704831,0.276344029220821,2.67055699003938,"314"
"315",0.320145391522043,0.218144480761386,-0.346021172378211,-0.0661721242844433,-0.774714261943875,-0.0196344739557979,-0.142053126884372,0.387401711663045,"315"
"317",-0.178680338847301,0.161750088829714,-0.988750885781399,0.633647195890954,-0.760927206143849,-0.106068906934063,-0.0502287966352585,0.241018162649636,"317"
"321",-0.505156626707381,-0.252643703656284,-0.406973894836764,0.21518064747656,-0.609998465489501,-0.0447910847537095,-0.224018751758448,0.564811524761619,"321"
"323",-1.54495743954171,-0.181146657771199,-0.301892254162348,-0.07277738804926,0.887294047682634,0.0176473846508326,-0.516791259331365,1.55554093537167,"323"
"324",0.351492296145872,1.64490334798636,-0.540276421480562,0.521405164939619,0.419306046761848,0.0249330065225932,0.0971743814589283,1.68203860195497,"324"
"325",-0.0621809984184339,0.63829496312649,-0.583918342904825,0.327610893648167,0.0923621195593318,0.0977200452377938,-0.353917605005888,0.641316564979387,"325"
"326",-1.10724353297033,-0.951924136787941,0.0357955139644059,-0.117084843612571,-0.583057072243204,-0.0605906961539092,0.0198755254112846,1.46018759188814,"326"
"328",-0.48323638146511,-0.142903566029824,-0.955967175193232,0.529043131825963,-0.580681128870722,-0.0658120419932922,-0.523380638045403,0.503923436203887,"328"
"329",-0.104733704906566,0.0688117191219204,-0.0101230403413134,0.124143027896705,-0.468309496596431,0.00290276641310708,-0.548020281338105,0.125316406076657,"329"
"336",0.376662447188151,1.3656997249805,0.338248918119243,0.146858841902616,0.101425692893491,-0.143211147737422,-0.490867857279762,1.41668992300135,"336"
"338",-1.647472714255,-0.403255156871255,-0.402667416990634,-0.0592072119653746,0.662927030957587,0.0391284963467818,0.0784108050085735,1.69610762210362,"338"
"339",-0.134216690763461,0.322641079725511,-0.85612212672892,0.588743388846878,-0.52623180108028,-0.0218090130581096,0.153706873946698,0.34944439672992,"339"
"342",1.26870286090134,2.95134457200682,-0.393372991661062,0.650685955130136,0.593493446054055,-0.0739220431595659,0.217001247241797,3.21248217613317,"342"
"344",0.18727697074191,0.885839217943678,0.0235767577576511,0.28563363563331,-0.227258944682035,-0.163326324500729,-0.894539574343265,0.905419120527799,"344"
"347",0.0282137496116799,0.628551036232966,-0.761673226099455,0.543665514467192,-0.253808864434228,0.0406376096442014,-0.104517632423552,0.629183932420946,"347"
"353",0.0415416543787253,0.175132334997364,-0.481733441060261,0.464022572477092,-0.80982894447389,-0.113276447196734,-0.56832914088245,0.179991788174212,"353"
"354",-1.31246524069531,-0.132657861525406,1.27098202497542,-0.72995462213379,0.773230141931188,-0.104781813829999,-0.494581315091788,1.31915242343631,"354"
"355",1.48124589691166,2.88659492532303,0.252570658786807,0.359575155208726,0.608560465857532,0.0302152735217222,0.228406395959286,3.24445984256522,"355"
"356",-1.53452008357676,-0.189753805489412,-0.300859710499835,-0.0702470581175981,0.893577758539199,0.033551472054797,-0.51658723251779,1.54620774593783,"356"
"357",-1.44453579839494,-1.06273332289273,-0.90771293215499,0.219945954450608,-0.428192647886726,0.0206733455388319,0.266934477957736,1.79334486043013,"357"
"358",-0.96264735808654,0.11456788022788,0.446566120885244,-0.247314038905193,0.511466157251073,-0.0712801446532537,-0.546573710650616,0.969440939516639,"358"
"359",-0.0383915053651981,0.349061849148934,-0.739280220486039,0.399893722477391,-0.534864114280228,-0.0287256764404274,-0.134103578760064,0.351166744176437,"359"
"361",-0.0138160877482951,0.748237131387764,-0.193699456904033,0.326801945494369,-0.0847200443044455,-0.11464487446516,-0.954978044457287,0.748364676523457,"361"
"363",0.0449378643821937,1.42081259127609,-0.403175433079733,0.449575661440129,0.54092760169074,0.00583229029284912,0.0142249461409929,1.42152306741182,"363"
"364",-2.54873063581157,-0.869939500552184,-0.766315476219215,-0.155113675222595,1.3385361825368,0.121962264152168,0.0103393527156916,2.69310649409662,"364"
"366",-1.51871497063437,-0.375983293049657,0.471111601906811,-0.424403759941219,0.599314615427624,-0.0295042240741676,0.0907417541138664,1.56456338915412,"366"
"368",-0.993903631113879,-0.645881196902356,-0.0184022969302964,-0.0527521932879804,-0.175606671004764,0.0516830850782207,-0.367792878064547,1.1853298901375,"368"
"369",0.544782934254685,1.68568412918127,0.770407343975506,-0.0263523172808958,0.323980151354727,-0.0777813796000651,0.115673815913499,1.77153025061069,"369"
"371",1.65709143534119,2.29727106052896,1.69785982112643,-0.398780082636034,0.381044151523051,0.179875968999525,0.25964089704655,2.83256179996571,"371"
"375",-1.66012414709727,-1.04509480642965,1.25344778320898,-0.834613123625295,0.144479697481783,-0.0551947276529683,0.26591796206758,1.96169195803054,"375"
"376",1.75625569483576,2.45441358346985,-1.0013533560377,1.04352737028114,0.989344758478534,0.857063149693225,0.219116234827139,3.01804242918558,"376"
"379",0.221306573604728,1.2371725137037,-1.0523771833989,0.576024716981511,-0.0469007913890485,-0.0277387539399663,0.282016970685007,1.25681041855349,"379"
"381",0.0637089622206452,0.372262291765988,-0.32478079295617,0.400645604338782,-0.585382290761711,-0.0198891196033803,0.286612927276121,0.377674523549176,"381"
"382",1.32012268005392,2.95334235394116,0.0304780339080955,0.552760323549059,0.57150957891763,-0.0830837732828402,0.222587862202187,3.23495826093251,"382"
"383",-1.72241024318813,-0.408183910271787,-0.840601470146921,0.120831325031137,0.688376499657984,0.0573559345818417,0.0720389324777765,1.77011614038293,"383"
"386",0.105446100382688,1.45098560803215,0.119435294348471,0.22639789766882,0.492678135455943,-0.0608649512058291,0.0212961609831642,1.45481205480376,"386"
"387",-0.396321792141946,0.618489681977786,0.83883132833414,-0.25977506504984,0.247558250675028,-0.10721418993835,0.12486763301339,0.734575012942577,"387"
"388",0.799241036212662,1.95635191050674,-0.4393781618924,0.359570141978337,0.22383762784551,-0.0297471829107325,0.211884416075616,2.113314702478,"388"
"389",0.362187437699993,1.8749422960321,-0.96950278868914,0.805617317885663,0.344915712693979,-0.0890284294419185,0.135470851625891,1.90960424001357,"389"
"390",-0.318364440000558,0.192031060370814,-0.446534283067854,0.349208517503256,-0.0866205548549591,0.0922993006110809,-0.469943309877283,0.371795434081711,"390"
"394",-1.55174438579639,-0.427828220092029,1.3689106567067,-0.847464953981018,0.769534039488821,-0.0532189261584047,-0.0609340659450695,1.60964207970521,"394"
"403",-1.05890706310641,-0.602164081835788,0.498130584247694,-0.310355071439997,-0.371929594418148,-0.0869630685698895,0.547787381460387,1.21814849248758,"403"
"405",-0.633578982978916,-0.441130681805905,-0.252747173933267,0.158328772866115,-0.537705377364951,-0.0155907416980949,-0.16784294391308,0.772022412953886,"405"
"406",1.19148918687022,2.96540024007356,-0.809343880408639,0.765022958953951,0.603470943427802,-0.0935108689891109,0.210965474472522,3.19581680736819,"406"
"407",-2.55944611588788,-0.861102998261945,-0.76737553406152,-0.157711430828541,1.3320850297051,0.105634380703403,0.0101298892018246,2.70041900336767,"407"
"410",0.661848298743673,1.76775695611144,-0.772406838486183,0.635954356832693,0.147318098494328,-0.011821265524599,-0.140565361859318,1.88759313053165,"410"
"411",1.17840585036718,2.93093646790408,-1.05851871446692,0.903439136980074,0.641455757342327,-0.0234447551489806,0.207820571165975,3.1589601021649,"411"
"413",-0.799111812198618,-0.126917164180508,0.852690609722433,-0.391412642651741,0.0324353962144568,-0.0418319001436007,0.244550586584397,0.809127712390931,"413"
"419",-0.276513166634065,-0.070205037313147,2.42586669709009,-0.965511914355954,-0.302644900372375,-0.153537603832884,-0.186665810464308,0.285286309847035,"419"
"420",0.527233792446522,1.70015599891322,0.768671247667457,-0.0306067586299568,0.313414857493561,-0.104522163963338,0.115330769696035,1.78002974484646,"420"
"421",-1.52364266839502,-0.792873281514112,0.314542125565373,-0.359203168426739,0.26953263152676,0.0703824563146699,0.264015561058667,1.71759570955824,"421"
"423",-2.75174564152676,-1.78786337047182,1.27757942476669,-1.16724383493138,0.77050283970273,0.0246000881926267,0.46936193514541,3.28154833990548,"423"
"427",1.11901903376658,2.15809758016845,1.38629913696064,-0.0579533564926539,0.234763984162132,-0.091278466098134,0.227103391919933,2.43096457470297,"427"
"431",-0.401666204542114,0.0641522411745582,-0.806501322775879,0.486716272650315,-0.507063300047814,-0.0325194365782722,0.0773700800838375,0.406756991235536,"431"
"434",-0.406694149584901,0.627043228776168,0.837805214826179,-0.262289637379071,0.241313671560231,-0.123019234809081,0.124664876774602,0.747384333566491,"434"
"435",-1.02304181748514,-0.0616090272289342,0.888233507482813,-0.470404327024113,0.423262617231443,-0.131071216133642,-0.749946097163067,1.02489523004031,"435"
"436",-0.923764408638687,-0.984036519739254,-0.648214649113644,0.249626037414143,-0.780912546647985,0.0784000246817179,0.334470403328464,1.34969202222141,"436"
"437",0.298922725120342,1.68825475468543,-0.545477008447766,0.508660715147244,0.387657036678529,-0.0551707146866972,0.096146764684778,1.71451419134148,"437"
"438",-0.832066554349301,0.509083193551569,-0.906736647392122,0.363606539899635,0.591133597645905,0.0355514872482325,-0.064590066624102,0.975448844800886,"438"
"440",-1.07331809390624,-0.476782444660006,1.46148163643462,-0.754770179588836,0.0804962451194115,-0.118923463750022,-0.233468378517335,1.1744501821033,"440"
"443",-1.8443349862434,-0.764341653714617,-0.847419699863875,0.0841305590033763,0.436533822010516,0.0808116723197171,0.324351155603552,1.99644426545913,"443"
"448",0.936623560762324,1.28189144642157,1.37813555048081,-0.307695312999648,-0.0808514021169521,0.0958919845519222,0.00597144240498639,1.58761121657157,"448"
"450",-1.2087910776216,-0.845887987220216,0.020217380709475,-0.136653938645745,-0.369079941839055,-0.0283828733858312,0.261002836348195,1.47536516031153,"450"
"452",-0.722351576290343,0.1365829985124,-0.916450212042049,0.448253338204426,-0.00881013456236251,-0.0910260008729939,-0.896437524082138,0.735150811229765,"452"
"455",-0.771568800419773,-0.291631529158589,-0.704050726974542,0.330399926116984,-0.302032455294151,-0.0253500829239225,-0.574721007854977,0.824843841330336,"455"
"457",-2.54583424900787,-0.872328000968592,-0.766028943322533,-0.154411503691063,1.34027992465543,0.126375679679657,0.0103959705576455,2.69113882300697,"457"
"460",-0.718711911816233,0.538362131166656,-0.0140780288921268,0.039836595575689,0.52583039571699,-0.0421881082467939,-0.0520925875669881,0.897986968981648,"460"
"463",-0.084563250316395,1.45822950089378,-0.953014860626158,0.610866690231205,0.540058057647043,-0.0469633116417426,0.00533744992604133,1.46067936953358,"463"
"465",0.404613189622114,1.6678231524464,-0.104500637981264,0.336077617403458,0.380722080250466,-0.0265378774981453,0.103119787877987,1.71620100834735,"465"
"466",-0.351301553639219,-0.100008250905815,0.744683583060871,-0.21434427262477,-0.515574506094778,-0.104043489716895,-0.130034450968427,0.365259403490957,"466"
"468",-1.39255646643527,-0.146681799336777,0.746433997332824,-0.511524365801679,0.809689855508031,-0.0679244648762384,-0.502035333300084,1.40026035524375,"468"
"469",-0.0835109491855054,1.4573617225687,-0.952910758891255,0.61112179976829,0.540691585531188,-0.0453598510318765,0.00535802004431439,1.45975246841451,"469"
"474",0.325789689250014,0.880332860189312,0.554102768667034,0.0798699352105363,-0.428874099658896,-0.212145693462918,-0.527329370326889,0.938682516269859,"474"
"476",-0.370126487697312,-0.144781021541314,-0.516916395463238,0.360338306613163,-0.559288976104955,0.0661740919127562,0.210004196958789,0.397435732029337,"476"
"478",-0.616560693382528,0.464818370995689,-0.0243758364104167,0.0194403523496731,0.57974706083319,0.0991025924086553,-0.0505633871034408,0.772141960159807,"478"
"480",0.354805195741874,1.69285462858168,-0.0788229389179824,0.391743827206399,0.362109407509582,-0.0808878332076055,0.102847592576665,1.72963681749546,"480"
"484",-0.499442001919804,0.0666440758839159,-0.611487807032656,0.372773202165501,0.118996770660407,0.221813687184771,-0.175094063846001,0.50386877868358,"484"
"486",-1.60493284614925,-0.493945758901759,-0.853966918080953,0.159109639713029,0.444723377147138,-0.0115107391467849,-0.477884067144409,1.67922358647852,"486"
"489",-0.879853985672478,0.351356140113089,-0.893951971683025,0.396260288861136,0.423050280531927,-0.00397276806334673,-0.191733306465863,0.947414467537262,"489"
"490",-0.0969324436354768,0.866391993325313,0.192086132492715,0.127122672333177,0.160835042549137,-0.0215090969394847,0.171923846432765,0.871797559486922,"490"
"494",-1.26696904616495,-0.430441180327431,0.442236216662898,-0.34016499246974,0.231107546396072,-0.0151899340939202,0.221384972055016,1.33809198998492,"494"
"495",-0.313965511422078,0.553346342715841,-0.650264216042941,0.448126403518908,-0.0371368920618014,0.0218445747322469,0.288585003626433,0.6362126353347,"495"
"496",-0.65845906460829,0.119543661485843,0.400456007775494,-0.140177034418974,0.0193568004067758,-0.058824316315167,0.195866550004619,0.669222703415139,"496"
"500",0.76126854629772,1.45665372833243,2.39862307439694,-0.799536093469549,0.025167349515122,-0.167085873146051,0.184417990660719,1.64358446203626,"500"
"516",-2.47926425776551,-0.847153800289482,-0.24281854036542,-0.376119715137205,1.2956798804918,0.0689151342859821,0.0175856790691736,2.62000397350433,"516"
"517",-1.35508825961691,0.154472059790384,-0.318797375461748,-0.00672193870622934,0.890712503155206,-0.0128733451410564,-0.162220454412317,1.363864292592,"517"
"519",-0.926093672277652,-0.277326548170248,1.75263500777195,-0.843588902183183,0.156394851218822,-0.118206023131302,-0.160866904293672,0.966726178476994,"519"
"521",-0.490245501232212,0.573187058382601,-0.051905032531792,0.0687055236801726,0.324559661215174,0.000133599897515935,0.112749984964095,0.754244029062029,"521"
"522",-0.872303917031525,0.0957128779177202,-0.912261138912329,0.402597486228112,0.102308226640925,0.012570258346242,0.176965326929807,0.877539217737779,"522"
"524",-2.23394012664916,-0.809246835010117,1.33132517237101,-1.03018610176068,1.18934131747908,-0.0339612030039181,0.0400464586986564,2.37599851208437,"524"
"527",0.984769725698965,1.72608256976808,1.26538728973926,-0.153114881233569,0.341665273296086,0.149923715144736,0.171941746503228,1.98724242363895,"527"
"529",-1.73135435800575,-0.400808161307936,-0.841486290891056,0.118663001797627,0.682991780427318,0.0437271971613654,0.0718640951671954,1.77714239585818,"529"
"534",-1.38035649805236,-0.156742482366255,0.747640912195068,-0.508566725450209,0.817034730401141,-0.0493345687244822,-0.501796851381555,1.38922721953383,"534"
"536",-0.374371762207915,0.443370324211272,-0.680440731881687,0.44280695346923,-0.125693575758734,-0.0456128273887518,-0.086677279558608,0.580285671656529,"536"
"541",0.596130454259362,1.64334048476328,0.775487036240922,-0.0139041295194863,0.354893437247667,0.000460221900649593,0.116677544341152,1.74812455716333,"541"
"543",-1.42003600293937,0.127960075142897,-0.84184729315666,0.215379554571259,0.936289206244771,0.0470591263606912,-0.169378451628854,1.42578961648435,"543"
"544",0.741746650721052,2.14632770490347,-1.04724696884375,0.762832241765535,0.362142404302198,-0.00138739401415336,0.191594007771768,2.27088324461917,"544"
"545",-0.899765887737561,-0.226590501448268,1.76874050091941,-0.841874186894469,0.371809217082865,-0.00833953079520577,-0.115824361355101,0.927858775936693,"545"
"547",0.253414117826128,1.49980116289498,1.14691961068831,-0.258584542252025,0.404822620436011,-0.167555433092911,0.0354978068061125,1.52105957915354,"547"
"550",-2.55491649824069,-0.864838339695856,-0.766927429387222,-0.156613314873681,1.33481204291431,0.112536457743728,0.0102184330302016,2.69732157274403,"550"
"559",0.0251475515080451,0.910001213935089,-0.199215510102882,0.342232863975817,-0.0509751075917787,-0.152063604271771,-0.817777528012428,0.910348619326786,"559"
"565",-0.643279920058703,0.565934913185672,-0.928085687170592,0.428016673273432,0.373556535408369,0.031774349780332,0.0999444815077684,0.856791329037127,"565"
"570",-0.898157322960674,0.140468860906384,-0.448120607011979,0.183374158432226,0.360187300119361,0.000373178224210846,-0.394282906292411,0.909075397132835,"570"
"573",0.280833389690682,1.68712949346075,-0.51666145532676,0.572016484560794,0.38814028048306,-0.0611888593485824,0.0964945977542706,1.71034304175224,"573"
"576",-0.674664478902852,0.183528014133357,1.74660493831013,-0.762793986261157,0.30753169503299,-0.175427609410736,-0.445801158840194,0.699181443593143,"576"
"581",0.183715397173096,1.70049182136192,-0.956789770821384,0.746677808104558,0.400236212109775,-0.0767592558038392,0.089689147090855,1.71038702686768,"581"
"582",0.592750647318609,1.87777965284149,0.119552628290631,0.261519551857078,0.287106504091315,-0.10692667860138,0.151660623769973,1.96911395163463,"582"
"584",-0.246360945796225,0.836785699238883,0.672633503041907,-0.136788392893976,0.417979122190686,-0.11616034616852,-0.681411034685049,0.872298126826096,"584"
"588",-0.0163037995412515,1.29071846642535,-0.962737769836709,0.632539950999098,0.309676595193998,-0.0666042506737007,-0.328886053405477,1.29082143360377,"588"
"591",-1.93684834761627,-0.630322001481532,-0.824681287913727,0.0492805853394925,0.743614483341945,0.0409749949155886,-0.219673775089256,2.03683267531124,"591"
"593",-1.28925723304938,-0.0581937996999161,-0.112814352426163,-0.086187321467638,0.544666248039147,-0.0478621790905162,-0.0539847145677225,1.29056992499193,"593"
"595",-0.869555463887128,-0.385241535773589,0.287880351166998,-0.156454610424027,-0.367145493285667,-0.100796032331317,0.224191496883894,0.951071893003442,"595"
"604",0.0565142988888969,1.12191857679323,-0.334842715734253,0.307153284221287,0.100950586001802,-0.0555266053300046,0.195530459127992,1.12334106972578,"604"
"621",-1.48614827901278,-0.546080941147104,0.114501741121982,-0.281036795883917,0.306186882163437,-0.0387241537093891,0.030435195547933,1.58330069838195,"621"
"626",-1.22342298223639,0.17835777225193,-0.862422085295178,0.28168703953727,0.723423955422743,0.0552075785952599,-0.00469092008593185,1.23635564801835,"626"
"627",1.21172653422115,2.95453225658755,-0.593406129252307,0.781305163585005,0.601518988493427,-0.0734268001368321,0.213544090027461,3.19335905418603,"627"
"632",-1.11773497613903,-0.849803561727035,-0.3053283002795,0.0391092355459471,-0.545279154096509,-0.0105728624061812,0.352008752277831,1.40410027078143,"632"
"633",-1.64864799583287,-0.175709448067134,-0.828774909394723,0.139931678676846,0.909546008827718,0.0185448777731433,-0.524706591327467,1.65798492885303,"633"
"639",-0.0933643921148845,1.46548734740231,-0.953885537377762,0.608733027970352,0.53475941396228,-0.0603741916469697,0.00516540741613743,1.46845840087871,"639"
"643",-0.787129385367463,-0.0424070713034601,-0.227773445540493,0.112001753067282,0.275181197456614,0.138752715097097,-0.140300093222596,0.788270910921807,"643"
"648",-2.15733698619283,-0.872417483572874,1.33890334518339,-1.01161518975895,1.23545950938022,0.0827640524464181,0.0415438776531934,2.32706148127616,"648"
"651",-0.0939683941944262,1.45529036954842,-0.933541896887564,0.653747379640748,0.541978284320872,-0.0469307038787962,0.00562122643930285,1.45832099306286,"651"
"653",-0.925337268100128,0.168230289675835,-0.461011153096856,0.154204529842605,0.340032620709079,-0.0482246188991211,-0.395048025987169,0.940505443949914,"653"
"660",-0.115016795459666,1.06871994268931,-0.934978409319476,0.643526527694898,0.276551153861201,-0.0380052566392367,-0.537446872501259,1.07489124060979,"660"
"661",-1.53295499052792,-0.35889275146927,0.459501172917769,-0.450436360314775,0.586950294899788,-0.058384603989289,0.090229580828591,1.57440624047342,"661"
"665",0.280762881925317,1.38648195436398,0.653403767598497,0.0310531885687521,0.513548061763832,0.0473791573035627,0.0306116244450855,1.41462362685061,"665"
"673",1.29165047962712,2.95534897018505,-0.154978781362663,0.602475484358156,0.579071544389197,-0.0840561068448156,0.220013435775377,3.22528270033727,"673"
"681",-2.30662529982882,-1.00207869230313,-0.803731848851736,-0.0712126308108278,0.810397589474659,0.0560671784960018,-0.142812821641092,2.51489204129687,"681"
"685",-2.55925865464962,-0.861257587850968,-0.767356988951611,-0.157665984569567,1.33219788896006,0.105920027751188,0.0101335536470384,2.7002906314006,"685"
"704",-0.10479901224791,1.46422182017431,-0.934613345065605,0.651121711115966,0.535457813765446,-0.0634340306542664,0.00540951223716925,1.46796742867228,"704"
"705",0.408953689722973,1.35152003044091,1.07630856158652,-0.130008750414011,-0.0255030539811544,-0.184139876913057,0.234552889222979,1.41203736247347,"705"
"721",1.09955761122348,2.97508890028634,-1.02459153507927,0.974982268309004,0.608076225782202,-0.101378050373136,0.206499481543746,3.17177882346901,"721"
"731",-1.13416152186041,-0.277324530832236,0.624998219055084,-0.384359142291826,0.212582169179702,-0.0947578019133846,-0.177552194596676,1.16757494537611,"731"
"750",-0.784979381398398,0.101506004129351,1.32518371684717,-0.600653270994638,0.477299682202143,-0.0653851183665374,-0.533286676590713,0.791515064982922,"750"
"752",-0.284999370649678,0.865942884828301,-0.964177100418316,0.523460089197012,0.217689969555409,0.0108700802920941,0.154928090285658,0.911636836166394,"752"
"760",-2.38810206101132,-0.842259519761383,0.282824713021794,-0.591866034136535,1.26588533968365,0.0489273537601178,0.0252561098389268,2.53227813488866,"760"
"761",-2.15261170302342,-1.20115435022905,0.501843067564232,-0.631009222250051,0.54182171631466,0.00390034071043899,0.116107961757931,2.46505758899615,"761"
"762",-2.51043657909264,-0.901518628831037,-0.762527133107245,-0.145830040723017,1.36159075505062,0.18031344304795,0.0110879153207682,2.66740091770543,"762"
"764",-0.497854459331278,0.210714939741,2.17460436903944,-0.908814279304676,0.177796460457702,-0.184147106636885,-0.357015811238044,0.540610625594884,"764"
"766",1.10229762104174,2.9728293558831,-1.02432047219873,0.975646529342113,0.609725822624539,-0.097202916768058,0.206553042567655,3.17061104908102,"766"
"772",-0.768438087779931,-0.130402892946197,0.631001335556588,-0.278400390904477,0.358698627245612,0.185669069931109,0.148430085946518,0.779424152332742,"772"
"781",-1.96379867919061,-0.934567541158907,0.683382439138021,-0.657010470294566,0.585579596450084,-0.0420778241859451,-0.0273763238118961,2.1748383253425,"781"
"800",-2.56788994702219,-0.854139807380584,-0.768210862889466,-0.159758470206022,1.32700150150621,0.0927679585141648,0.009964831311063,2.70621758004965,"800"
"821",0.351214864374006,1.48852590757279,1.69362299359439,-0.427560696533288,0.386607259435314,-0.163063772070129,0.043765632184439,1.529398986031,"821"
"827",-2.39951977636674,-0.832843920351094,0.281695184655587,-0.594634032757261,1.25901141278331,0.0315294281191886,0.0250329192061555,2.53994569879769,"827"
"843",0.280289948181617,1.30768883993297,0.798887887062542,-0.0657990058080281,0.209769711094236,-0.137141646866275,-0.3032264502195,1.33739020376885,"843"
"858",-1.91694610703945,-0.460294537596574,-0.819821188449251,0.055027404984706,0.902492292937281,0.0523725919294722,-0.0926080001499115,1.9714343607219,"858"
