"","Comp.1","Comp.2","Comp.3","Comp.4","Comp.5","Comp.6","Comp.7","Comp.8","PCconnall","net_id"
"2",4.66553836974577,-2.26632659388009,0.0420140352897614,-0.455135360704724,-0.909454223123753,1.50062481601971,0.570954484958698,-0.472554030168433,5.186856900831,"2"
"3",10.5169625812874,-5.816859817519,0.500124467163171,-1.82706756706744,1.94676632953356,3.41029360743037,-0.986671845557287,0.454496329939191,12.0184175361345,"3"
"5",1.89889051229956,-0.247077570278601,0.269503720457812,-0.356562790134692,-0.570937279121542,-0.745364514570962,-0.325782113555082,-0.819914169400177,1.91489751773719,"5"
"6",3.39348594526855,-1.40233648322139,0.462185288134751,-0.480334577133519,-0.744513966474252,0.241052686746179,-1.36246091109462,-0.38854946549294,3.67182440660075,"6"
"7",0.302860895996537,-1.10650473800074,-0.557862833982636,-0.594652631144863,-0.989590359639799,-0.447131697320756,-0.0234771705659342,0.391138722088247,1.14720419173829,"7"
"8",0.225018472415732,0.994339932529823,-0.0405148128750993,0.197148945978349,-0.392680514682481,-0.405932041048771,-0.0689360186404036,0.270070735469899,1.01948281709488,"8"
"9",3.00901143940601,-1.17208225022898,-0.0143728223451451,-0.255836438842235,-1.45204028174136,0.775922423123928,0.267738599462837,-0.613311042038114,3.22923003884487,"9"
"10",5.29806168895078,-2.01804693461256,-0.395351871334841,-0.576814324704991,-1.10728842039619,2.71661199079728,1.5157168585093,-0.432494322167153,5.66938895210296,"10"
"11",3.98455306253327,-2.74897476888976,-0.904214740225667,-0.287441482025326,-1.94460914535375,2.47211298401964,2.22322092196159,-0.132713737448996,4.84081866920625,"11"
"13",0.808784849627885,-0.794263043623688,-0.765959241937329,-0.809619430791423,-1.02382494829159,-0.175189725734303,0.447565864389194,-0.00588520826898938,1.13357254529826,"13"
"14",1.04503767153426,-1.56805565558161,0.401413118193215,-0.436198083934009,0.741992936207285,-1.54914380876269,-0.136630483466803,0.0580679281106884,1.8843837915688,"14"
"15",4.3399101650073,0.740752184100762,-6.33550574637088,6.57621734814528,1.5782228702149,-1.50446910228352,-0.337420423211283,-0.0846955986895368,4.40267351033252,"15"
"16",1.59473451587707,0.254861211991538,-0.659976670686394,-0.109411240256833,-1.04686197687179,0.0544886193926803,0.224679168122926,-0.510079042729432,1.61497133519684,"16"
"17",1.3314229833818,0.351090473226285,-0.280915983969132,-0.624951941100119,-0.993079884532362,0.10723329140041,-0.247390567483645,-0.331953584086514,1.37693561253515,"17"
"18",0.894277066152392,0.664528057658686,-0.354820973274866,-0.6541722586012,-0.766284831818954,0.0071770029883772,-0.213618949089192,0.0357454971917524,1.1141494560703,"18"
"19",-1.64806418379524,-1.8652172925883,0.422803964729662,0.862966516318911,-0.227987140110475,-0.16681537450537,0.0627732462110768,0.407250000409387,2.48900604709572,"19"
"20",3.16948644604976,-1.76211609134342,0.458934862067311,-0.134491391218262,-0.7314083283512,0.698498974662603,-0.309583241213712,0.363119951335541,3.62638903746752,"20"
"21",3.05381434063141,-1.4483651026837,-0.753427683338926,-0.907479508901077,-1.42066021972971,1.85609916652974,-0.859017593879315,0.375193987106134,3.37987329610416,"21"
"23",-0.801366323499961,-1.26400037027329,-0.887933770528875,-0.812915133613243,-0.73940913991869,-1.04130447133778,0.0272680584465348,0.415264348824159,1.49662450885012,"23"
"24",3.50777160128514,-0.690072909885584,-1.19501619648181,0.805933563880826,-1.15964199246473,0.980723422549782,0.374534450786704,-0.544619876769983,3.57500520667319,"24"
"25",1.02730551421925,-0.20382930625708,0.337379894175795,0.225259153673355,-1.2874758605639,-0.256671486038571,-0.104055512450925,-0.208708782664358,1.04733137336495,"25"
"26",0.984021258155685,-0.687428561088794,0.298182583539088,-0.17958013641588,-0.793423680916822,-0.946898189386132,-0.334359295599638,-0.0730301814256416,1.20035655665427,"26"
"27",-0.637958167449026,-0.867727949109751,0.488855075659121,0.584419394245377,-0.932598058388531,-0.614503829230948,-0.140365857974917,0.360635120817643,1.07700622889616,"27"
"28",3.09130280969226,-1.55122735700575,0.106569510561313,-0.333332998746317,-0.78837332769416,0.275051583905354,-2.06927715978049,0.155938276805025,3.45867884810577,"28"
"29",1.7238911171142,-1.22771498283072,-0.534267278062408,-0.890349775798767,-0.655051260253467,-0.341354042361082,0.596589916247534,-0.457606861273013,2.11638480970079,"29"
"30",-1.92591754571508,-1.86911556546103,-0.421005699510003,0.110690659697212,0.048748012944341,0.189166077307376,-0.0576947168081288,0.226960941881742,2.68379421527469,"30"
"31",2.30151161945505,-0.746552095574459,-0.60609555987105,0.948172929479295,-0.705885407147994,-0.379489271741232,-0.44846510033347,-0.158116159694527,2.41956520182722,"31"
"32",3.24921097376959,-0.995996337319212,0.30530636197228,-0.818785248921387,0.520069033459497,0.0483958056956221,0.352761030666895,-0.511392856985412,3.39843797295434,"32"
"33",2.42016745292157,-1.88451919596735,-0.459474137033356,-1.1600783625354,-0.384216227440131,-0.0672400101730403,-0.685722837745827,0.133486105970723,3.06734789356381,"33"
"34",7.01450676517964,-4.04133670783579,0.389645999250685,-1.54518841560417,1.57269633736386,1.14687627668205,-0.345123998837851,-0.0362704190059192,8.09541274703471,"34"
"35",1.96719666811181,-1.04876766190499,-0.081803043432728,0.0789024433161561,-1.5744365312993,0.736547632151175,1.11612311103677,0.000330067324229182,2.22929951771579,"35"
"36",4.84579692358518,0.981836386112862,-9.2256875691229,8.12219118390189,1.36028144530795,-1.10548268967689,-0.818720537857287,0.0375654444435333,4.94426440572536,"36"
"37",0.60353953688779,-0.97264518281686,-0.188636311877385,-0.489742044621404,-0.539416616587529,-1.04806677768665,0.0775101676305867,0.0926454150762491,1.1446827613988,"37"
"38",-1.75745033858137,-0.76907106860428,0.663707303386437,1.01518155369746,0.206766554260975,0.485851579295155,-0.133234221024632,-0.178249221544836,1.91835919502681,"38"
"39",-1.28925999151268,0.0217921156141964,-0.680293017519558,-0.606450343922641,0.144970443097897,0.125631176925359,0.052152658423857,0.262835629816832,1.28944415234559,"39"
"40",2.37640007903765,0.13618885003708,-2.13704772083627,0.712919544246521,2.05516481685919,-1.46747299521051,0.67046243074911,0.0823401511044917,2.38029929599716,"40"
"41",-0.0324384317507232,-0.706507862188887,-0.4842168046989,-0.544915607366029,-0.849999094178992,-0.647779128775416,0.076742444152048,0.0367118094152528,0.707252155308951,"41"
"42",-1.58357633636315,-0.813280450711787,0.287273283815518,0.594812214652791,0.0559229134672889,0.242368487088437,-0.0536214108779138,-0.0836176532106995,1.7802076015452,"42"
"43",0.675596741822826,-1.51734107425692,-0.991060730449464,-0.962358346293847,-1.11428138069312,-0.287259871677789,0.11349909760529,0.288483916872279,1.66094999719702,"43"
"44",0.711000358421831,1.6325493026714,0.024898556949006,0.329820512580278,-0.256664250047159,-0.0192302579275496,-0.18430199851951,0.316458720921164,1.78065682694023,"44"
"45",2.19204508354524,-0.744378452121087,0.69971116168418,0.332432472771423,-1.09168143499198,0.0451387192857016,0.44149853475882,-0.424429091065282,2.31498616157355,"45"
"46",0.213089711018426,-1.00707568175173,0.498252273560278,0.310211290739869,-1.0748090271881,-1.11845991634196,-0.018822675139236,0.309976069625425,1.02937294199801,"46"
"47",3.04296243166064,-1.51799226501001,0.0691415522556288,-0.313602576196545,-0.856566341753365,0.871344143187549,0.384646382116368,0.127848932288243,3.40057655069376,"47"
"48",3.0328020289896,-1.29704424311393,0.386417666750629,0.0286451601565639,-1.54754998391434,0.671326954641363,-1.11704032868544,-0.259796957020587,3.2985166235201,"48"
"49",-0.566128010697242,-0.926321725229224,0.367363946566906,0.394839650314503,-0.945920273814043,-0.926374705275705,-0.0669497935201121,0.223240460690938,1.08562095739151,"49"
"50",5.69151644734111,-2.49476029877115,0.477350947641302,0.07373851669892,-1.27525903893808,2.24834039190348,0.4139411143338,-0.553736662339813,6.21427295978211,"50"
"51",-0.774484742882181,0.0526285396463029,-0.0525439126213064,0.107728783220353,-0.383841746784957,-0.223823908872055,-0.0252052457956013,0.146434709337089,0.776270816237852,"51"
"52",8.21886973557528,-4.74265798845466,1.44471026156472,-1.47181645248906,2.49468265643444,1.38482383346233,-3.88247375548576,1.29309073785155,9.48907922434037,"52"
"53",1.34132488196076,-1.04304838309744,0.323000301536287,-0.37726492072055,-0.488760798938639,-1.04340974354608,-0.472689803396124,-0.181408936358441,1.69914754169532,"53"
"54",-0.471064378714424,0.771689205836439,-0.591040955047116,-0.815582557272814,-0.372973385547637,-0.287192578476602,-0.25256573948952,-0.270972940036183,0.904105015635949,"54"
"56",1.10684559415146,-0.988393375208764,-0.698037996546591,-0.870849266460627,-0.990574702654714,-0.186832963112464,0.0790267250907945,0.0219220955301716,1.48392339204188,"56"
"57",1.7507283844833,-1.47277420393363,0.494598017597897,-0.21158771442885,-0.253580773298964,-0.769556267218087,0.0262921384286219,0.248248205190535,2.28781855312169,"57"
"58",3.04225674161865,0.779316148795028,0.199237910102983,-0.0621698380607398,-0.969165152323904,2.06323837138795,0.938093980662647,-0.00827625334849978,3.14048718222139,"58"
"59",5.59422865874385,-3.67861630803273,0.54994288447684,-1.7829502413048,2.5637510145191,-0.525943741908321,-0.331261905209369,0.12749565831648,6.69534257734699,"59"
"60",1.54557712764424,-0.500029642039954,-0.0518580150023642,-0.250687684185582,-1.38094169716741,-0.110319406157694,-0.0826193814698476,-0.462302849175427,1.62445015325668,"60"
"61",-1.27901158161649,-0.493576251292383,0.381837160426598,0.609977464224964,-0.109820790186671,0.119171094917106,-0.0943792128423074,-0.112339262542211,1.37094425187495,"61"
"62",-0.821917929297446,-0.721068694567842,0.222672643698427,0.339319049366908,-0.825539987150299,-0.656608000168817,0.0762748774791728,0.46289525648146,1.09338426218159,"62"
"63",0.241182392678417,-1.24958924783955,-0.645410508519135,-0.571596105439417,-1.22047362448194,-0.562400073702927,0.175671756357282,0.376459597742482,1.27265165495288,"63"
"64",2.38940877688421,-1.78748870538506,-0.806067668028848,-0.447712114864956,-1.76819229859977,1.23187576632391,1.20269023402616,-0.0221946494532842,2.98402248230981,"64"
"65",0.96172011300404,2.25158935644019,-0.679542312254118,0.0239667258313835,0.0391761271719579,0.308835822532361,0.0679699472432973,0.276389728313897,2.44837909764629,"65"
"66",-2.65632316513769,-1.53079439618842,-0.686379153322367,-0.00587266005191728,0.888546357200065,0.98391544180297,0.159026872897909,0.106514161224028,3.06584152249411,"66"
"67",2.58628602593885,-0.198158536921356,-1.63845710420014,1.13033742802039,-0.89228621360611,0.890590078354233,1.3631148742764,-0.19905842800726,2.59386626750906,"67"
"68",1.65604495479191,-1.31058752395856,-0.42633642346628,-0.518400390760923,-1.22654865234192,0.235685764603017,0.183585442549987,0.0580895586622508,2.11190069611418,"68"
"69",0.815660481986849,2.86172279331888,0.0279323752198514,-0.0253248106255171,0.11293782947689,0.316974016132338,-0.144335011593404,0.287958771398053,2.97569477058313,"69"
"70",-0.196941478681418,0.20755782081383,0.407021499209936,0.222348652903605,-0.801497218604391,-0.601745687735757,-0.104476981754173,0.00515652516380505,0.286122692225223,"70"
"71",2.02398331318912,0.311120215009648,0.869545062699417,-0.577411794088756,1.41848825103707,-0.613526661614922,0.356747210856909,0.120926806045777,2.0477559034845,"71"
"72",-0.3031032725011,1.15248349179236,-0.229957525484442,-0.276669042224044,-0.0474026909893519,0.127898757084288,0.031610130856587,0.124254223483805,1.19167520434672,"72"
"73",-0.277563636674967,-0.572728831325484,0.155427189441861,0.106768304479798,-1.03627517787792,-0.845172741978162,-0.0572471475056694,0.27384235606576,0.636443152713334,"73"
"74",0.311949603512157,-0.0408064753195427,-0.0913879575318601,-0.422521313339395,-0.594596196674201,-0.609951922248374,-0.0499289878689289,-0.188410787971432,0.31460725287157,"74"
"75",1.58355717149368,0.588730771781555,-0.0209578328453798,-0.265371495116196,-0.929080933850271,0.62746523994092,0.673686186026978,-0.0797596906801716,1.68945471588663,"75"
"77",0.568948393501532,3.23891483327667,0.0967879274793197,-0.607231776850768,0.201857002962195,0.37529085401275,-0.194692963313389,0.278368169509306,3.28850597866077,"77"
"78",0.895232027941316,2.08759309618581,1.12743717736135,0.90528664045999,-0.380789098013319,0.195874599852829,0.139697197915248,0.237864633103498,2.2714500476776,"78"
"79",-0.141928693704526,-1.44034110582761,0.696265615393792,0.607636246651491,-1.09082602651875,-1.22776031473314,-0.0729648543970984,0.76925010829199,1.44731691596325,"79"
"80",0.294665072745915,1.06645542254879,-0.231124527036056,-0.48223154876178,-0.448610764562081,0.278987828445628,0.340119108915814,0.267995430224143,1.10641523551516,"80"
"81",-0.601360049234944,0.213290583538274,-0.493837303179551,-0.566136846171698,-0.393543708448637,-0.47028338561521,-0.234954110251487,-0.452012810676766,0.638064872753509,"81"
"83",-0.671688290825968,-1.21719035410983,-0.15491298329556,0.00725778628677999,-0.496300942039162,-0.183187956300137,-0.0106850687902111,0.347510283562672,1.39022211109259,"83"
"85",-0.415145045766119,0.949852972978847,0.544881992110169,0.284821857005544,-0.134619490901908,0.0662004957604928,-0.0473280386420781,0.197469085639176,1.03661279140328,"85"
"86",0.134083725566596,-0.118771209083694,0.207929854953981,0.109641881277226,-0.886456082126718,-0.421684826319953,0.0499065366097821,0.0334656874695629,0.179122990062752,"86"
"87",-0.236118058612899,-0.887370057751393,-0.704332040993424,-0.749225158295942,-0.914557443125282,-0.851754208060415,-0.161397768748412,0.0461720373090013,0.918246893268273,"87"
"88",0.0411807128115886,-1.2639576076134,0.25256430590267,0.105478549367483,-1.03190419499123,-1.12616190847609,-0.136639859347438,0.579380681773778,1.26462827935779,"88"
"90",5.13329090393687,0.731120004851735,-3.81120646440122,5.28609804130817,1.17778968865614,0.0331941965567759,0.600969138589858,-0.137029323315902,5.18509517424081,"90"
"91",-1.25297520413225,-0.541638490811794,0.850112924911507,1.05852503538155,-0.167120259275577,0.185682762142984,-0.16691082626732,-0.164645963193082,1.36503447461928,"91"
"92",0.727045348271487,1.01535602167829,0.179931086739042,-0.253218085318238,-0.55866919522489,-0.0758316987489806,0.253579953692598,0.0543170968500911,1.24881655546424,"92"
"93",0.71244939047016,2.84006043606377,0.00658730592446892,-0.125634683052151,0.0891655438942525,0.297451908881537,-0.176466872266438,0.297121654268566,2.92805864259513,"93"
"94",-2.44289163539177,-1.80339938207445,0.716569591701711,1.41487133258617,0.461319715581118,0.796579478351651,0.113548785384624,0.27144257373939,3.03644016465558,"94"
"95",3.92894981033827,0.798313481451337,3.88123899275592,2.42301933477411,0.603870584976564,0.22478279013644,1.18232896280342,-0.192885585958407,4.0092332218049,"95"
"96",-0.798383595075298,-0.228458363554652,-0.471138000004646,-0.420812686167433,-0.28417548120346,-0.320363859236177,-0.067956493235732,-0.00419620800318081,0.830427353092025,"96"
"97",-1.19125453499967,-0.598603116952221,-0.771477488221177,-0.630183778099776,-0.157426528592718,-0.147691454370162,-0.145507568554299,-0.0877774227587872,1.33319655669454,"97"
"98",1.97486593169229,-0.479096408595091,0.0613255336166253,-1.35693373226074,1.48942502587133,-1.1664765411321,0.59751856120946,-0.293745673930949,2.03214881760356,"98"
"99",2.57356907416271,-1.32041102347107,0.95671272647452,-0.341415748357799,0.787477247733507,-1.01421721898456,0.158239353299328,-0.361223855044149,2.89253229029351,"99"
"100",2.72808813161328,1.63690085439545,-3.23764912902988,2.81705124990681,0.47525046027059,0.283294827547692,-0.21648077773258,0.435032735081361,3.18149481548686,"100"
"102",-0.133221166312444,-0.744146499608066,-0.470851704975157,-0.612880838532815,-0.881014492421326,-0.876687451446805,-0.379429723855301,-0.0659139994829622,0.755977441483927,"102"
"103",-0.694349322153257,-0.433756653962371,-0.296136154251866,-0.268087549769993,-0.611198183316922,-0.463863694285925,-0.186139014558662,-0.188326001112476,0.818697634069697,"103"
"104",-0.645297828950936,-0.879298657983305,0.811037225744274,0.98217321752786,-0.714802373155486,-0.229016929668773,0.204750615926913,0.501867413699241,1.09067658725217,"104"
"105",0.552009790003087,2.45629385234482,0.199842383122899,-0.463755773039132,-0.13634692961653,0.33321327562554,-0.0666726355762061,0.287312016998154,2.51755720835222,"105"
"106",-2.87271997327018,-2.83280106234826,-0.777771640425085,0.0835584781472371,0.802665576656746,0.645811351953725,0.337845257356926,0.581754720250638,4.03451135872324,"106"
"108",-1.93955387230257,-1.21246010455677,1.42238646948244,1.8408692897377,0.650611437956743,0.87480173103209,-0.01780582255042,0.0270445084366677,2.28734097342432,"108"
"109",2.06744367760453,-1.35718110327867,0.497648170756056,-1.3960779202579,3.10609311154807,-2.40817124929002,0.942402200413717,-0.0676359392985219,2.47310814708206,"109"
"110",-0.727465843396876,-1.44755291667044,-0.506869752921568,-0.347550177286573,-0.923164689184505,-0.860828991573802,0.0205212195767874,0.708857055406263,1.62006666525493,"110"
"111",0.232427450232545,-0.00544415076048018,0.712148367724055,0.251444235069291,-0.344068292622189,-0.716754850278388,-0.224269583225914,-0.188306907264679,0.232491200691778,"111"
"112",1.36843244938672,3.20607161356805,3.14946229197345,2.31387419352037,-0.59684834695945,0.248259288104025,-0.146233245026195,0.312273510738457,3.48590053786125,"112"
"113",-0.552266762266798,0.789702866175876,-0.670731868817869,-0.833664878031026,-0.058685161814743,0.186526230520178,-0.0002627280885312,0.224899984059549,0.963654083969474,"113"
"114",-0.543077067346167,-1.11581013834485,-0.123201428159336,0.0795411968711716,-0.81790231435367,-0.507401324902439,0.161219692281403,0.0792285827426949,1.24095324888187,"114"
"115",-0.894679118199587,-0.984895031979213,-0.896805185938922,-0.61928960347798,-0.568654136663048,-0.607787392306491,0.0371364029636672,0.226698643439645,1.3305896995542,"115"
"117",0.474218578985554,0.0733254162602541,-0.302844740499942,-0.747856422113456,-0.470465282461235,-0.55301718218979,-0.259583568565306,-0.149387130425482,0.479854016680926,"117"
"118",2.13598497294045,0.73591008311758,2.00834059815395,0.671247740988873,0.781889998682774,-0.630450700139555,0.461583667488742,-0.150155641932415,2.25920239355874,"118"
"119",2.23774164506667,-1.35003710933293,2.07222010447987,0.927152714519479,0.450799610754776,-0.980313798686114,-0.268645260136432,-0.247463677008356,2.61344367963836,"119"
"120",0.316004636660457,-0.458798413151296,0.249633375161901,-0.0309447337446603,-1.01863156636223,-0.984271600878245,-0.240003611281488,-0.132477014638256,0.557095067561233,"120"
"122",1.03852157885007,0.464375678142728,0.287032943346071,-0.332086160918056,-0.0482055697464568,-0.445951674649867,-0.0161848216507498,-0.238306863568824,1.13761673694956,"122"
"123",0.315142349791231,-0.311281696187206,-0.945253989247435,-0.0404816273523829,-0.86157267786599,-0.479119309243532,0.17897658592897,0.0337176520881441,0.44295710290402,"123"
"125",-0.218825049166141,1.06690950348317,-0.0340636959283173,-0.361116740251484,-0.260995073547567,-0.141036849124004,-0.13395176058123,-0.210512437461947,1.08911904343155,"125"
"126",1.41591983639738,0.859776305569185,-1.5857225245864,0.467659191426396,-0.502331798299425,-0.555212938415439,-0.449266220412073,-0.520925237999088,1.65651570433902,"126"
"127",0.499779296120891,0.940068933665485,-0.646638255287406,-0.280954819938656,-0.297714876234745,0.0991240673951497,0.485975973669304,0.279799540246613,1.06466377080938,"127"
"129",0.888973264402548,1.54136914682831,1.11131935891434,1.07517901741768,-0.72755810267463,-0.105326077308198,-0.127313093489439,-0.0545891404924737,1.77935165484981,"129"
"130",-0.0397816715138352,-0.633717572394262,-0.715987688759584,-0.393720056067317,-0.523825446565739,-0.581737854471809,0.367877347343307,0.179235282309127,0.634964993483666,"130"
"132",1.76417260896802,-2.71185026458234,0.206010308012553,-1.41852907429762,2.31663736248999,-2.03255418545872,0.300183732383257,0.522573850698274,3.23518729778483,"132"
"133",1.51018188577357,1.6049468246983,-2.4076880391497,1.40844975340776,0.227001898176557,-0.121179610505799,-0.136430469783428,0.331630092877042,2.20374763487741,"133"
"134",1.99053738494312,-1.0169515028249,2.15475699401536,0.315547431829491,2.18018231084529,-2.01968419937681,0.45159778987498,-0.428591053556189,2.23526943341379,"134"
"135",-0.194626439832203,-0.157452207902668,-0.349578539365528,-0.285274277068246,-0.209572456267626,-0.643406912389432,0.0801596792363651,0.20574972792175,0.250341065059616,"135"
"136",2.06940588530086,2.06612166827255,2.26961588444199,1.65262345273582,0.14000286796766,0.0462790146559974,-0.082689915561216,0.146610488870559,2.92426049903615,"136"
"137",-0.472768644339963,0.734722741694689,0.344721096073968,-0.0450952167295663,0.517504861426608,0.0993858291148292,-0.234703838253376,-0.65970336927486,0.873686269912952,"137"
"139",2.4932837553421,-0.396125348160783,0.112028018608084,0.0875009388695245,-0.903743658422951,0.305169562067886,0.530911079711484,-0.573097308707589,2.52455524322767,"139"
"140",1.66194130535812,-1.19643605852453,2.48282268001682,1.21683806281809,0.593510430205867,-1.72234281060292,-0.135902581310625,-0.211429307016726,2.04780569014571,"140"
"141",-1.53864871666093,-1.06836560066004,-0.681409405728543,-0.347547215663691,-0.322370057551668,-0.290322789351825,0.0270358302856447,0.0357843961155162,1.87319110876494,"141"
"142",-0.588679907723267,-0.50643769394796,0.206831035751745,0.479679442486956,-0.804787157003244,-0.629394675068013,-0.0539401958484045,0.112199436693186,0.776545666144884,"142"
"144",0.234064630334822,2.06847383340823,-0.650310335481396,-0.967730556893263,0.307683709521443,0.00554503204031852,0.0100121537435187,0.245148848857055,2.08167486670429,"144"
"145",1.81330499926317,-0.803741724364226,1.34089565509789,0.631047464383475,0.816856592301668,-0.886465920275596,0.844405886710726,-0.379507681828753,1.98345047325028,"145"
"146",0.0237039852095994,0.391797592086791,-0.0471917654833983,-0.0697776458286691,-0.858771761937845,-0.716933686157657,-0.188800270190149,-0.251137378724544,0.392513989661291,"146"
"147",-0.00750903521549767,0.926155888511567,-0.732825951081662,-1.02178299565394,-0.489271882730999,-0.122412161903267,-0.253896206174951,-0.367622458791591,0.926186328680422,"147"
"148",0.262456726177514,0.689116200166047,0.492742616373222,0.0420818437937738,-0.478485842847433,-0.522238435233254,-0.379059357045631,-0.267721418998325,0.737404007615303,"148"
"150",0.916073968406856,2.20383416194262,-0.09565059921272,-0.0773987552434328,0.210255640915486,0.114197156358343,0.190867233004585,0.218661430531087,2.3866454552233,"150"
"151",-0.357763708251643,-0.973225348691022,1.32088394301399,1.4437189609577,-0.958216479996408,-0.462074261152766,0.0192139992752034,0.363300398932396,1.03690040518689,"151"
"152",-2.14396130655054,-1.14577984121302,0.984852743672777,1.48566690373712,0.621564092841576,0.940072643985155,-0.0202998779531157,0.0183925285500823,2.43092195031351,"152"
"153",0.0479005087613337,-0.915395690583384,-0.544568725259835,-0.528745940121334,-1.06912633005532,-0.62626651873197,0.163346345995419,0.375923533680973,0.916648094460587,"153"
"154",-0.192262456499805,0.812257905990702,0.0176165769882539,-0.31153049775371,-0.307340238652837,-0.241900665538272,-0.11896398422206,0.168732431262479,0.834702197207926,"154"
"156",-1.65712457042404,-1.48620722966569,0.00621909308668329,0.438739606863266,-0.194374015878719,0.00230980712620729,-0.0329476772985902,0.118671036115298,2.22595457532574,"156"
"158",-1.71971188848034,-0.779842847778647,0.65102044336056,1.02209236952842,0.181983316943019,0.52965804541102,-0.0770455933344589,-0.196859883078854,1.8882700671811,"158"
"160",0.710268178029543,-1.7454202489592,-0.41036256453529,-0.117724868924225,-1.24667248945379,0.054764591245459,0.967319882824021,0.394160510934977,1.88440248625346,"160"
"161",0.53743986258836,1.43500784597342,-0.140170481769313,-0.585097774722028,-0.200954189621538,0.608508895237117,-0.532057290808294,-0.0148023419248644,1.53234758586434,"161"
"162",-1.0047538567238,-1.20031351050105,0.78085418800791,0.993822811884441,-0.841220347165855,-0.67687845549741,-0.019667448401565,0.322378427758237,1.56533793031815,"162"
"164",-1.46654340337679,-1.342273438712,-0.831845806790435,-0.519552357736644,-0.187477209940123,-0.319418493358512,0.136419190319957,0.221793758422111,1.98807634115486,"164"
"165",1.38492432441154,1.39448547500033,-0.357342270641539,-0.150110418298836,-0.354939530660616,0.894876909166898,0.481969147556308,0.179715948125211,1.96535114530042,"165"
"166",1.5737651029232,0.778827723480476,0.255710260918686,-0.199495248986347,-0.549574452928816,0.58696349327481,0.403190529833694,0.207465472149161,1.75593542650083,"166"
"168",0.596153193633814,0.0941344588653261,0.817507479008417,0.468611113531981,-0.828787060454914,-0.496346729260252,0.0681574479570585,0.26069769114555,0.603539498811522,"168"
"169",-0.0758408074779475,0.341411018970247,-0.959300703816624,-0.673241667925239,-0.53857209466246,-0.360966149834495,-0.0919920843910756,-0.17337822193736,0.349733201102225,"169"
"173",0.0311323475548888,1.55759501358097,-0.286860857031361,-0.763636185890265,-0.112890984774085,-0.00730349645750805,-0.0165561725885476,0.31891342331691,1.55790611058452,"173"
"175",-1.2843425035802,-0.625584307173846,-0.053763510337723,0.142702222896965,-0.00551174120064168,0.143187257851883,-0.0966678277065879,-0.168348697412119,1.42859770120382,"175"
"177",0.239928884789391,-0.555574365493748,-0.554120208530319,-0.654247536458073,-0.809338385355267,-0.363983013229973,0.0105281660128936,-0.0631745974052329,0.605168361160811,"177"
"178",-2.18066315288399,-1.12586390233919,0.97225548377062,1.49507444443277,0.573891705421518,0.958419512850822,-0.0508432491167042,0.0285621029472174,2.45415185205325,"178"
"180",-0.31203398502048,1.01271658769368,-0.599111593432183,-0.964647378502884,0.0182214495552197,-0.12950576599475,-0.185539862877069,-0.372809396785141,1.05969811493542,"180"
"184",0.696298381763183,0.77337522590083,0.210130472053181,0.24068092579481,-0.953631834112944,-0.371987371755619,-0.44126058386012,-0.28260991583694,1.04064435638848,"184"
"185",-1.10442772902395,-0.626987122057327,-0.00889975358339935,0.077118979538223,-0.165249552561986,-0.25326167892715,-0.134601443115491,-0.152830235806734,1.26998955108408,"185"
"187",-0.30301036510379,1.20540787140116,-0.742384176893031,-0.546448527047377,-0.166404394424847,-0.246958265478424,-0.105796710824591,0.18763961954032,1.24290925565634,"187"
"188",-0.660831663476128,-1.08166721435392,-0.409888570239719,-0.212801876403355,-0.988318027896224,-0.677765487579908,0.260033255260373,0.633690761156075,1.26755767129579,"188"
"189",2.41223412447212,-1.66404323916867,0.437241834337059,-1.9595929145428,3.49493052442155,-2.59450104873763,0.567981686334325,0.113168960952476,2.93051418237324,"189"
"190",-0.745473787543377,0.248334896678713,0.672664586291961,0.583978074339132,-0.286814625961779,-0.114544111114955,-0.223349873696111,-0.0911550729204625,0.785748934980313,"190"
"191",-0.947504060867953,-0.210551284048314,-0.127703699952543,-0.159952886889798,0.232803957502384,0.0996958201076846,-0.0863856449327941,-0.218778879397308,0.970616190147092,"191"
"192",1.14427592630976,3.16457274719567,0.564138517029074,0.500446745883451,0.027171317127578,0.483519485313778,0.0134877616500392,0.226686257644313,3.36509852275169,"192"
"194",-0.0993515555106066,-0.524719160868552,-0.0945672225751364,-0.178279039435686,-0.955821023749945,-0.72268384387028,-0.0377072618683785,0.144252781852698,0.534042067036834,"194"
"195",-0.0679352472048235,1.85641139689891,0.431221060063392,0.0543850924700664,-0.0163745812332868,0.205535132338404,-0.115858021252605,0.140854432501288,1.85765402385615,"195"
"196",0.735672404602875,2.12852735479684,-0.340822911392243,-0.491165110337502,-0.0204023791945284,0.429213391399816,0.0338440825128408,0.259548822288173,2.25207517348169,"196"
"198",-2.24888355848688,-1.13911470894058,0.57916490225299,1.10080084296517,0.708289153180815,0.972914508030839,-0.00615846355882478,0.00670000458598262,2.52092435026468,"198"
"199",0.24011796153355,-0.152601644951347,-0.0576822110856033,-0.255408472323755,-0.951875172398895,-0.615901744732748,-0.0207343445405582,0.0933473317484064,0.284506410284345,"199"
"200",-1.11322294122436,-1.53330339335471,-0.848798239753257,-0.666176713936437,-0.35130178557523,-0.782047851368986,0.292011916050436,0.472067456912608,1.8948046371437,"200"
"201",-0.352094635732289,-0.583917650131558,0.259004867747641,0.105777479937357,-0.661683064818037,-0.87182921718482,-0.172792645497118,-0.0309627181339125,0.681858089815332,"201"
"202",-0.831087355378326,-1.00304610504688,0.679382297008231,0.966290052865676,-0.712574360486845,-0.344219846966146,-0.0568466895870678,0.354753967366218,1.30261570738244,"202"
"204",-0.843682496808841,-0.811750157647933,-0.0587921004600579,0.089468795214603,-0.52652508087509,-0.677957455336623,-0.0463395447850974,0.134739124745763,1.17078540897256,"204"
"205",-0.373553309659654,0.093962536232587,0.450632021381063,0.288919420692744,-0.401438871168656,-0.265462927859891,-0.255222398772563,-0.377223407186156,0.385189607041703,"205"
"207",0.861066334405844,0.169198849215539,-1.24321995669572,-0.209190213277903,-0.212133538457778,-0.513537970344844,0.432580113445281,-0.0910329257200659,0.877532610689187,"207"
"209",-0.704227329304772,-0.332437609944714,0.507827185643651,0.642257638170502,-0.33806565154597,-0.337440709493372,-0.221738644512195,-0.391338883553918,0.778749571971302,"209"
"210",-2.1488162850808,-0.986542167031874,-0.710225571347468,-0.238745733783165,0.493636361022534,0.579066936461734,0.0812728293731581,0.106034062344272,2.36446122284981,"210"
"211",1.38227231387577,1.52798384849187,1.15399978146143,-0.147310105095993,1.59211683789785,-0.637250423474896,0.437757847299544,0.0489321639238798,2.06043961109262,"211"
"212",-0.237601163735394,-0.140462866166692,-0.408346422758611,-0.722736608543937,-0.45205644195146,-1.01524590782053,-0.186744993199559,-0.459229840020727,0.276014727469705,"212"
"213",-0.641606363647955,0.31522766812376,0.859799737448062,0.851713844296412,-0.271847068959437,-0.0837714505079932,-0.142605036366537,-0.0618297433495867,0.71486167097159,"213"
"214",-0.635209535497178,-0.985501677103343,-0.139843058920779,-0.114287551577495,-0.695372460256664,-0.719957954206879,-0.229839226040494,0.0256952076094265,1.17247802092834,"214"
"215",-0.362164027036887,0.171186150957053,-0.166920967499666,-0.398620017719548,-0.199985505274153,-0.316741806966268,-0.260792957978591,-0.530337041372786,0.400583924738707,"215"
"216",-0.627972797681471,0.520778913093783,-0.349830752032127,-0.471305966779934,0.15166457997596,0.216689576631096,-0.0608796923847635,-0.197105662471177,0.81581892044193,"216"
"220",0.279501940570324,1.97233884442563,0.611208368935059,0.113470195306666,0.0831575269655143,0.0978009202189647,0.0021786053595271,0.154166206807641,1.99204464106927,"220"
"221",-0.165382638110738,1.05882192320199,-0.554965875695924,-0.838040070435053,-0.32745157819088,-0.0239967736552658,-0.130496378279357,-0.137619155038424,1.07166005899334,"221"
"222",0.00272428169321015,-0.456977174807609,0.575518066115907,-0.129266474845262,1.08034611081771,-0.68749274297155,0.109013655101182,-0.348141115695052,0.456985295174678,"222"
"223",-1.08329697565201,-1.26735222586533,-0.550660927449935,-0.674659823949815,0.791408344806226,-0.598397402311444,0.181328730306046,-0.106564579421159,1.66724743270535,"223"
"224",-0.0413221342555465,1.09552463506371,-0.705673488674734,-0.985341442383435,-0.318005964677091,0.0453541531322638,0.191397187526264,0.358771551144516,1.0963036736283,"224"
"225",-0.623947250507055,-0.675784486848593,-0.00233094913402786,-0.0638591638478168,-0.6268910222206,-0.863823666312665,-0.0805421235271077,0.112390767227313,0.919779780208572,"225"
"227",1.27654994058785,2.10704886309515,1.20511434257694,0.581185933521071,0.2299917196733,-0.104422930735529,-0.0891990344364955,0.0587159226097148,2.4635816735569,"227"
"230",-0.768308471935802,-0.388159021610844,0.109741416072368,0.0823889929254343,-0.527726734531527,-0.59679398703948,-0.156459239483911,-0.0547862392589739,0.860793432889805,"230"
"232",1.92788158800155,0.874885247610298,4.84127082587032,4.21544083996471,-0.617232594691687,-0.388364245141575,0.250523022449634,0.271352472381409,2.1171092588342,"232"
"233",-0.171095168789968,-0.387970042968956,-0.44400225825033,-0.53151874423501,-0.492561885425941,-0.92258874302509,-0.214245452628195,-0.444737636502312,0.424021592639574,"233"
"234",-0.0886130729930392,0.075791460290851,-0.280053783412693,-0.416747819143802,-0.870635912717298,-0.677294464217705,-0.370402806060036,-0.278346050748106,0.116604554620689,"234"
"235",0.122093582213046,-0.369229141585097,-0.61369104231546,-0.765941785323401,-0.86950193649669,-0.722085463739709,0.0517845817830551,-0.195846123394411,0.388892018191787,"235"
"236",1.81229650262719,-0.343291605887501,0.953254765472141,0.626178511093063,-0.190354556919765,0.430142021612615,0.293774481780025,0.0280208540735814,1.84452371633101,"236"
"237",0.752415404503523,-1.18912048015236,0.838626430233117,0.187355547382835,0.253663328347793,-0.953794784849228,0.18494294363934,0.229297615658295,1.40717321508476,"237"
"238",-1.71201741590175,-0.958904577949101,-0.768722426120354,-0.437671595044528,0.0521396265117858,0.0211681179617072,-0.0464271672693727,-0.128019104715701,1.96226950798372,"238"
"239",-0.925199963937576,-0.403944829697309,0.143396371784959,0.235620428594159,-0.481513861265707,-0.302577135363204,0.0492471334074223,0.327698168388691,1.00953771534761,"239"
"240",1.32741090115029,1.50462715217261,0.120545514226269,0.140570161891155,-0.452432408525092,0.830379039007374,0.196478846076708,0.277156366467715,2.00647017609225,"240"
"242",-0.616600416131911,0.57463886362219,0.716034187630994,0.588176115414929,-0.0938333560563129,0.239305418359905,-0.0819444664525016,0.154116366049218,0.84285579831846,"242"
"243",-0.398246200206084,-0.230633371155856,-0.0652038126537962,-0.204561521356696,-0.403221226848052,-0.454452336263251,-0.141211348479036,-0.221085005287514,0.460208417860103,"243"
"244",-0.377716038930289,-0.943145421211762,-0.284213397429603,-0.316768135178196,-0.710144410946214,-0.701735195342082,-0.187349927886718,0.0101851267571202,1.01596884382244,"244"
"247",0.517994064510379,3.27721573093505,0.214993503111858,-0.520887853605301,0.185624535634394,0.307967439894123,-0.138016496994234,0.255745368701019,3.31790005846411,"247"
"248",0.748427341017635,3.18010990782241,0.179637529497882,-0.518530538984908,0.140282146250762,0.498566616595958,0.0118786451718999,0.211824741453246,3.26699288499577,"248"
"249",-1.70779894432871,-1.12954037184294,0.59579105265422,0.994529181455853,-0.0222137393831944,0.259765452054141,-0.0728306610330222,0.0293812285540107,2.04754455040015,"249"
"250",-0.59187684968731,-0.206187970696083,0.319818805160061,0.218342931448454,-0.520002648241067,-0.573826096503929,-0.148498071763062,-0.0320238083118769,0.626762861420125,"250"
"252",1.0901421866239,1.1810541112165,0.372460659536806,-0.539812689683675,1.18666879638252,0.0759740829365881,0.469836477421459,-0.0373540797250349,1.60726438418778,"252"
"253",-0.179116536999537,-1.7409320800176,0.0905710485121586,-0.564945504029874,1.00774638341285,-1.52923974582523,0.341779514949629,0.159187792288678,1.75012206461752,"253"
"254",0.797141447304307,1.42701689819383,-0.175004439742087,-0.347708165592329,-0.229064414299969,-0.183207995836799,0.0284427774635637,-0.437723137744641,1.63456774553432,"254"
"255",-1.03374853148261,0.146119569433348,1.39773492039666,1.43879726186615,-0.00771413232383616,0.405188330790083,-0.160780521802617,0.0693434883779813,1.04402440340915,"255"
"256",0.492665273526843,3.21197650602003,-0.452291463555014,-1.19004764883586,0.340280243752736,0.458220303070493,-0.0571445386310885,0.222210410304827,3.24954029779043,"256"
"257",-0.426291582016541,-1.19281627090789,0.391282944990519,0.565317276165504,-1.16135225427115,-0.74162391309662,0.330187695333469,0.724646322029405,1.26670247850108,"257"
"261",1.35924277093039,-1.60908928346008,0.158465457185372,-0.947952490016641,1.35658718638054,-1.30471455807271,0.608429898222459,0.050499481786151,2.10634974125206,"261"
"263",1.63530314372307,1.19823883860851,0.021568118872469,-0.99606993594778,1.73211323232986,-0.331671024018112,0.869560524049713,-0.0707072886987385,2.02731168945982,"263"
"264",-2.4442459635257,-1.18825542046889,-0.591711444919468,-0.0897119596018143,1.13619126139977,1.00304636023236,0.107098732762652,-0.0511257869317766,2.71777285189278,"264"
"265",0.891975148851816,1.11518962951465,-0.433338761176313,-0.95609374289724,1.0400381212908,-0.402056687157444,0.479067825089634,0.15727612693787,1.42802926298667,"265"
"266",0.805011686853835,0.811680382833609,0.645522384258452,0.223508791272075,-0.629130246173122,0.137237476360105,-0.0361347573050466,0.417294386077061,1.14318365097134,"266"
"269",-0.510256763882126,0.577646302523101,0.838623260862199,0.680259623042306,-0.399768598203416,-0.190529247274694,-0.360473024778646,-0.363397767122895,0.770738098128067,"269"
"271",-1.87273179800068,-1.12415917405757,-0.071493506519767,0.348428471981798,0.152636402534177,0.293284872219959,-0.0291310915083224,0.00254672848606893,2.18422943755015,"271"
"272",-1.37292264449113,-1.05771175017634,-0.624028722745409,-0.371937320579316,-0.377795445004146,-0.480978261661052,0.0693586242428987,0.187609381026391,1.73311013332033,"272"
"274",-0.860757551641616,-0.701736711976431,-0.341355302301866,-0.294442057943949,-0.513071873987295,-0.744927251162022,-0.183263669742421,-0.223336944841559,1.11055750668012,"274"
"275",-1.04062938766078,-0.812730994288567,0.645699080800674,0.927146458360848,-0.460084503456524,0.038254812393735,0.283481347023346,0.434623989782,1.32039433183444,"275"
"276",-1.32814763117852,-0.0740621713841482,-0.363900420915991,-0.278272570007957,0.246331716672203,0.230064115606101,0.000442815687075868,0.131904981353462,1.33021101162006,"276"
"277",-1.58385490365234,-1.71665269378328,-0.873875130304235,-0.509427226275441,-0.314996903914539,-0.590175948662838,0.210133672947818,0.476873314566445,2.33569964398185,"277"
"279",-2.85023701418142,-2.17614811320607,-0.545690800677149,0.295866439557859,0.668199740980441,0.791666716709334,0.272107421366438,0.364614013600689,3.58601054761697,"279"
"280",0.413695618228098,2.56846195362555,-0.606601286457343,-1.02062872289311,0.383918266332772,0.187339147097583,-0.010116972547884,0.218830804241813,2.60156508120845,"280"
"282",-2.44036757752962,-1.19370455523386,-0.576988947135655,-0.0979550380655368,1.18148121952715,0.965455950112277,0.114475213331935,-0.0542551132802589,2.71667526190449,"282"
"283",-1.16164449663181,0.533699370349649,-0.629845798723723,-0.59269126313642,0.404806290103711,0.428708245696325,-0.0601208186500499,-0.0595665965400693,1.27837903395925,"283"
"284",-1.87816142078154,-0.523155655237388,-0.660996247841609,-0.352546426084501,0.520015781293629,0.533607410521025,0.0350475944359241,0.0520520506798609,1.94966206356871,"284"
"285",-0.551963840651837,1.60921504817973,-0.120991502003897,-0.476143315008562,0.221359638378869,0.309738577576923,-0.16403231315791,0.0530547099889315,1.70124576492499,"285"
"287",-2.54567547014797,-1.1243693623001,-0.64556977813622,-0.0500550860947442,0.951244810008718,1.09753082140886,0.0573107373629526,-0.0350664185790375,2.78292473167928,"287"
"289",-1.64119725196081,-1.41619217170796,-0.48174266237348,-0.0836960451086254,0.0657645904541278,0.0723713705605537,0.24852050989797,0.350168128747472,2.16774737620661,"289"
"293",-1.34402116189187,-0.987919659951758,-0.633369697652456,-0.400542721723713,-0.257588536233529,-0.302764508547681,-0.0940097875208053,-0.0991390263098413,1.66804620383621,"293"
"295",-1.65877471006298,-0.277784941005295,0.18469687036261,0.417526573395818,0.42575925760892,0.636320753179409,-0.264545598453179,-0.469794589245372,1.68187336389927,"295"
"296",-2.18814650434487,-1.18805285267301,-0.715309321855741,-0.208074162819429,0.530582867029479,0.601510389823694,0.0439842444537033,-0.0748631478167956,2.48987041936346,"296"
"301",-0.00661759935632053,0.961005616895884,2.20570036666973,2.00335254503705,-0.597607611172734,-0.0289974565676497,-0.157894464038023,0.264478574574831,0.961028401415213,"301"
"302",-0.812905411085029,-0.840290259869204,-0.504334426241277,-0.344766004973575,-0.352093578693187,0.120056710704859,-0.494519384044851,-0.515166912874858,1.16914623901477,"302"
"304",-0.331338567878408,0.110969705939812,-0.334801105377276,-0.286736984257217,-0.481432701777137,-0.256893704780402,0.0534936362488892,-0.18198536403378,0.349427420504005,"304"
"305",0.290030554081328,-0.388989853849874,-0.518012230918421,-1.16749245085046,0.016537945805601,-1.35641902195267,-0.165801963798039,-0.562636917869259,0.48521214813612,"305"
"307",-0.035077287415978,1.12222151960576,-0.764081541694912,-0.859013601828345,-0.0681233888369456,0.156731452538352,0.0729683367563277,0.292796819505767,1.12276959130479,"307"
"309",0.248938828415882,1.96893721742914,-0.274897358565704,-0.817261967938615,-0.117718406528442,0.123074004617351,0.0738310487101205,0.281860553954392,1.98461187804334,"309"
"313",-2.85511901346608,-2.00558026117829,-0.761025955061898,0.0661739137898833,0.722675936994093,0.880283600707566,0.23202413857559,0.301769558367311,3.48913409961318,"313"
"314",-1.87914427998278,-2.00480653909781,-0.655059031598457,-0.0815805242064264,-0.276228324387799,-0.148537257288124,0.0837075172141599,0.278820911309143,2.74780503023801,"314"
"315",0.141617816071023,0.30615048685254,-0.421582756923862,-0.0673388561849394,-0.510039431428605,-0.605793203937248,-0.123947412175614,-0.078812395352419,0.337318434759759,"315"
"317",-0.57121708660968,0.310829515748091,-0.786005778539796,-0.9049694187005,-0.594046288667795,-0.549858263207676,-0.090413519891951,0.000708883187260371,0.650310654914283,"317"
"321",-0.720922806622424,-0.232741024919696,-0.363824159717231,-0.341762993435015,-0.427044337071662,-0.479487989418372,-0.169049204584773,-0.155624149875516,0.757560609977198,"321"
"323",-1.68795721772413,-0.304823681098738,-0.226570109373144,0.0299373347107269,0.515466974211147,0.716194493452538,-0.202016271668285,-0.495833618317265,1.71526005183633,"323"
"324",-0.125296747331721,1.79629700192163,-0.232385587114368,-0.613924995959629,0.183013153858761,0.299891394460548,-0.145779932327961,0.145768696331241,1.80066159896982,"324"
"325",-0.0529165574358803,0.616765355009971,-0.500185372312935,-0.437915195502196,-0.149398013017083,0.403786521927306,0.0942380460136208,-0.39119614426699,0.619031231192288,"325"
"326",-1.17921534245488,-1.05140666868626,-0.0598909237993698,0.103291778249315,-0.35842322238992,-0.494134119659874,-0.0601430281261487,0.0625085028519811,1.57987493392323,"326"
"328",-0.272729411604918,-0.391713112039157,-0.481873916170631,-1.02211536184617,0.565645239657055,-0.95505087391679,-0.0321390763205699,-0.516005345857454,0.477305451569292,"328"
"329",0.207948156195884,-0.205940265757231,0.212772160377291,-0.294188793683068,0.417198180601036,-0.741773539244753,-0.0555931705304381,-0.533069473792783,0.292666753707056,"329"
"336",-0.12565319493521,1.51855243688695,0.406954955988113,0.040213977586933,-0.176756829768351,0.00458698823165549,-0.375947488083777,-0.397483504271722,1.52374217929829,"336"
"338",-1.74779105044995,-0.542641326994525,-0.348278861382451,-0.0216564691452467,0.382362099450359,0.59260846613204,0.0401680871976347,0.058416152711054,1.83009102664194,"338"
"339",0.76049151666425,-0.270199506407016,-0.180878585723354,-1.18186565585953,1.28896725333244,-1.04347928523504,0.733538970582521,-0.0532074275014811,0.807065747124041,"339"
"342",0.568000628154909,3.24817811525384,-0.00920049903598419,-0.645030017381046,0.179743411323649,0.417196583820673,-0.115678826791702,0.249182135675755,3.29746657026245,"342"
"344",-0.244150508396633,1.0171385009089,0.118937939393565,-0.218929328605687,-0.338305090916139,-0.236767862581308,-0.453112814409031,-0.786776290769359,1.04603068825993,"344"
"347",0.0292570454220061,0.555913548331524,-0.440256071360693,-0.825216052245346,0.154466245128166,-0.280386184670459,0.0677579477467588,-0.11268878665348,0.556682897101547,"347"
"353",-0.107177260756963,0.180177990151521,-0.265410554673214,-0.66868565098587,-0.280867188097008,-0.822308501864048,-0.223107100006676,-0.49792957193484,0.209645112889395,"353"
"354",-1.44158376891105,-0.293024735348332,0.997926247395969,1.1873013348849,0.261733835963625,0.565510061569443,-0.267995339470076,-0.45533333158716,1.47106330873751,"354"
"355",0.940068414751962,3.13708693727697,0.427165104207808,-0.13588238492168,0.0142959802154531,0.586942046762289,-0.0900424309423271,0.259220239773714,3.27491115550453,"355"
"356",-1.71506410591332,-0.295913557981672,-0.226205134088679,0.0288801385068436,0.505972749426444,0.709730636392893,-0.255111744833801,-0.477420491801536,1.74040504515174,"356"
"357",-1.52222188039395,-1.15272035015923,-0.826648118703215,-0.517773637122433,-0.20492033125891,-0.279386047727144,0.0937660840595987,0.272067678479546,1.90943019218335,"357"
"358",-1.14637825678381,0.0203815946296918,0.411747575275994,0.419871929910192,0.264682112985682,0.308959314042555,-0.288182219324472,-0.492632719615564,1.1465594258591,"358"
"359",-0.307062144497679,0.434954205881187,-0.59515651387221,-0.616462694468285,-0.372074482578299,-0.3900809169459,-0.0995232354733294,-0.0855722844525725,0.532421188343634,"359"
"361",-0.371709839064687,0.821474868749083,-0.0140232143348731,-0.363601633637608,-0.0672627918774849,-0.207899190887493,-0.473682583963594,-0.844532023030732,0.901659117651354,"361"
"363",0.112885666894716,1.2092848836245,0.140402643508672,-0.689803788192468,1.15418733843007,-0.0587595088209135,0.0937302902903618,-0.0233038332267867,1.21454234325238,"363"
"364",-2.53631264125438,-1.12940270734984,-0.644906590704511,-0.0515572735296844,0.955156661242701,1.10063836935882,0.0584696916114948,-0.0351113502060457,2.77640636246856,"364"
"366",-1.62603937462239,-0.535291828544474,0.347048753519767,0.612313015647221,0.280271362559665,0.466550085987574,-0.0261431357133727,0.0906226003282352,1.71188241112784,"366"
"368",-0.919606455125935,-0.833019076592049,0.0123932148869977,-0.0162473069984028,0.124012560578608,-0.265685921230289,-0.174714601381857,-0.311543205056181,1.24080490580734,"368"
"369",0.184728144290266,1.7540927714051,0.807101234004855,0.333304098026615,0.0574463245647551,0.165914498402085,-0.113173825126235,0.150997427887631,1.76379305418423,"369"
"371",2.2271949824069,2.00012840820579,1.61650279896091,0.880184522601967,0.509502667251472,0.334494420634099,0.474479705579426,0.126346665752353,2.99347810063316,"371"
"375",-1.56684427052366,-1.31961572802753,0.902976735777566,1.21230594236403,0.056139344954739,0.0536706418230568,0.0505672893603339,0.262513392988343,2.04850839337564,"375"
"376",1.67012575902,2.6496987292485,-0.6901075278733,-1.18239937282582,0.0602277693901968,1.53075414840521,-0.119365156671328,0.302178415165882,3.13212761660875,"376"
"379",-0.187281735894951,1.38815386268132,-0.75430452052628,-0.849655789624223,-0.0646894279067476,-0.00138764977773601,0.0632408231278758,0.28255509986168,1.40073037915114,"379"
"381",-0.00203346822587752,0.389072435746119,-0.271360454514187,-0.44873743650784,-0.56542477993938,-0.210766557628141,0.26156535483564,0.239430726535321,0.389077749621388,"381"
"382",0.708205898002236,3.1873604153961,0.382471264420479,-0.435704432227773,0.235838343710966,0.337440620079469,-0.102207386716411,0.251130150781142,3.26509142469229,"382"
"383",-1.76960554097645,-0.564972829309778,-0.684171327482913,-0.346023033270154,0.481335998741967,0.636859927732773,0.126438369672289,0.0239416354571828,1.85760546632293,"383"
"386",-0.272633619706696,1.51044996008894,0.30659753857791,-0.121116051457316,0.240202945900457,0.302520730445109,-0.113555698338744,0.0476444677896335,1.5348577043254,"386"
"387",-0.726475020240165,0.628525498889852,0.71914505005979,0.597893344452979,-0.109429133242234,0.177998943623929,-0.116543535327915,0.161974893506553,0.960630135789881,"387"
"388",0.55602536836387,2.00775057377099,-0.105399930356892,-0.50693282206736,0.419338383637622,-0.0202033857297686,0.0794444353835704,0.195352728873206,2.08332104504849,"388"
"389",-0.305574639932668,2.10866354783341,-0.504306499684686,-1.0218891041248,0.180636173410845,0.150744710256766,-0.158513794679696,0.184598129276599,2.13068951715903,"389"
"390",-0.588787191690644,0.243250474888285,-0.317068670169589,-0.458039302954798,-0.156050864563726,-0.0362512689015212,-0.365261811271041,-0.357234886257878,0.637056630632106,"390"
"394",-1.60365373022352,-0.638417684181596,1.03627353390869,1.32766232559357,0.267740846781841,0.59940922244859,-0.110409870323479,-0.0480556066193776,1.72605979790261,"394"
"403",-1.18583038203888,-0.685891380054486,0.284666199410012,0.497155743362366,-0.432973753480922,-0.215321602499198,0.149045509532067,0.540064641972265,1.36990535446779,"403"
"405",-0.683759669551664,-0.473059247969447,-0.314543001132535,-0.195426904454298,-0.567429703474315,-0.191814786395962,0.0293322422953762,-0.16268450506737,0.831451945571613,"405"
"406",0.492397115126056,3.26076555444358,-0.329891386250953,-0.905759453143743,0.302558193996123,0.383772370093529,-0.0664810377671596,0.22507152541601,3.29773360355718,"406"
"407",-2.55927357798895,-1.11680098155819,-0.645299756119705,-0.0480772874966215,0.949830412499625,1.08877624297093,0.0616196507013239,-0.0372625220763754,2.79233337540518,"407"
"410",1.42432176847783,1.24633234742898,0.0396878807238669,-1.17720536511895,1.75801306171137,-0.606385103120408,0.598046340982103,-0.337932298444856,1.8926269628238,"410"
"411",0.569849995508621,3.20848931367489,-0.550495075571203,-1.10591977282446,0.275838008222709,0.549791576424913,0.0261476306606679,0.194922252446904,3.25870107456132,"411"
"413",-0.261644066781947,-0.564790824162594,0.80324947811498,0.563833189670773,0.470160547074425,-0.0825334313455443,0.501125309892347,0.0981691088543553,0.622451839695617,"413"
"419",-0.378030620555384,-0.182470968376775,1.89511241865499,1.74595590457186,-0.515549222066306,-0.324307750595218,-0.280197387157131,-0.0967604165583005,0.419765177662282,"419"
"420",0.627116756102749,1.5369163722808,0.890703025322978,0.261630307530213,0.432725318410364,0.116564447421585,0.291690486768386,0.0175205683305571,1.6599359509239,"420"
"421",-1.00322127921677,-1.26437534037275,0.338612949916334,0.337189384611996,0.742868257561206,0.0461620360436865,0.381143066811192,0.157723127846594,1.61403157850646,"421"
"423",-2.50431713118803,-2.1896837115315,0.78474611616773,1.59206326313324,0.313860930058917,0.736299686038746,0.230059069806688,0.402394574886233,3.32660773914031,"423"
"427",0.653983456459148,2.31048487960555,1.32168571199334,0.60662334670163,-0.246477948246848,0.174086087396665,-0.156431071938771,0.283576679576786,2.40125690841445,"427"
"431",-0.611802187725358,0.101828610593015,-0.639720409200683,-0.712793163058754,-0.369611132432173,-0.310207696155364,0.0454654708879364,0.0877686328965683,0.620218496048641,"431"
"434",-0.736175612170436,0.634993661649755,0.719723911060113,0.600049602227927,-0.108124101796115,0.168752963112656,-0.10180182686993,0.156083517534478,0.97219930173287,"434"
"435",-1.23965810525955,-0.14132503587795,0.695190856367545,0.804543321938489,0.0367703865444491,0.286344655692782,-0.381157609338706,-0.677050269785494,1.24768785507498,"435"
"436",-1.02820083084223,-1.00863022893109,-0.641530618188634,-0.461585676367268,-0.548303908652568,-0.500266825545734,0.0184100239787226,0.382235824709587,1.44032353561907,"436"
"437",-0.1785752405539,1.84091653161856,-0.255700805343085,-0.585711617254273,0.112993155192614,0.315453604804403,-0.0484767185970287,0.108410330847694,1.84955745867097,"437"
"438",-1.03791177119903,0.489359292778085,-0.669031163894542,-0.578233381858205,0.322465875635956,0.580167650110925,0.0414179577511125,-0.0901379479152627,1.14749002706855,"438"
"440",-0.848815212080703,-0.80845430214599,1.22178428362467,1.14228777647292,0.281752649797207,-0.173989686527321,-0.0166894163834576,-0.241356053895676,1.17221398341684,"440"
"443",-1.22549979243013,-1.34561491321887,-0.37427962461662,-0.594105579718286,1.56366809091235,-0.201357950568225,0.462762567863886,0.190546273031044,1.82003550402824,"443"
"448",1.80108517294366,0.75634437800969,1.47986980508023,0.529342608008791,0.877401128638394,-0.4054838880884,0.499064923024497,-0.137628111716308,1.95344941535335,"448"
"450",-1.3172583684717,-0.928783033176759,-0.102072178616442,0.157364813732215,-0.354846693835164,-0.218692262372599,0.0329871035994131,0.280543611029827,1.61177155081784,"450"
"452",-1.03958976952565,0.173502754268982,-0.665281434838648,-0.712977401689918,0.0312941486764484,-0.0831824311653023,-0.373646129997039,-0.816870585972076,1.05396873513464,"452"
"455",-1.04644567340446,-0.257519816189617,-0.585032349875914,-0.529596736564718,-0.25911448891217,-0.225897202549609,-0.317933933739627,-0.483798013547243,1.07766646190612,"455"
"457",-2.50834126497433,-1.14294198181188,-0.64267495852805,-0.0549028450961399,0.969139527839076,1.10661505032077,0.0774697988559553,-0.0409944119884147,2.75646372647294,"457"
"460",-1.00326513532303,0.515753749459415,0.0869307281435104,0.00922566249444573,0.27233492025351,0.360900052643538,-0.117843807868237,-0.0279064336844882,1.12807041528275,"460"
"463",-0.647981403856583,1.61725102732247,-0.554012827922075,-0.832740815956064,0.328403150586555,0.326609180444818,-0.172725602868032,0.0493891148137524,1.74223442312438,"463"
"465",0.018654322779429,1.77269724042561,0.10086265468532,-0.289195147868855,0.11784282254413,0.297637755214149,-0.0529145249485179,0.11951567396721,1.77279538863653,"465"
"466",0.109514484198385,-0.506964715661265,0.850638716003382,0.249705362379751,0.501522776012698,-0.881177961570632,0.190559796934842,-0.179787603808501,0.518658505352747,"466"
"468",-1.55917760874206,-0.281667283765835,0.591135894397257,0.802801508971522,0.34040075293801,0.598365767765352,-0.276996401045165,-0.458988433496051,1.58441512058761,"468"
"469",-0.459888666192216,1.50849418259901,-0.481122740877463,-0.889237372955412,0.593198984206823,0.218205476084549,-0.0592838229948366,0.0128619948489217,1.57703908772963,"469"
"474",-0.0910467300471876,1.01090502257527,0.501415607408538,0.16612147612607,-0.583278559050894,-0.348541767422859,-0.308915424951158,-0.445500681176124,1.01499678409353,"474"
"476",0.135433440505565,-0.52900835528639,-0.132367258910365,-0.736192068699412,0.637444523028176,-0.829645997436457,0.360105182537637,0.134276454708001,0.546069644615031,"476"
"478",-0.276562394514191,0.225707221364666,-0.0362781527498955,0.0490973367141708,0.208741779833782,0.875929947795893,0.47559579937823,-0.212413082805596,0.356974099670524,"478"
"480",-0.120886858684594,1.80690260120928,0.204053262232961,-0.361163525420115,0.234784128106439,0.113717751093796,-0.149065435678924,0.147703750157226,1.81094192144848,"480"
"484",-0.607348244229779,0.0564505975398661,-0.500850212025062,-0.511255140271362,-0.0966947028022768,0.322146998917931,-0.141905828359566,-0.118624403223235,0.609966031621108,"484"
"486",-1.78457806046057,-0.579108276337296,-0.701348476685006,-0.395549194557185,0.300762357065084,0.36022768536579,-0.175592874162554,-0.451498621013995,1.87618902288644,"486"
"489",-1.16975371023926,0.354801203227986,-0.630295144690177,-0.628423562673857,0.280494112092174,0.328845789321813,-0.109833722621844,-0.171358205105212,1.2223778615594,"489"
"490",-0.254977571720325,0.805260912408354,0.352345951277509,-0.0737469911619914,0.264990432243272,-0.042061722050467,-0.0112194930637171,0.185989476176972,0.84466484426258,"490"
"494",-1.34793462979885,-0.576808039451793,0.322287948867194,0.496490274243061,0.089377855241055,0.168340717591925,0.00841090900797267,0.229283912332046,1.46616345629919,"494"
"495",-0.56728610174996,0.597547408991585,-0.466455843045241,-0.59089740591466,-0.138830344990446,0.0951217666240108,0.0925502701563683,0.283029354377988,0.823939577415251,"495"
"496",-0.85729959126533,0.0710989345803649,0.340884473152514,0.298906837214175,-0.0967146384388942,-0.0038540386508446,-0.0261102077376113,0.217459570488184,0.860242784150012,"496"
"500",1.1811411129331,1.05855026551485,2.30168028253219,1.38283889599546,0.736494530846287,-0.562374453589391,0.244610447060113,0.111624026210309,1.58607155995006,"500"
"516",-2.42104776273991,-1.14335482505704,-0.221988228263977,0.324678803098147,0.924711150685575,1.02325626184451,0.0744357406431372,-0.0347595588798435,2.67744888381629,"516"
"517",-1.4875742831926,0.0138044718372833,-0.154408128210517,-0.0650333330630648,0.677216414895492,0.617459797299763,-0.0464670944763623,-0.176415362484809,1.48763833355378,"517"
"519",-1.06905140101121,-0.396433925927057,1.32132196608531,1.44539248386051,-0.247566026045303,0.11810497049878,-0.22259268045055,-0.100983535252971,1.14018891225532,"519"
"521",-0.573987454761969,0.478949015792377,0.0630060658489205,-0.0672367187024298,0.27814789364338,0.230532330802529,0.0831899263717846,0.0890764961699814,0.747565219865538,"521"
"522",-1.15511932476344,0.113276883864242,-0.699044123134541,-0.644489072220963,0.0361676252795421,0.127144363176053,0.00390820323169554,0.189650063856292,1.16066028917161,"522"
"524",-2.19904293068028,-1.11321544138901,0.97372738150453,1.49935555442058,0.577973612792231,0.939078450699803,-0.0179716970185616,0.015560266381148,2.4647593046628,"524"
"527",1.68987728438859,1.21858832528705,1.58309001671491,0.304436878250955,1.40579579592508,-0.352920217269645,0.321867205919796,0.0850898799181211,2.08342092310183,"527"
"529",-1.85662262926437,-0.530587309497843,-0.671008332180711,-0.348720089461898,0.495586383753972,0.569331042850935,0.0466802515855832,0.0490867338656467,1.93095066754609,"529"
"534",-1.49283842112846,-0.323781045909707,0.619088698360053,0.779043818689587,0.437379420117364,0.559563037643484,-0.267949405190478,-0.460522204553953,1.52754728806924,"534"
"536",-0.445025928090015,0.36509901386862,-0.388175614634461,-0.682583818891365,0.194036467130572,-0.210001831422378,0.068841720180531,-0.104278208221733,0.575626064906914,"536"
"541",0.883363870100448,1.33657535465741,1.0829269871045,0.11063991159752,1.04412022203646,-0.229482463893076,0.187996917352543,0.0595186394213651,1.6021127943052,"541"
"543",-1.6191607696831,0.0334997148656224,-0.5769663288177,-0.441643588698712,0.702776105634708,0.689876790811724,-0.0902651647191014,-0.167214077022957,1.61950727969245,"543"
"544",1.27004606169616,1.78809434190278,-0.29279291656714,-1.26496705696375,1.42188966222525,-0.117365176673868,0.713599007881153,-0.0341053543263795,2.19323924239347,"544"
"545",-0.509490851369922,-0.653973595415717,1.55818181999925,1.29010750893407,0.638186873967137,-0.0145119908341305,0.0293406136025642,-0.134321822953079,0.829012901667162,"545"
"547",0.00761717969892442,1.50871121461193,1.01977395300105,0.727795615046692,-0.0891046517156789,0.400087215070471,0.0623471069761086,0.000653832308726267,1.50873044329408,"547"
"550",-2.55226185505401,-1.12120728550171,-0.644527391721673,-0.0498166518758955,0.953026737382409,1.09133069646229,0.0569448668742897,-0.0352596507652945,2.78767759144164,"550"
"559",-0.46255942657688,1.04897284756768,-0.0332582878459831,-0.347197463897088,-0.168330480245047,-0.147540031535045,-0.468859042920348,-0.705928682879513,1.14643153221175,"559"
"565",-0.905647035683609,0.580270858024909,-0.665859699127765,-0.664657146122666,0.22767731105642,0.351579129953046,0.0301887917678934,0.0930779108282979,1.07559789043837,"565"
"570",-1.14507313313185,0.112416905906883,-0.29505650673072,-0.291445206358458,0.226095468654481,0.240586992769526,-0.238302096682887,-0.339532903122,1.15057813335474,"570"
"573",-0.224523687935398,1.84407221433266,-0.19621127684426,-0.639969536613816,0.124375209076736,0.2852630665204,-0.0823067906559288,0.119372175431977,1.85769029122668,"573"
"576",-0.922214895107285,0.118550683752053,1.37486477123793,1.38171979775645,-0.177279556466958,0.195166390119818,-0.336228684822752,-0.371679394370961,0.929803515467553,"576"
"581",-0.369221320452071,1.86839814776507,-0.50247699662873,-0.973419059554748,0.277499578020892,0.203316117749388,-0.0967670063741523,0.115580344188669,1.90453039409938,"581"
"582",0.0531605144585001,2.05694350762029,0.275525127628885,-0.126559852834403,-0.0341260262495281,0.182161978971558,-0.119736667650586,0.189752952666656,2.05763034431328,"582"
"584",-0.184744418418182,0.598085280039882,0.87559198868645,0.246773816866945,0.841102945714364,-0.165485079300105,-0.226220870779486,-0.653250737671927,0.62596845155092,"584"
"588",-0.531146776590722,1.44619811479854,-0.590826458424327,-0.866740478480967,0.170480216261678,0.167826434837016,-0.248860466867879,-0.270505026501472,1.54065112388547,"588"
"591",-2.03837579546185,-0.782534067580183,-0.68141044665956,-0.278444853704588,0.533385934272826,0.608842768822376,-0.0581501060101765,-0.224820222353942,2.18342287485689,"591"
"593",-1.517908071719,-0.134048026098075,-0.0694212624067227,0.0979791893309342,0.286288757830719,0.400593191608981,-0.0878320180438532,-0.0408029406149254,1.52381553591321,"593"
"595",-1.07506421783846,-0.420135319475375,0.159742144466158,0.276228039169642,-0.399957992108892,-0.262611447990758,-0.00555012415766355,0.249802692114975,1.15424293766403,"595"
"604",-0.366697528253724,1.22844796447184,-0.141803476493879,-0.361709252987171,0.0131859936956472,0.0107223535840965,-0.0788697412396071,0.231989941057,1.28201071705442,"604"
"621",-1.57469055965195,-0.690759159669364,0.0338310299136793,0.341226602408955,0.14175551632265,0.250646087075379,-0.00382320731420656,0.0287388116418865,1.71953440655431,"621"
"626",-1.41681409548027,0.0951740020675137,-0.580771501829907,-0.528380148887123,0.606773798923736,0.507105660861836,-0.042462604968787,-0.00246881424864394,1.42000713794724,"626"
"627",0.419857236759042,3.27763317838334,-0.115609205511655,-0.851581456553384,0.269417397092754,0.324828081964153,-0.212544406630711,0.277123379796266,3.3044151299887,"627"
"632",-1.20015930098822,-0.928556195446872,-0.348123202539304,-0.136927545008962,-0.385000847129654,-0.358252573143911,0.0998455408068186,0.361157307451307,1.51743169726064,"632"
"633",-1.85598316697316,-0.268813954081394,-0.626299394873026,-0.3520663166978,0.605219263877088,0.703670520063225,-0.212020564082906,-0.501596611731216,1.87534915628972,"633"
"639",-0.606267812863375,1.60050830159216,-0.551305320276316,-0.834697286388523,0.350648772446492,0.331600837930755,-0.111951673140006,0.0286581096499244,1.71148692205917,"639"
"643",-0.730665172611064,-0.170708959197067,-0.19168820389413,-0.144382672923715,0.0817389647629161,0.417389165911822,0.0381385601590507,-0.151296538663891,0.750342017493957,"643"
"648",-1.73643882061358,-1.3813503357496,1.10752457432924,1.37518525699102,1.08066055406373,0.81385027728498,0.127944759502487,-0.0233452980246705,2.21886198935612,"648"
"651",-0.650538577712623,1.6092045791741,-0.520911422383809,-0.86649119288126,0.324808470443468,0.333802812307937,-0.166629649628583,0.0475972060452008,1.73572458032006,"651"
"653",-1.07645179582128,0.109465608474472,-0.348215120988693,-0.247504240940067,0.150345272636797,0.337527934655464,-0.0586299775742652,-0.401757526722373,1.08200332169802,"653"
"660",-0.616523909904502,1.22000958876847,-0.586657736250166,-0.866233764783295,0.103918732621073,0.170225884369269,-0.352358203731133,-0.452693008668612,1.36694006019685,"660"
"661",-1.67597032409555,-0.502779224936162,0.325462423857736,0.638664592114277,0.257041226094812,0.448677234796846,-0.0299420905219159,0.0897552791627124,1.74976097689838,"661"
"665",0.126923040022684,1.36599540095618,0.684983983914836,0.249573243709687,0.140263497590489,0.481208557598006,-0.0212219590107545,0.033944548405235,1.37187932906726,"665"
"673",0.856993302894748,3.08451012886685,0.315220215924965,-0.6095148549521,0.564830752077454,0.203070509632733,0.0124863811484069,0.211055379450554,3.20134975538266,"673"
"681",-2.33745439252024,-1.20747341415612,-0.712053463080764,-0.156145206090993,0.580387282833971,0.687942485717296,-0.000484090840682197,-0.164181276722911,2.63090955431881,"681"
"685",-2.55569815740891,-1.11661954946618,-0.649878978634835,-0.0453008223038952,0.937685568459233,1.10131111817287,0.0694487164929543,-0.0398195181065762,2.78898409641097,"685"
"704",-0.67590167123254,1.62337978327953,-0.522651360345883,-0.861998504807252,0.314930195216476,0.324295827527351,-0.164258109754992,0.0456811392064924,1.75846665875007,"704"
"705",-0.0882753725174078,1.47731358590881,0.992548090007076,0.552405935953172,-0.324074564788614,-0.110141596403729,-0.160103506574199,0.294789893310471,1.47994863846819,"705"
"721",0.286091593447595,3.30996170637883,-0.444378038353994,-1.17519766495006,0.314384515632109,0.34221832359332,-0.14940233309957,0.246954434111288,3.32230264990047,"721"
"731",-1.29909853215421,-0.383482090560224,0.47804936690762,0.609230397075794,0.0179737961664577,0.112216303197436,-0.160302849206579,-0.139097673812607,1.35451670717849,"731"
"750",-0.942370289991236,0.00356501612295756,1.0471270181893,1.07921855933655,0.00283773152150252,0.379176574486839,-0.328759204782753,-0.464000383681275,0.942377033250558,"750"
"752",-0.573087762020213,0.912312826259156,-0.655543418692631,-0.78129426718453,0.177006103951321,0.190123718115442,0.0518344380651099,0.147372450322577,1.07737842744985,"752"
"760",-2.32914953190208,-1.1445979104145,0.180052430184058,0.711258686495467,0.822118732972009,0.99717017417401,0.0354452548661546,-0.0143154177969974,2.59519593065436,"760"
"761",-2.11463812029789,-1.45542474763957,0.26798402538143,0.807831747298485,0.260539187865642,0.466072168690334,0.0245041323480514,0.104720552328479,2.56709087798985,"761"
"762",-2.46854008070024,-1.16627524283757,-0.648836736734863,-0.0598497056436483,0.954638185007375,1.15080843575985,0.0382007811359916,-0.0245109181185958,2.7301809595848,"762"
"764",-0.546085790163872,0.026036715964003,1.80379567497803,1.58830802980851,0.0225257931856179,-0.077785895883845,-0.247918468610292,-0.303131856470981,0.546706137515476,"764"
"766",0.279797735879693,3.31168292768645,-0.443589606211039,-1.17596476791213,0.31412526431682,0.339134874523791,-0.163215005085275,0.251750634190671,3.32348169643422,"766"
"772",-0.542290276979735,-0.399264891918506,0.581047474762871,0.436712686107262,0.40238104414165,0.250983783256147,0.0471368790153404,0.150079391668671,0.673417551319725,"772"
"781",-1.98662298015361,-1.15670952828553,0.434398871189391,0.906136158065338,0.231399436173562,0.486712794045313,-0.0394918047918222,-0.0294723005502332,2.29883618339823,"781"
"800",-2.57572239717794,-1.10695200406334,-0.647231812997818,-0.0443558727659371,0.941458678121704,1.0839799211566,0.0674185731801574,-0.0400476330673559,2.80351361805573,"800"
"821",0.0958500873229463,1.45464309544097,1.56257444953272,1.00736122131507,0.109817123484979,0.125249815474864,-0.120274884367325,0.0703629357013989,1.45779757660448,"821"
"827",-2.37569377574859,-1.11855969337098,0.171403599870189,0.721361327638756,0.786268201446033,0.996512379272465,0.0248540058779156,-0.0120993548508099,2.62585161495558,"827"
"843",-0.147946482546691,1.39243366393558,0.799134181116693,0.380167712703633,-0.0539530678526078,0.0309010255975319,-0.324383702338453,-0.220121689082748,1.40027128448704,"843"
"858",-2.04605172158555,-0.606037479172975,-0.65274642991209,-0.274211092276082,0.634277640670975,0.726174810955502,-0.0295053979677567,-0.105174368383154,2.13391871297047,"858"
