"","Comp.1","Comp.2","Comp.3","Comp.4","Comp.5","PCconnall","net_id"
"2",1.3222171414937,-6.41486398371039,-2.0873129259936,3.82614720757466,0.227576808910539,6.87427184142324,"2"
"3",0.842395350110037,-4.2702348521215,-1.49658881695348,1.86942409423296,0.071608672566768,4.60264203530868,"3"
"5",1.04538393036704,-1.37368229358669,-0.760595037484473,-0.499535977836161,-0.870145123837312,1.88635506112429,"5"
"6",1.5022807509989,-5.28316775086572,-1.88580094332908,2.76768975921529,-0.431598777939614,5.80731901452557,"6"
"7",-0.534104333486179,-0.975264815359008,-0.425945773840514,-1.06211717358448,0.317663218318349,1.19073032269215,"7"
"8",0.980339424238105,0.156516282346884,0.0940747655443246,-0.419297739120049,0.217445676854201,0.997202484386901,"8"
"9",1.19536860892617,-4.60726965185077,-1.65295074742821,2.24809895188575,-0.156140552528284,5.03865914003861,"9"
"10",1.44001195460998,-4.98730347845098,-1.7465257399973,3.23278490315092,0.442504129132916,5.47696837457201,"10"
"11",-0.403876004840854,-2.16657692146387,-0.713255253595435,-0.234550656932975,0.559391546653767,2.31644219454912,"11"
"13",-0.0514896873229291,-1.01432079345986,-0.541848515928623,-0.878281783969793,0.118245012514889,1.15112886948408,"13"
"14",-0.54441501552156,-0.818221763336418,-0.256093995134542,-1.12029184331091,-0.0626270078203941,1.01560755091062,"14"
"15",3.51675860114812,-4.16250892078212,8.66038401817236,-0.343623974936944,-0.154214059572776,10.2321221120819,"15"
"16",1.19182618259228,-1.06061180259292,-0.180985730267049,-0.39676386332557,-0.396684490152327,1.60564718411991,"16"
"17",1.10519472947367,-0.484452521947797,-0.622695832405647,-0.547388418264035,-0.419016793214906,1.35790269746154,"17"
"18",1.21366432218949,-0.630537637565478,-0.602327624407577,-0.0692982030138628,0.00126253196951198,1.49444215895658,"18"
"19",-2.46250760237438,-0.300905288870069,0.29484122898925,-0.241390098486972,0.378554951806801,2.49828321751828,"19"
"20",0.43872817924134,-2.51842495931179,-0.98924276667026,0.544396791754925,0.301357667188103,2.7410851760488,"20"
"21",0.493880146076573,-1.27825400572748,-0.705910234615649,-0.262943214675709,-0.00342665356957828,1.54147986077732,"21"
"23",-1.08482522732887,-1.26208840109454,-0.366139977074588,-0.944266053755702,0.411473057362522,1.70404559470652,"23"
"24",1.70970843957424,-4.00890912802174,0.101512796491801,1.65559077783767,-0.152898183957758,4.35944494092298,"24"
"25",0.409289563324604,-0.58720648545925,-0.461641673655632,-0.960771753641533,-0.291869830070691,0.851729087249827,"25"
"26",0.234606213268005,-1.41699599871747,-0.690544094231049,-0.705719175176674,-0.174399970858038,1.5936652351616,"26"
"27",-0.994479259301127,-0.491860136596086,-0.157965897227395,-0.817311416553483,0.252612283934032,1.12065544028452,"27"
"28",1.02191057875982,-3.74502047694503,-1.07833801624582,1.22000094696365,-0.36476969626997,4.02893192806726,"28"
"29",0.199789844035921,-2.06057104870849,-0.860039689400301,-0.249047249618589,-0.177153572427379,2.24177101772221,"29"
"30",-2.5494764540134,-0.161316076238065,0.370459105752148,-0.0270567466259598,0.183242369793997,2.58129677004723,"30"
"31",0.822307243769155,-1.79741206400122,0.679244814577589,-0.684930190871633,-0.327825923734445,2.09003656645115,"31"
"32",0.810669337131759,-0.389389891274925,-0.563974391937267,-0.738488674610557,-0.474063960400772,1.06154433555728,"32"
"33",0.428715968167075,-3.89839796970621,-1.33186973215674,1.27999442614968,0.123043606804386,4.14188134728727,"33"
"34",0.895925156681385,-5.01948006228065,-1.68797848144136,2.38451057082009,0.0596942928489617,5.37095274004684,"34"
"35",0.161308071581731,-1.58833255640533,-0.710569655318989,-0.237690122123425,0.379953651157982,1.74749244311803,"35"
"36",4.26191562242547,-5.56298097792624,11.2858683145485,-0.0878700243340988,-0.148465521784632,13.28463419695,"36"
"37",-0.212679796921745,-1.21432910732479,-0.489846096025346,-0.96751819064021,0.0968075659484526,1.32656589535016,"37"
"38",-1.77518280728147,0.523030206657504,0.421968471114097,0.581934219069057,-0.207209654710879,1.89812854858628,"38"
"39",-0.620883723545294,0.421444844656727,0.0799377158888827,0.0808555536435442,0.279186063467614,0.754653823731606,"39"
"40",1.6189263410594,-1.03829842767085,2.416396318903,-0.553668578066646,0.281955591797591,3.08835834913757,"40"
"41",-0.398065964168185,-0.748034336761893,-0.390062631216314,-0.99174478927598,0.0302308011611914,0.932824065446077,"41"
"42",-1.62274000407784,0.293141787951165,0.29594506389389,0.25671379993048,-0.097046304909671,1.67535092130601,"42"
"43",-0.317396259592846,-3.02637634614912,-0.962258111399702,0.395734203225262,0.475180774771525,3.19149414022475,"43"
"44",1.68556640002329,0.49645438337254,0.221953446903154,-0.136431350960167,0.222619289611308,1.77111952624589,"44"
"45",0.493528671175993,-1.04409765622179,-0.670024610680986,-0.673794763130711,-0.303975526601903,1.33515671137091,"45"
"46",-0.506352999159567,-1.27520275703247,-0.516116862089625,-1.01784981753908,0.267508599299862,1.46591679389873,"46"
"47",0.637556155752493,-3.05702155240795,-1.14711750586082,1.16062923547809,0.402927747256139,3.32682088424925,"47"
"48",1.00320126386654,-3.55469282628518,-1.30818710024497,1.14193995883083,-0.446055052889063,3.91836794524379,"48"
"49",-0.932526749053484,-0.724614089802663,-0.252427560997201,-0.980656796783528,0.153726393997243,1.2076387665158,"49"
"50",0.957328584330026,-3.35155653728028,-1.26746575786488,1.08838085717877,-0.322474426864009,3.70889184101148,"50"
"51",-0.342491336897857,0.106560460082339,0.0226193149628087,-0.290875170738172,0.12137753258971,0.359398220519284,"51"
"52",0.52878157896572,-1.55436711345076,-0.732790484254994,-0.455647648142795,-0.357837573592034,1.79795688920658,"52"
"53",0.126221013023177,-1.36844547978111,-0.691927718564906,-0.909346743338654,-0.354984229006893,1.53861585296018,"53"
"54",0.527225067646482,0.219442802726413,-0.291043352662758,-0.350076942717766,-0.33443738368201,0.640958383011284,"54"
"56",0.0455827829260458,-1.47661161900205,-0.680764014286946,-0.629003876174576,0.0520978410549873,1.62662205401845,"56"
"57",0.00235736293801109,-2.04367237035494,-0.800163673965415,-0.187902216433709,0.286683220236399,2.19473556941286,"57"
"58",1.9174830832456,-0.00341362336412117,-0.622710253718644,0.548494444691626,0.28830402442112,2.0160657448218,"58"
"59",0.483042526169451,-3.96518576612736,-1.3575317884849,1.37032068372494,0.149936264222545,4.21887672239118,"59"
"60",0.629300232449463,-1.63157133074572,-0.826327380960112,-0.387387612117335,-0.43657408157063,1.93413048432537,"60"
"61",-1.18371043997336,0.271285353809154,0.199500951734985,0.127668094655522,-0.141563790367101,1.23067736577725,"61"
"62",-0.949431104399933,-0.422630353291519,-0.145899241658466,-0.790433934540788,0.432613226587731,1.04943910077808,"62"
"63",-0.570317451604209,-1.68351977217246,-0.598280947533328,-0.757038982546008,0.434026617699301,1.87548418044016,"63"
"64",-0.135618085180031,-2.23145753823061,-0.813643837163029,-0.0985167949734316,0.405284561276463,2.37903579285968,"64"
"65",2.31924875042151,0.735420630092602,0.516678934931196,0.120946857245626,0.285665317522002,2.48731087548363,"65"
"66",-2.80890562488796,0.616614983028584,0.726284855205449,0.924547647374118,0.181311556635201,2.96608404090703,"66"
"67",1.0409152973314,-0.848555297097734,1.38898451320361,-0.719759927922975,0.185315732027925,1.93205298228869,"67"
"68",-0.0728418294435494,-1.35585796752944,-0.629460184970756,-0.797821684594703,0.0727349926258125,1.49662182420716,"68"
"69",2.68528013356107,1.20267551000065,0.117044620125396,0.366653408654679,0.237370219992843,2.94463193305265,"69"
"70",0.120742805767553,-0.141274059264035,-0.317902638575268,-0.667779101611899,-0.0538581567571769,0.368238065086537,"70"
"71",1.22926925219459,0.471886351580683,-0.376059804509988,-0.224628830179037,0.178720219315962,1.36937964048224,"71"
"72",0.760979235059891,0.65886537330471,-0.00698601552720493,0.0793303512435697,0.135605349422064,1.00659911620527,"72"
"73",-0.464103336864933,-0.678008178796651,-0.354469259842641,-1.01394613931103,0.206142464431297,0.894838227825402,"73"
"74",0.257464218338155,-0.337885508538294,-0.418664609221068,-0.80594968819323,-0.225737816622035,0.596434820930911,"74"
"75",1.26951730804375,-0.415014496097115,-0.623429239320139,0.0213003346062275,0.162568863595248,1.47396582179936,"75"
"77",2.87516057987737,1.53521920480752,-0.286287459923498,0.505447210490203,0.225597947198655,3.27191180758284,"77"
"78",1.94869493106171,0.934026961356604,-0.0827746696513188,0.12135073676981,0.254786547014215,2.16256096904169,"78"
"79",-1.02548033366904,-1.50868977186191,-0.450633824958582,-0.955547225316439,0.692781295286928,1.87904911768147,"79"
"80",0.980333587671053,0.523658265908704,-0.29772262230694,-0.19511735411313,0.352117541296513,1.15061317670355,"80"
"81",0.00543621297211228,-0.0377616371155555,-0.198463728490671,-0.488590465315157,-0.507875796090582,0.202097365582889,"81"
"83",-1.30647757911056,-0.360122124824438,-0.0292001121342662,-0.608631490247718,0.283179651340876,1.35551623230978,"83"
"85",0.454141964033607,0.694834630551498,-0.0986407861075193,0.129307592095131,0.170917782498668,0.835924692776717,"85"
"86",0.0141299040020778,-0.283474301895129,-0.315320891329512,-0.783247396626789,0.00852953817043658,0.424245917518221,"86"
"87",-0.535540844469843,-1.06941992555145,-0.451719527795842,-1.02029393840767,-0.0219163922993633,1.27848093652352,"87"
"88",-0.715918731577326,-1.57324247770217,-0.539791713653662,-0.880222497450432,0.506743440417858,1.81080275513345,"88"
"90",3.31897354120927,-2.25990085296571,6.25368200758469,-0.247368525522967,0.00801091511975738,7.43177474661812,"90"
"91",-1.28054161131663,0.323909331339032,0.218624539117878,0.220537290679673,-0.21999931303755,1.33884306860304,"91"
"92",1.19430529050649,0.230890095640125,-0.447261953077518,-0.361171226846096,0.118600192467129,1.29603958962186,"92"
"93",2.62779537734835,1.20599569704617,0.05366285696783,0.352072345280219,0.236980739081261,2.89181843633469,"93"
"94",-3.07552510602909,0.4775536835131,0.743783011066805,0.81877406684207,0.296191113526273,3.20001958837813,"94"
"95",1.97647955234055,0.943315839620566,-0.373621967867757,0.0829527996876011,0.0912175668818442,2.22169070056404,"95"
"96",-0.503490055250724,-0.0427674499281522,-0.0694557774708534,-0.427332770470791,-0.0361590145706074,0.510054306455513,"96"
"97",-0.996079231615746,-0.0566027572176816,0.0024654302274526,-0.306772602813893,-0.134790163807915,0.997689223218867,"97"
"98",0.749417892742846,-0.207504634916992,-0.489467786402439,-0.666597520247925,-0.126365591856698,0.918838432696884,"98"
"99",0.282241053091774,-0.644791579170099,-0.526477301206686,-0.977797699353162,-0.387584261124923,0.878973572586172,"99"
"100",2.90940540459022,-0.975017088211108,4.08683982909442,-0.0769174251758971,0.315913196445761,5.11053401507464,"100"
"102",-0.408834239051964,-0.813697319787696,-0.418716391119915,-1.14077226477259,-0.225221707425049,1.00228348257535,"102"
"103",-0.593524348617871,-0.293631099796745,-0.187748550023421,-0.634756278589199,-0.258003497843259,0.688287652951882,"103"
"104",-1.16450767138293,-0.186854305445139,-0.00391608440331526,-0.492237064849017,0.499739828786793,1.1794100151729,"104"
"105",2.22817948201633,1.1257991520458,-0.393840293090224,0.260061792342147,0.261850258016545,2.52731432775724,"105"
"106",-3.92716659056894,0.0240719194648977,0.797530814136496,0.488065925804073,0.664859275582597,4.0074021868144,"106"
"108",-2.43550994427987,0.810593671782287,0.701600246260833,1.07327793935751,0.0205679780177057,2.66101741726222,"108"
"109",0.132569888868134,-0.349737361278069,-0.236029786964287,-0.820838960924764,0.193490279745405,0.442268083454665,"109"
"110",-1.30319543050873,-1.08962465134674,-0.271801974053316,-1.07677589554652,0.651704798344091,1.72031291456544,"110"
"111",0.14275252140939,-0.0990178320753108,-0.30997381186096,-0.633146247011395,-0.290534181222686,0.355340087067652,"111"
"112",2.86365901586564,1.55167574963454,-0.330224396164067,0.505467030855377,0.225429172930663,3.27372704161089,"112"
"113",0.402937505209579,0.55940257182288,-0.13537958792829,-0.0143821911246206,0.219586885870364,0.702579179377105,"113"
"114",-1.11164448390588,-0.633929728810598,-0.148339788122148,-0.852891825722144,0.0918040544414591,1.28826435656987,"114"
"115",-1.05659315197284,-0.618274961016225,-0.0793312726940257,-0.853696490066972,0.206873564902923,1.22676259603999,"115"
"117",0.475770341488455,-0.264895546483694,-0.450837769248289,-0.807844019206399,-0.262466969542998,0.706952447175699,"117"
"118",1.46834587116513,0.549435573959884,-0.412059222374385,-0.212264535697813,-0.048505539857425,1.62102185366025,"118"
"119",-0.0590077068538623,-0.470577854515602,-0.362074734887625,-0.891773381628381,-0.440349707238465,0.596677082074218,"119"
"120",-0.0146109849792648,-0.86325353057466,-0.523139260784551,-1.06737682790374,-0.237634173508701,1.00950226602316,"120"
"122",0.943013312664298,0.102767992528205,-0.362578978629973,-0.555115404773403,-0.272451009071812,1.01552886906022,"122"
"123",0.0798588150842636,-0.747367642165349,0.242034122396415,-0.974515194306891,0.0558950907577124,0.789630508090118,"123"
"125",0.780966036641294,0.485875997224306,-0.260165566094072,-0.143297339459306,-0.24111309662906,0.955860636728479,"125"
"126",1.75785757695144,-1.11215229989935,1.04465292164765,-0.541907820298356,-0.630493766795139,2.32771255221171,"126"
"127",1.02475910478605,0.275152782362427,0.12563493068118,-0.322850676538341,0.408527464866085,1.06846825516295,"127"
"129",1.57631863808815,0.463584795530399,-0.079423182570455,-0.239819983584104,-0.124789743156658,1.64499220465043,"129"
"130",-0.394662859661238,-0.564104073721949,-0.0228754505272825,-0.923820354633615,0.256729423509387,0.688836312212495,"130"
"132",-1.03927973277261,-0.995084177878441,-0.31441293864263,-1.14687740493194,0.506062201657974,1.47280357821463,"132"
"133",2.2881839425311,-0.53480120257059,2.52732251926286,-0.207909813405605,0.2658905451701,3.45096467636243,"133"
"134",0.131940422395149,-0.133909466413721,-0.313937804087226,-0.582597999879315,-0.324044268294565,0.36591934233124,"134"
"135",-0.1092338625188,-0.211136789646927,-0.0234459827529484,-0.666302782367184,0.197443528762548,0.238873386484217,"135"
"136",2.41460774108054,1.03943823000217,-0.0316964176697211,0.203977018386798,0.0614084742402494,2.62902397101457,"136"
"137",0.254486288126956,0.794736553104666,-0.00608462486447191,0.413847676836458,-0.688558665932106,0.834509725734256,"137"
"139",0.92509855737815,-0.830877755652648,-0.4026420596652,-0.640925719502749,-0.422118153618355,1.30701408328792,"139"
"140",-0.187463649666634,-0.536867864819667,-0.381092869372111,-0.973027164111667,-0.33932604537336,0.68454473871956,"140"
"141",-1.56417792814208,-0.294141834919622,0.0645523064699285,-0.417655485428575,0.0391369958407153,1.59290269954172,"141"
"142",-0.658829247024381,-0.40732671654232,-0.0308364689171258,-0.747276220939282,0.0580149803344338,0.77519153669215,"142"
"144",1.87439207487825,0.914289833726054,-0.0972759968846113,0.106674047068175,0.253919001607334,2.0877581684647,"144"
"145",0.108014773811857,-0.163911447163557,-0.0878089877764146,-0.632188806858099,-0.156504238536829,0.21504551194386,"145"
"146",0.469631012534078,-0.279826196135724,-0.27510721862008,-0.824391903731655,-0.322752947185419,0.611996707274188,"146"
"147",0.896907951885006,0.217964203505546,-0.38634251560258,-0.416213670855242,-0.435480418325064,1.0006062200119,"147"
"148",0.74570067190836,0.122604728417366,-0.357195290213167,-0.497688752683948,-0.403132260996652,0.835876717504049,"148"
"150",2.21159877614325,0.894523007896833,0.152503333753109,0.140917089287611,0.271612176875482,2.39052250043812,"150"
"151",-1.10177581921885,-0.377189235177872,-0.0632473715370784,-0.682751139839112,0.292331660441729,1.16626836746771,"151"
"152",-2.43550994427987,0.810593671782287,0.701600246260833,1.07327793935751,0.0205679780177057,2.66101741726222,"152"
"153",-0.494485581857558,-1.01534851672535,-0.445731452782449,-1.04902817583253,0.383154130827061,1.2141355480674,"153"
"154",0.604669012783859,0.355568609237473,-0.262850241739881,-0.280514128180868,0.112370776935276,0.749095388104073,"154"
"156",-2.12154314322761,-0.155197558369812,0.260218144126857,-0.135306633109662,0.0861172489134288,2.14306907803572,"156"
"158",-1.77518280728147,0.523030206657504,0.421968471114097,0.581934219069057,-0.207209654710879,1.89812854858628,"158"
"160",-1.0485642231712,-1.07453514986332,-0.33132393588319,-1.10546775023393,0.624733854606261,1.53749415247523,"160"
"161",1.41408356772448,0.842411860348572,-0.266648151652901,0.106842437852546,-0.209124282540112,1.66745054371764,"161"
"162",-1.51106568472956,-0.5266590840876,-0.0352011454937143,-0.71102477299307,0.261719217646575,1.60060251626169,"162"
"164",-1.73279173615194,-0.380349396219275,0.0769710988888251,-0.483893627858191,0.245492310518915,1.77571321280914,"164"
"165",1.69187612423424,0.69481446629522,0.0545393715007541,-0.0242263712359213,0.2925911202546,1.82980504572774,"165"
"166",1.34856542082135,0.155778677324276,-0.485476254141881,-0.0907132460002429,0.304548006517834,1.44172912985747,"166"
"168",0.376022719750444,-0.245505909464486,-0.410947488300564,-0.708291269537612,0.22633506723774,0.608723316040258,"168"
"169",0.419026207682449,-0.189303460904228,-0.0440974272510374,-0.660385328227607,-0.208394788733976,0.461912704009333,"169"
"173",1.3313504121017,0.706541531958814,-0.320863099970141,-0.0649656939640533,0.30285372567088,1.54098928779811,"173"
"175",-1.23654934227231,0.214374949870591,0.165917375727438,0.0734175214921741,-0.194296623646568,1.26591447996078,"175"
"177",-0.178176404564837,-0.532178553930755,-0.378779232834138,-0.948629596845983,-0.100108331062988,0.677077950928769,"177"
"178",-2.43550994427987,0.810593671782287,0.701600246260833,1.07327793935751,0.0205679780177057,2.66101741726222,"178"
"180",0.763522099813411,0.489025539062514,-0.253505586846157,-0.108795735300929,-0.402536365941332,0.941475999333535,"180"
"184",1.06835231387238,-0.151969235203071,-0.219055828911221,-0.679606055743111,-0.44800027428027,1.10111614790841,"184"
"185",-1.06990343540093,-0.0193168250565971,0.0360331472194641,-0.233077878528257,-0.198251054640128,1.07068430852026,"185"
"187",0.950556483856271,0.353509613549993,0.0689320810570525,-0.223140091310037,0.15287530163095,1.01650297966721,"187"
"188",-1.0614747833446,-0.771640476961197,-0.237116935980904,-1.05438968209094,0.651201191154091,1.33355996591467,"188"
"189",0.175423537419342,-0.554467680670821,-0.459237420068844,-0.818064870339465,0.241800803910247,0.741017431900683,"189"
"190",-0.270932937606638,0.361613108147851,-0.0318537260742854,-0.0181557690349253,-0.167196894612554,0.452971695064192,"190"
"191",-0.70497337939391,0.375520004058974,0.0870208162874942,0.122912503640386,-0.234812684356587,0.803477044830693,"191"
"192",2.9844254379888,1.37888202895081,0.131113434361902,0.505258917021047,0.227201302744578,3.29018260547166,"192"
"194",-0.324358325560513,-0.621636575059735,-0.372818096017497,-1.01452692784725,0.0866899759415314,0.794124478611842,"194"
"195",1.3751295340669,1.03513260611075,-0.133388433213947,0.313263376680403,0.106637626714732,1.72634678492241,"195"
"196",2.07325548984134,0.966543681415225,-0.0500802725753593,0.149082389482211,0.255478115902546,2.28803475671638,"196"
"198",-2.43550994427987,0.810593671782287,0.701600246260833,1.07327793935751,0.0205679780177057,2.66101741726222,"198"
"199",0.144846024072885,-0.529009289459159,-0.453249776319698,-0.92255054460409,0.0490209647329092,0.711524109751499,"199"
"200",-1.61449569034421,-0.770127670203956,-0.0917789947376745,-0.891334455236798,0.524243716387644,1.79112153312635,"200"
"201",-0.538815050301517,-0.498290115100606,-0.276023316460678,-0.868197453698422,-0.119301014824058,0.784094106895564,"201"
"202",-1.30631376015488,-0.309237359524103,0.068709097591768,-0.523992354511941,0.277531171538173,1.34417421660561,"202"
"204",-0.997236933257956,-0.431588339983185,-0.0559902289052932,-0.710432408426927,0.0879872112786244,1.08806475082876,"204"
"205",-0.139048262468149,0.119633947404362,-0.154618308891381,-0.285677476614499,-0.459205605562286,0.239903151524509,"205"
"207",0.745632320626013,-0.540334870196064,0.51364425281961,-0.794550051189184,0.0298413740062773,1.05440018397502,"207"
"209",-0.676370126565033,-0.0213803947761752,0.0654618408203292,-0.258033434470295,-0.460123689647333,0.679866841369669,"209"
"210",-1.99852249603755,0.450577642914932,0.452177720301103,0.511408113131513,0.148088449929735,2.0979935820206,"210"
"211",1.81672314377076,1.07323198692304,-0.181914321398709,0.250844431146774,0.180083503575102,2.11787693202344,"211"
"212",-0.00389212365144365,-0.443797873857122,-0.395823855418156,-0.918735080636192,-0.512710746107397,0.594683298895062,"212"
"213",-0.207234496108139,0.405602633787369,0.0466027422751959,0.0328385996404151,-0.11473428079565,0.457855270254709,"213"
"214",-0.978632547426663,-0.617690545225001,-0.204635603697725,-0.880281214300265,-0.0850199139001893,1.17521870426057,"214"
"215",0.0225620495289418,0.105307075531953,-0.202337214340935,-0.335961558622448,-0.597688477949904,0.229213818395158,"215"
"216",0.0776627756332376,0.581895222616566,-0.0146789909215764,0.155074084667772,-0.199048360007535,0.587238477620053,"216"
"220",1.63215952487292,1.05101839604598,-0.168364134966337,0.267039244314556,0.152739819004889,1.94857149353146,"220"
"221",0.863984242923584,0.425939088413749,-0.303261445315348,-0.228271551023666,-0.171415562760169,1.00988137089152,"221"
"222",-0.411451903876757,0.257953191161859,-0.0333679689705147,-0.0842925729595561,-0.312218096834915,0.486770931124294,"222"
"223",-1.50236678095311,-0.126430508468799,0.134806536184421,-0.256306468600438,-0.0466358387418295,1.51369198325852,"223"
"224",0.950649711044143,0.450304471938772,-0.316817404419588,-0.270320884755328,0.402011041431938,1.09858193062672,"224"
"225",-0.732969543424002,-0.495345263773644,-0.227816365527652,-0.877222430977455,0.0512792091088463,0.91351605258605,"225"
"227",2.21346163137381,0.987189226166489,-0.131209127837183,0.146495936457948,0.00709553248620209,2.42717341717706,"227"
"230",-0.635915246623998,-0.226774593263373,-0.15322440299913,-0.577030689605338,-0.120923780023619,0.692309637888328,"230"
"232",1.05529335095675,0.631273123736728,-0.0682896364571476,-0.038267019915918,0.247057581717789,1.23158974004061,"232"
"233",-0.18395782970546,-0.564581872597874,-0.258636894842439,-0.922177702927579,-0.514328886040248,0.647677556620425,"233"
"234",0.209224100846146,-0.400735846153184,-0.379683777122164,-0.874100153113287,-0.410107928762125,0.59035896992994,"234"
"235",-0.0146349627029814,-0.675646018566659,-0.468326231010627,-1.05994521092699,-0.196533870630191,0.822217236009387,"235"
"236",0.408018748524133,0.1664457264664,-0.124558139049311,-0.400749968088338,0.0301727480660303,0.45792817014195,"236"
"237",-0.576114819181859,-0.424883229574842,-0.243073950713977,-0.856879782689056,0.206881834611732,0.755988749367737,"237"
"238",-1.61757670605269,0.0178919693568002,0.19203819585504,-0.0630232445512573,-0.130101135939536,1.62903443524039,"238"
"239",-0.805815783611104,-0.040112495565034,-0.0431894266098025,-0.403625435699483,0.308597074664182,0.807968697406103,"239"
"240",1.73214130135683,0.771482047752891,-0.0337505367786151,0.00792694022163084,0.286631355881708,1.89648019673393,"240"
"242",-0.0162283450422631,0.691828633346342,0.0233592781832044,0.258434652003153,0.114914980622463,0.692413079727642,"242"
"243",-0.318340306827596,-0.128012402521941,-0.200978385169645,-0.554838002769144,-0.278203224350939,0.397643103116256,"243"
"244",-0.790277199512792,-0.658786667189582,-0.267401457812431,-0.953604548766271,-0.0897544695875591,1.06303408439088,"244"
"247",2.8694097978715,1.54344747722103,-0.308255928043783,0.50545712067279,0.225513560064659,3.27273042278692,"247"
"248",2.8694097978715,1.54344747722103,-0.308255928043783,0.50545712067279,0.225513560064659,3.27273042278692,"248"
"249",-1.99138730499782,0.222626667699273,0.365959844090491,0.264196021642776,-0.00386455620023529,2.03693707295147,"249"
"250",-0.4288414093555,-0.133649191138168,-0.173729301341387,-0.540298911412671,-0.0996662852618265,0.481610766921239,"250"
"252",1.3751295340669,1.03513260611075,-0.133388433213947,0.313263376680403,0.106637626714732,1.72634678492241,"252"
"253",-1.34834460289584,-0.62205380472059,-0.110945874319356,-0.830804531677791,0.227679730862974,1.4890577863717,"253"
"254",1.60417073720026,0.39275000483776,-0.164987934590932,-0.311577866057401,-0.417292189105014,1.65977026691957,"254"
"255",-0.717260976711892,0.771317484354691,0.236908539596158,0.556734979917379,0.00866444278632,1.07959234274727,"255"
"256",2.86365901586564,1.55167574963454,-0.330224396164067,0.505467030855377,0.225429172930663,3.27372704161089,"256"
"257",-1.12118405075756,-0.88656483159773,-0.251830284581784,-1.00889301884934,0.755307397078916,1.45136810235433,"257"
"261",-0.502005255231282,-0.538677117604165,-0.29750445047741,-0.906137122457394,0.181164619682728,0.794160696184356,"261"
"263",1.73689505635705,0.918515488796853,-0.0860596065267732,0.144373139838608,0.207171832418403,1.96669301006355,"263"
"264",-2.43550994427987,0.810593671782287,0.701600246260833,1.07327793935751,0.0205679780177057,2.66101741726222,"264"
"265",1.40736718649851,0.616095383865497,-0.00675285357660084,-0.0877591253801074,0.300962189432938,1.53632728306325,"265"
"266",0.990341390890119,0.351168341416564,-0.359397965200954,-0.326281100422893,0.340817138005722,1.11052337747299,"266"
"269",0.122992897516331,0.387272309026832,-0.098213998857825,-0.0501454997007377,-0.470151223417486,0.418034787727148,"269"
"271",-1.99138730499782,0.222626667699273,0.365959844090491,0.264196021642776,-0.00386455620023529,2.03693707295147,"271"
"272",-1.44408147916478,-0.376108075197112,8.90051637392475e-05,-0.592675685932262,0.189069547405411,1.49225621480265,"272"
"274",-0.851869900157138,-0.465512965477895,-0.157320451174917,-0.747051601299237,-0.288205462289446,0.983429902016222,"274"
"275",-1.36013705756072,0.0551558842320872,0.136494973072977,-0.168301949877863,0.479097699173294,1.36808108845549,"275"
"276",-0.785406242076975,0.504539211414725,0.154745774191206,0.245089517849257,0.137758929104459,0.946239417683761,"276"
"277",-2.04296398657093,-0.676412891788219,0.0517323331603702,-0.713073475917785,0.507474607298016,2.15265243011901,"277"
"279",-3.4308037415555,0.290960058941329,0.766801899646429,0.678821418158107,0.44951018475356,3.52747178901146,"279"
"280",2.34314371285964,1.17221709643679,-0.123477292484919,0.287503019177389,0.22888745445926,2.62291098248716,"280"
"282",-2.43550994427987,0.810593671782287,0.701600246260833,1.07327793935751,0.0205679780177057,2.66101741726222,"282"
"283",-0.197311751807397,0.775851186809364,0.155508242035559,0.446784746752728,-0.0503535688637145,0.815511989375872,"283"
"284",-1.46945794318009,0.578176797850571,0.361445511131209,0.524436740406792,0.0846717381578819,1.61994997264259,"284"
"285",0.979717927001376,1.05711975907289,-0.10037743108573,0.432961543823803,0.0220871757973656,1.44479238307155,"285"
"287",-2.43550994427987,0.810593671782287,0.701600246260833,1.07327793935751,0.0205679780177057,2.66101741726222,"287"
"289",-2.02687638456056,-0.0607444995656751,0.26849157032579,-0.106777509094016,0.404291223160977,2.04548417149896,"289"
"293",-1.39178217643494,-0.267374019227686,0.0295501509410856,-0.417086306349069,-0.131933530332085,1.41754001856053,"293"
"295",-1.27181973923464,0.737069311678497,0.371331012908066,0.738784342787195,-0.511656805627056,1.51614093687638,"295"
"296",-2.18947697418425,0.397338159662902,0.48294039500924,0.525105411545651,-0.0368270655061029,2.27704160232944,"296"
"301",0.470431272832923,0.67545331310293,-0.0313314475946177,0.12442328536312,0.170512453304823,0.823725937584403,"301"
"302",-1.04618498614179,-0.134348807973108,-0.0100701950644859,-0.293402123485016,-0.673703693337712,1.0548241731497,"302"
"304",-0.020391823162642,-0.0168839173803179,-0.132345242819905,-0.483611253628831,-0.169838449354234,0.134967242007317,"304"
"305",0.144187622045515,-0.643103992121665,-0.498909791075551,-1.04671257162417,-0.608023313724182,0.826609820087454,"305"
"307",0.952922181024568,0.561921941542642,-0.0942620870376248,-0.112275947994013,0.300603679445679,1.11027126979327,"307"
"309",1.75410496989845,0.865190462762323,-0.370115047338558,0.0366421069298136,0.303235103874568,1.99058381650805,"309"
"313",-3.27540946506345,0.372815748849477,0.756789633149179,0.739848427949664,0.382405653983462,3.3823112357173,"313"
"314",-2.53181738513262,-0.576251068127663,0.224363618835138,-0.343366046020845,0.284399358704406,2.6062431963719,"314"
"315",0.465222114803407,-0.28028955256803,0.0698881624825777,-0.70777779691073,-0.137800227489245,0.547611362771201,"315"
"317",0.165957417075282,-0.13367759008475,-0.327818244647879,-0.685543923759924,-0.0325393373370585,0.390994071434827,"317"
"321",-0.443060259145772,-0.159701081802502,-0.128159637619716,-0.555824629813312,-0.216350555381334,0.488089870288275,"321"
"323",-1.27181973923464,0.737069311678497,0.371331012908066,0.738784342787195,-0.511656805627056,1.51614093687638,"323"
"324",1.3751295340669,1.03513260611075,-0.133388433213947,0.313263376680403,0.106637626714732,1.72634678492241,"324"
"325",0.432872987505799,0.469477812313142,-0.0162167135894028,0.00388237900611437,-0.345476223478698,0.638789027274397,"325"
"326",-1.40561856216331,-0.328872066345954,0.00923018382082955,-0.511904190081283,0.0208412936148687,1.44360852540226,"326"
"328",-0.275006298621139,-0.145491333187892,-0.21659110811133,-0.537142325956863,-0.506825843430878,0.379088248864276,"328"
"329",-0.00578367180730294,-0.0143070434533549,-0.159174270451301,-0.428983969275015,-0.546812919223925,0.159920576304786,"329"
"336",1.12622651644414,0.759554456241694,-0.194950693337932,0.13260335822208,-0.492525462245184,1.37233921140929,"336"
"338",-1.46945794318009,0.578176797850571,0.361445511131209,0.524436740406792,0.0846717381578819,1.61994997264259,"338"
"339",0.261626284109812,0.0721632861104773,-0.27756920463121,-0.507486183481608,0.168416770227478,0.388201643168822,"339"
"342",2.88091136188323,1.52699093239401,-0.264318991803214,0.505437300307616,0.225682334332651,3.27127132963154,"342"
"344",0.742042933427104,0.399714001608159,-0.28031368008989,-0.154929669121658,-0.891048561203664,0.888242510453224,"344"
"347",0.545032551836339,0.310256270647835,-0.211707524795946,-0.286996926836923,-0.0920903078419149,0.661921076936488,"347"
"353",0.271525406523232,-0.182659130954473,-0.371787675966045,-0.701427987133135,-0.558073471632821,0.495294337246937,"353"
"354",-1.27181973923464,0.737069311678497,0.371331012908066,0.738784342787195,-0.511656805627056,1.51614093687638,"354"
"355",2.89241292589496,1.51053438756699,-0.220382055562646,0.505417479942441,0.225851108600643,3.27052517500181,"355"
"356",-1.27181973923464,0.737069311678497,0.371331012908066,0.738784342787195,-0.511656805627056,1.51614093687638,"356"
"357",-1.61215516654614,-0.276124731110913,0.0809711469587533,-0.442962356582176,0.281005962989963,1.63763410894873,"357"
"358",-0.723649538762329,0.63000716621429,0.188043231687205,0.469232755209917,-0.55134696327367,0.977720789088408,"358"
"359",0.332714636803241,0.0292686505816594,-0.154576481902011,-0.508620939139007,-0.121850266324256,0.368034743206652,"359"
"361",0.521531336528738,0.429359293322015,-0.211496682955504,-0.0548272150006355,-0.948904843504568,0.707866643263131,"361"
"363",0.979717927001376,1.05711975907289,-0.10037743108573,0.432961543823803,0.0220871757973656,1.44479238307155,"363"
"364",-2.43550994427987,0.810593671782287,0.701600246260833,1.07327793935751,0.0205679780177057,2.66101741726222,"364"
"366",-1.46945794318009,0.578176797850571,0.361445511131209,0.524436740406792,0.0846717381578819,1.61994997264259,"366"
"368",-1.14886857035183,-0.0173166721020021,0.0575634660958779,-0.193642547960354,-0.367189776602965,1.15044009479152,"368"
"369",1.3751295340669,1.03513260611075,-0.133388433213947,0.313263376680403,0.106637626714732,1.72634678492241,"369"
"371",2.43069490695818,1.18809022861949,-0.0873450291511465,0.304972573019678,0.232641799661806,2.70692912285692,"371"
"375",-2.09157671046674,0.139890259836408,0.360462209776032,0.16169505340222,0.248099681548081,2.1270156147148,"375"
"376",2.8866621438891,1.5187626599805,-0.24235052368293,0.505427390125029,0.225766721466647,3.27080909357957,"376"
"379",1.11569497904078,0.600766448531483,-0.0957541352722177,-0.0985627102156618,0.298980134612268,1.27077317659749,"379"
"381",0.368145167069297,0.0638847913454484,-0.307378729854958,-0.54055631490816,0.293333392697623,0.483832423643744,"381"
"382",2.86365901586564,1.55167574963454,-0.330224396164067,0.505467030855377,0.225429172930663,3.27372704161089,"382"
"383",-1.46945794318009,0.578176797850571,0.361445511131209,0.524436740406792,0.0846717381578819,1.61994997264259,"383"
"386",0.979717927001376,1.05711975907289,-0.10037743108573,0.432961543823803,0.0220871757973656,1.44479238307155,"386"
"387",-0.0162283450422631,0.691828633346342,0.0233592781832044,0.258434652003153,0.114914980622463,0.692413079727642,"387"
"388",1.90756430142879,0.954800553046103,-0.064072655075738,0.162409227821238,0.219429763423426,2.13413939687901,"388"
"389",1.61044044647383,1.07686015264407,-0.258109919650206,0.273551653290571,0.153280257930015,1.95442240844022,"389"
"390",-0.0524454518801386,0.267344178298408,-0.122720577768619,-0.143104105963126,-0.462846702643347,0.298803907773688,"390"
"394",-1.66140088914477,0.675120229612639,0.448721582641629,0.716043039644375,-0.0803265918657328,1.8486187539922,"394"
"403",-1.21983247777613,-0.028782049212351,0.0685791459894279,-0.308471659697443,0.542144778600539,1.22209769636431,"403"
"405",-0.688535792323903,-0.17534918518155,-0.119990888153524,-0.495131936834368,-0.162710076430569,0.720573859708226,"405"
"406",2.89241292589496,1.51053438756699,-0.220382055562646,0.505417479942441,0.225851108600643,3.27052517500181,"406"
"407",-2.43550994427987,0.810593671782287,0.701600246260833,1.07327793935751,0.0205679780177057,2.66101741726222,"407"
"410",1.7367355094659,0.866621248859329,-0.210422171563354,0.0820137085058358,-0.127386960206938,1.95232172274441,"410"
"411",2.8866621438891,1.5187626599805,-0.24235052368293,0.505427390125029,0.225766721466647,3.27080909357957,"411"
"413",-0.795558964145954,0.340908592303907,0.0962158050176262,0.046019218962736,0.233244380647988,0.870856024193899,"413"
"419",-0.562028070320395,0.176678633615863,-0.0242170160859115,-0.145499345188675,-0.220135999347937,0.589641717717243,"419"
"420",1.3751295340669,1.03513260611075,-0.133388433213947,0.313263376680403,0.106637626714732,1.72634678492241,"420"
"421",-1.71376623611244,0.257041277114732,0.30513403665593,0.193471184897188,0.259012594624722,1.75959418915434,"421"
"423",-3.4308037415555,0.290960058941329,0.766801899646429,0.678821418158107,0.44951018475356,3.52747178901146,"423"
"427",2.02769219941626,1.16109221150435,-0.3351726616906,0.264196811490072,0.209688986979605,2.36051085410222,"427"
"431",-0.111326852819521,0.0122949763368692,-0.203448834712069,-0.485900965823991,0.0912995699693151,0.232241819979784,"431"
"434",-0.0162283450422631,0.691828633346342,0.0233592781832044,0.258434652003153,0.114914980622463,0.692413079727642,"434"
"435",-0.933402924123073,0.526388856231886,0.2049281532966,0.430927078505202,-0.760729186180673,1.09101869587105,"435"
"436",-1.19773958852211,-0.467872463980667,-0.0972123691086849,-0.760744657302824,0.344161129661796,1.28954837411094,"436"
"437",1.3751295340669,1.03513260611075,-0.133388433213947,0.313263376680403,0.106637626714732,1.72634678492241,"437"
"438",-0.197311751807397,0.775851186809364,0.155508242035559,0.446784746752728,-0.0503535688637145,0.815511989375872,"438"
"440",-1.30510039357994,0.248997603655858,0.197087400892834,0.141848341827284,-0.253224597947866,1.34317917179339,"440"
"443",-1.77915913415645,0.339785151965399,0.352433640819151,0.292429490358437,0.336657965713909,1.84528335095982,"443"
"448",1.32114953428336,0.637825857013658,-0.160998145743577,-0.0789158456644387,-0.014818344262079,1.4758652779794,"448"
"450",-1.42640735177515,-0.147029944437215,0.0805414435889599,-0.340072247731091,0.261778557488851,1.43622514317735,"450"
"452",-0.305229347507408,0.270481643937809,-0.0545514287754194,-0.0245415579862892,-0.880183230593244,0.411462188625562,"452"
"455",-0.641046351488394,-0.0119170685246338,-0.0726460972589016,-0.299632477259429,-0.562613018438966,0.645259557639987,"455"
"457",-2.43550994427987,0.810593671782287,0.701600246260833,1.07327793935751,0.0205679780177057,2.66101741726222,"457"
"460",-0.208171291006941,0.788772065108409,0.110635349693624,0.450040951240736,-0.0500833494011513,0.82324773774163,"460"
"463",0.990577466200921,1.04419888077384,-0.0555045387437957,0.429705339335796,0.0218169563348025,1.44037348384908,"463"
"465",1.3751295340669,1.03513260611075,-0.133388433213947,0.313263376680403,0.106637626714732,1.72634678492241,"465"
"466",-0.391782436220556,-0.00545159919046296,-0.136597098256269,-0.410455725596408,-0.138703907377957,0.414948146780631,"466"
"468",-1.27181973923464,0.737069311678497,0.371331012908066,0.738784342787195,-0.511656805627056,1.51614093687638,"468"
"469",0.990577466200921,1.04419888077384,-0.0555045387437957,0.429705339335796,0.0218169563348025,1.44037348384908,"469"
"474",0.781198393889214,0.31741591906202,-0.321721764536285,-0.298271568848359,-0.53125290686199,0.902512432083578,"474"
"476",-0.27233252551194,-0.072323436364231,-0.193237088247284,-0.556902870815308,0.218322692281515,0.341666878953069,"476"
"478",-0.197311751807397,0.775851186809364,0.155508242035559,0.446784746752728,-0.0503535688637145,0.815511989375872,"478"
"480",1.35884022526758,1.05451392355932,-0.200697771726848,0.318147683412415,0.107042955908576,1.73168298725888,"480"
"484",-0.270932937606638,0.361613108147851,-0.0318537260742854,-0.0181557690349253,-0.167196894612554,0.452971695064192,"484"
"486",-1.41311052327997,0.37251888128747,0.27196981869265,0.34092606763577,-0.464130002430565,1.48647880919977,"486"
"489",-0.321953207436906,0.636682044434625,0.0838822385673888,0.31593213267705,-0.176966410343051,0.718369071878406,"489"
"490",0.454141964033607,0.694834630551498,-0.0986407861075193,0.129307592095131,0.170917782498668,0.835924692776717,"490"
"494",-1.29517765349235,0.352227420826234,0.231099036147613,0.195109359389566,0.215683755261472,1.36196772156913,"494"
"495",0.215758147149761,0.465064978482687,-0.12233531617931,-0.0911746242026257,0.299629430832818,0.527070148896038,"495"
"496",-0.464515599385383,0.391153097684819,0.0288045455582811,0.0251530571615531,0.191728342541191,0.607951634380244,"496"
"500",1.18094408153542,0.820372279068707,-0.0832972815597611,0.1406888027733,0.151430519659364,1.44033955617874,"500"
"516",-2.43550994427987,0.810593671782287,0.701600246260833,1.07327793935751,0.0205679780177057,2.66101741726222,"516"
"517",-0.909203916918281,0.868260913208455,0.324184608488296,0.748341273406773,-0.156333882287345,1.29831600018094,"517"
"519",-1.11247436419271,0.370362119064733,0.191335104243538,0.217739457835094,-0.18492972910264,1.18801364989633,"519"
"521",-0.00536880584271901,0.678907755047296,0.0682321705251388,0.255178447515145,0.1146447611599,0.682349025817512,"521"
"522",-0.464515599385383,0.391153097684819,0.0288045455582811,0.0251530571615531,0.191728342541191,0.607951634380244,"522"
"524",-2.43550994427987,0.810593671782287,0.701600246260833,1.07327793935751,0.0205679780177057,2.66101741726222,"524"
"527",1.63215952487292,1.05101839604598,-0.168364134966337,0.267039244314556,0.152739819004889,1.94857149353146,"527"
"529",-1.46945794318009,0.578176797850571,0.361445511131209,0.524436740406792,0.0846717381578819,1.61994997264259,"529"
"534",-1.27181973923464,0.737069311678497,0.371331012908066,0.738784342787195,-0.511656805627056,1.51614093687638,"534"
"536",0.117329503137236,0.354390917632924,-0.136330071118103,-0.142093741123605,-0.0743840492811899,0.397422977566979,"536"
"541",1.3751295340669,1.03513260611075,-0.133388433213947,0.313263376680403,0.106637626714732,1.72634678492241,"541"
"543",-0.909203916918281,0.868260913208455,0.324184608488296,0.748341273406773,-0.156333882287345,1.29831600018094,"543"
"544",2.06570058661467,1.11586913745769,-0.178117538493829,0.252800095782044,0.208743218860634,2.35457187254708,"544"
"545",-1.08604240862925,0.506695974264414,0.235380490857304,0.36827613138649,-0.141441351076662,1.2213242399761,"545"
"547",0.990577466200921,1.04419888077384,-0.0555045387437957,0.429705339335796,0.0218169563348025,1.44037348384908,"547"
"550",-2.43550994427987,0.810593671782287,0.701600246260833,1.07327793935751,0.0205679780177057,2.66101741726222,"550"
"559",0.657644978791042,0.510296900138627,-0.217323338700997,-0.013779858583967,-0.811131702636553,0.860307664713218,"559"
"565",-0.00536880584271901,0.678907755047296,0.0682321705251388,0.255178447515145,0.1146447611599,0.682349025817512,"565"
"570",-0.531706592797651,0.533063734452222,0.100767160176785,0.277626455972334,-0.386348633250055,0.759620211936682,"570"
"573",1.35884022526758,1.05451392355932,-0.200697771726848,0.318147683412415,0.107042955908576,1.73168298725888,"573"
"576",-0.62767806577999,0.581535450333256,0.144405195931995,0.373429605591126,-0.468847798261862,0.867764999794166,"576"
"581",1.35884022526758,1.05451392355932,-0.200697771726848,0.318147683412415,0.107042955908576,1.73168298725888,"581"
"582",1.63215952487292,1.05101839604598,-0.168364134966337,0.267039244314556,0.152739819004889,1.94857149353146,"582"
"584",0.254486288126956,0.794736553104666,-0.00608462486447191,0.413847676836458,-0.688558665932106,0.834509725734256,"584"
"588",0.95019298969408,0.834356430485116,-0.122055033146544,0.238280133274797,-0.311991712414698,1.2703994654722,"588"
"591",-1.77518280728147,0.523030206657504,0.421968471114097,0.581934219069057,-0.207209654710879,1.89812854858628,"591"
"593",-1.00476960971636,0.61533170527256,0.25448985629144,0.464068146370521,-0.0508105916296653,1.205387972015,"593"
"595",-0.906485156073443,0.0107319592326376,0.00258473459093819,-0.303132626197496,0.222059493106651,0.906552366928337,"595"
"604",0.813489528894507,0.700949834518521,-0.0851776299381809,0.0680955654641357,0.202457745449504,1.07719594910788,"604"
"621",-1.4878045856925,0.333535490991135,0.301543508573768,0.258498886577758,0.029719627342347,1.55426410127794,"621"
"626",-0.717260976711892,0.771317484354691,0.236908539596158,0.556734979917379,0.00866444278632,1.07959234274727,"626"
"627",2.8694097978715,1.54344747722103,-0.308255928043783,0.50545712067279,0.225513560064659,3.27273042278692,"627"
"632",-1.30754909698307,-0.253286785601201,0.0091829697759423,-0.513359796495367,0.357538392421542,1.33188706867937,"632"
"633",-1.27181973923464,0.737069311678497,0.371331012908066,0.738784342787195,-0.511656805627056,1.51614093687638,"633"
"639",0.990577466200921,1.04419888077384,-0.0555045387437957,0.429705339335796,0.0218169563348025,1.44037348384908,"639"
"643",-0.609743254555431,0.43968547542245,0.085767827780399,0.160541104710855,-0.13737562762069,0.756615010461386,"643"
"648",-2.43550994427987,0.810593671782287,0.701600246260833,1.07327793935751,0.0205679780177057,2.66101741726222,"648"
"651",0.979717927001376,1.05711975907289,-0.10037743108573,0.432961543823803,0.0220871757973656,1.44479238307155,"651"
"653",-0.526276823197879,0.526603295302699,0.123203606347752,0.27599835372833,-0.386483742981337,0.75462404803717,"653"
"660",0.729580059375502,0.743659001710061,-0.1500430012608,0.203230666806278,-0.521103720809088,1.05253440613127,"660"
"661",-1.46402817358032,0.571716358701048,0.383881957302176,0.522808638162788,0.0845366284266003,1.61790093793949,"661"
"665",0.979717927001376,1.05711975907289,-0.10037743108573,0.432961543823803,0.0220871757973656,1.44479238307155,"665"
"673",2.8694097978715,1.54344747722103,-0.308255928043783,0.50545712067279,0.225513560064659,3.27273042278692,"673"
"681",-2.2991586551248,0.452734405137668,0.532812434750216,0.634594722932189,-0.13111182339819,2.40312048255078,"681"
"685",-2.43550994427987,0.810593671782287,0.701600246260833,1.07327793935751,0.0205679780177057,2.66101741726222,"685"
"704",0.979717927001376,1.05711975907289,-0.10037743108573,0.432961543823803,0.0220871757973656,1.44479238307155,"704"
"705",1.04598088102761,0.768001056608743,-0.225839221036733,0.0556129482379194,0.222455838074118,1.31715791770991,"705"
"721",2.86365901586564,1.55167574963454,-0.330224396164067,0.505467030855377,0.225429172930663,3.27372704161089,"721"
"731",-1.11247436419271,0.370362119064733,0.191335104243538,0.217739457835094,-0.18492972910264,1.18801364989633,"731"
"750",-0.723649538762329,0.63000716621429,0.188043231687205,0.469232755209917,-0.55134696327367,0.977720789088408,"750"
"752",0.470431272832923,0.67545331310293,-0.0313314475946177,0.12442328536312,0.170512453304823,0.823725937584403,"752"
"760",-2.43550994427987,0.810593671782287,0.701600246260833,1.07327793935751,0.0205679780177057,2.66101741726222,"760"
"761",-2.47955203704212,0.292240370726418,0.519201337792875,0.462359111195154,0.108693137269297,2.55012799048361,"761"
"762",-2.43550994427987,0.810593671782287,0.701600246260833,1.07327793935751,0.0205679780177057,2.66101741726222,"762"
"764",-0.531706592797651,0.533063734452222,0.100767160176785,0.277626455972334,-0.386348633250055,0.759620211936682,"764"
"766",2.86365901586564,1.55167574963454,-0.330224396164067,0.505467030855377,0.225429172930663,3.27372704161089,"766"
"772",-0.785406242076975,0.504539211414725,0.154745774191206,0.245089517849257,0.137758929104459,0.946239417683761,"772"
"781",-2.18947697418425,0.397338159662902,0.48294039500924,0.525105411545651,-0.0368270655061029,2.27704160232944,"781"
"800",-2.43550994427987,0.810593671782287,0.701600246260833,1.07327793935751,0.0205679780177057,2.66101741726222,"800"
"821",0.979717927001376,1.05711975907289,-0.10037743108573,0.432961543823803,0.0220871757973656,1.44479238307155,"821"
"827",-2.43550994427987,0.810593671782287,0.701600246260833,1.07327793935751,0.0205679780177057,2.66101741726222,"827"
"843",0.944763220094307,0.840816869634639,-0.144491479317511,0.239908235518801,-0.311856602683416,1.27296046203349,"843"
"858",-1.66140088914477,0.675120229612639,0.448721582641629,0.716043039644375,-0.0803265918657328,1.8486187539922,"858"
