"","net_id","nLakes","MAT_min","MAT_max","MAT_median","MAT_range","MAT_sd"
"1",33,1731,0.699999988079071,8,4.09999990463257,7.30000001192093,1.26705508822725
"2",359,18,4.40000009536743,5.19999980926514,5,0.79999971389771,0.202355368325413
"3",154,15,4.40000009536743,4.80000019073486,4.69999980926514,0.40000009536743,0.0990430466065516
"4",280,14,4,4.90000009536743,4.80000019073486,0.90000009536743,0.36464652543349
"5",833,3,4.69999980926514,4.80000019073486,4.69999980926514,0.100000381469719,0.0577352471606078
"6",87,181,5.30000019073486,7.40000009536743,6.19999980926514,2.09999990463257,0.587840769322999
"7",282,5,4.19999980926514,4.90000009536743,4.69999980926514,0.70000028610229,0.356370722075702
"8",759,2,2.90000009536743,2.90000009536743,2.90000009536743,0,0
"9",455,12,7.59999990463257,7.90000009536743,7.80000019073486,0.30000019073486,0.0753779511619657
"10",415,4,7.19999980926514,7.59999990463257,7.5,0.40000009536743,0.191485446453312
"11",606,2,7.59999990463257,7.59999990463257,7.59999990463257,0,0
"12",102,72,5.09999990463257,6.90000009536743,5.69999980926514,1.80000019073486,0.480151825104942
"13",390,11,7.30000019073486,7.90000009536743,7.5,0.59999990463257,0.222111090952659
"14",96,13,7.30000019073486,7.59999990463257,7.40000009536743,0.29999971389771,0.0947330029986178
"15",214,43,7,7.69999980926514,7.30000019073486,0.69999980926514,0.192753557359339
"16",85,7,7.09999990463257,7.5,7.30000019073486,0.40000009536743,0.139727704203947
"17",283,6,7.40000009536743,7.5,7.5,0.0999999046325701,0.0516397287019032
"18",891,2,7.5,7.59999990463257,7.54999995231629,0.0999999046325701,0.0707106106836984
"19",677,3,7.5,7.59999990463257,7.59999990463257,0.0999999046325701,0.0577349718585513
"20",702,4,7.59999990463257,7.59999990463257,7.59999990463257,0,0
"21",357,18,6.80000019073486,7.19999980926514,6.90000009536743,0.399999618530281,0.145521236241805
"22",557,3,7.19999980926514,7.40000009536743,7.40000009536743,0.20000028610229,0.115470219019159
"23",431,17,5.80000019073486,6.5,6.30000019073486,0.69999980926514,0.227033289081765
"24",639,5,6.59999990463257,6.69999980926514,6.59999990463257,0.0999999046325701,0.054772203515624
"25",436,27,5.90000009536743,6.5,6.30000019073486,0.59999990463257,0.16390882346242
"26",750,6,6.30000019073486,6.5,6.45000004768371,0.19999980926514,0.0816495802255922
"27",152,5,6.59999990463257,6.69999980926514,6.59999990463257,0.0999999046325701,0.054772203515624
"28",219,4,7.59999990463257,7.59999990463257,7.59999990463257,0,0
"29",271,9,6.40000009536743,6.5,6.5,0.0999999046325701,0.0440958131313261
"30",828,3,7.69999980926514,7.69999980926514,7.69999980926514,0,0
"31",278,2,7.59999990463257,7.59999990463257,7.59999990463257,0,0
"32",814,4,7.40000009536743,7.5,7.40000009536743,0.0999999046325701,0.0499999523162851
"33",121,3,7.40000009536743,7.5,7.40000009536743,0.0999999046325701,0.0577349718585513
"34",657,2,7.5,7.59999990463257,7.54999995231629,0.0999999046325701,0.0707106106836984
"35",300,2,7.09999990463257,7.09999990463257,7.09999990463257,0,0
"36",672,4,6.30000019073486,6.30000019073486,6.30000019073486,0,0
"37",428,4,6.40000009536743,6.5,6.5,0.0999999046325701,0.0499999523162851
"38",538,2,7.19999980926514,7.40000009536743,7.29999995231629,0.20000028610229,0.141421558542179
"39",470,3,6.69999980926514,6.80000019073486,6.80000019073486,0.100000381469719,0.0577352471606078
"40",226,4,7.30000019073486,7.5,7.45000004768371,0.19999980926514,0.0957426194682713
"41",714,2,7.40000009536743,7.40000009536743,7.40000009536743,0,0
"42",596,2,7.5,7.5,7.5,0,0
"43",401,2,7.40000009536743,7.40000009536743,7.40000009536743,0,0
"44",449,2,6.5,6.5,6.5,0,0
"45",534,5,7.19999980926514,7.40000009536743,7.30000019073486,0.20000028610229,0.0707107792712099
"46",733,3,7.5,7.59999990463257,7.5,0.0999999046325701,0.0577349718585513
"47",471,2,7.5,7.59999990463257,7.54999995231629,0.0999999046325701,0.0707106106836984
"48",806,2,6.40000009536743,6.40000009536743,6.40000009536743,0,0
"49",771,3,6.30000019073486,6.40000009536743,6.40000009536743,0.0999999046325701,0.0577349718585513
"50",120,134,5.80000019073486,9.19999980926514,8.19999980926514,3.39999961853028,0.700284874124526
"51",37,261,4.19999980926514,8.60000038146973,7,4.40000057220459,0.48234341662921
"52",213,9,9,9.19999980926514,9,0.19999980926514,0.0726483558371022
"53",209,17,6.80000019073486,8.19999980926514,7.90000009536743,1.39999961853028,0.485071299946784
"54",852,2,8,8,8,0,0
"55",547,5,7.40000009536743,7.59999990463257,7.59999990463257,0.19999980926514,0.0894426338007692
"56",434,6,9.19999980926514,9.39999961853027,9.30000019073486,0.19999980926513,0.0894426338011034
"57",247,6,8.30000019073486,8.60000038146973,8.44999980926513,0.30000019073487,0.12110605616261
"58",729,2,8,8.19999980926514,8.09999990463257,0.19999980926514,0.141421221367397
"59",718,2,8.30000019073486,8.30000019073486,8.30000019073486,0,0
"60",790,2,7.90000009536743,7.90000009536743,7.90000009536743,0,0
"61",57,749,2.70000004768372,9.89999961853027,7.90000009536743,7.19999957084655,0.998108676187806
"62",20,1118,2.70000004768372,10.6999998092651,7.5,7.99999976158138,1.52530942363053
"63",79,325,8.19999980926514,10.8000001907349,9.80000019073486,2.60000038146976,0.649197764684894
"64",640,3,8.89999961853027,9.10000038146973,8.89999961853027,0.20000076293946,0.115470494321228
"65",73,74,9.30000019073486,10,9.80000019073486,0.69999980926514,0.145498825156175
"66",156,17,10.5,10.6999998092651,10.6000003814697,0.199999809265099,0.0562293806499954
"67",257,113,9.80000019073486,10.3999996185303,10,0.59999942779544,0.147052914551343
"68",49,62,9.39999961853027,10.6999998092651,10.1000003814697,1.30000019073483,0.294857228007565
"69",485,2,10.5,10.6000003814697,10.5500001907348,0.1000003814697,0.0707109478584664
"70",269,8,10.3999996185303,10.5,10.4499998092652,0.1000003814697,0.0534524522866164
"71",770,2,10.6999998092651,10.6999998092651,10.6999998092651,0,0
"72",336,8,10.3999996185303,10.8000001907349,10.6000003814697,0.400000572204601,0.130930817385377
"73",162,33,9.89999961853027,10.1999998092651,10,0.30000019073483,0.0649885098657911
"74",70,29,9.30000019073486,9.89999961853027,9.60000038146973,0.59999942779541,0.177142041523811
"75",734,2,10.6000003814697,10.6000003814697,10.6000003814697,0,0
"76",435,6,9.80000019073486,10.1000003814697,9.89999961853027,0.30000019073484,0.116904584707171
"77",61,9,9.30000019073486,9.69999980926514,9.5,0.399999618530281,0.111803398875195
"78",295,5,10.3999996185303,10.5,10.3999996185303,0.1000003814697,0.0547724646900763
"79",559,7,10.1000003814697,10.1999998092651,10.1999998092651,0.0999994277953995,0.0377962310279124
"80",62,26,10.1999998092651,10.3000001907349,10.1999998092651,0.100000381469801,0.05038333956207
"81",691,3,9.69999980926514,9.69999980926514,9.69999980926514,0,0
"82",398,2,10.1999998092651,10.1999998092651,10.1999998092651,0,0
"83",94,7,10.1999998092651,10.1999998092651,10.1999998092651,0,0
"84",519,7,10.3000001907349,10.3000001907349,10.3000001907349,0,0
"85",4,2,10.1999998092651,10.1999998092651,10.1999998092651,0,0
"86",285,5,10.1999998092651,10.3000001907349,10.1999998092651,0.100000381469801,0.0547724646901317
"87",524,5,10.1999998092651,10.3000001907349,10.1999998092651,0.100000381469801,0.0447215301484771
"88",745,3,10.3999996185303,10.3999996185303,10.3999996185303,0,0
"89",811,2,10.1999998092651,10.1999998092651,10.1999998092651,0,0
"90",107,4,10.1999998092651,10.1999998092651,10.1999998092651,0,0
"91",335,3,10.3999996185303,10.6000003814697,10.5,0.2000007629394,0.1000003814697
"92",558,3,10.6999998092651,10.8000001907349,10.8000001907349,0.100000381469801,0.057735247160655
"93",417,2,10.6999998092651,10.6999998092651,10.6999998092651,0,0
"94",619,2,10.6999998092651,10.6999998092651,10.6999998092651,0,0
"95",755,3,10.6000003814697,10.6999998092651,10.6000003814697,0.0999994277953995,0.0577346965564824
"96",249,9,9.69999980926514,10.1000003814697,9.89999961853027,0.40000057220456,0.142400168460347
"97",798,2,9.89999961853027,10.1000003814697,9.99999999999999,0.20000076293943,0.141421895716954
"98",607,4,9.89999961853027,10.1999998092651,10,0.30000019073483,0.125830611816465
"99",190,9,10.1000003814697,10.3000001907349,10.1999998092651,0.199999809265201,0.0707106106841663
"100",499,3,10.1999998092651,10.1999998092651,10.1999998092651,0,0
"101",595,13,10.1999998092651,10.3000001907349,10.1999998092651,0.100000381469801,0.0518876501012377
"102",647,2,10.1999998092651,10.1999998092651,10.1999998092651,0,0
"103",881,3,9.60000038146973,9.69999980926514,9.69999980926514,0.0999994277954102,0.0577346965564886
"104",178,5,10.1999998092651,10.1999998092651,10.1999998092651,0,0
"105",789,2,10.3000001907349,10.3999996185303,10.3499999046326,0.0999994277953995,0.0707102735089015
"106",882,2,10.3000001907349,10.3999996185303,10.3499999046326,0.0999994277953995,0.0707102735089015
"107",193,4,10.3999996185303,10.6000003814697,10.5,0.2000007629394,0.0816499695614783
"108",880,2,10.5,10.6999998092651,10.5999999046326,0.199999809265099,0.141421221367368
"109",598,2,10.5,10.6999998092651,10.5999999046326,0.199999809265099,0.141421221367368
"110",84,2,10,10,10,0,0
"111",343,4,10.5,10.6000003814697,10.6000003814697,0.1000003814697,0.05000019073485
"112",883,3,10.6000003814697,10.6000003814697,10.6000003814697,0,0
"113",705,9,10.1000003814697,10.1999998092651,10.1000003814697,0.0999994277953995,0.0499997138976997
"114",679,2,9.89999961853027,10,9.94999980926513,0.10000038146973,0.0707109478584877
"115",186,3,10.1000003814697,10.1999998092651,10.1000003814697,0.0999994277953995,0.0577346965564824
"116",784,2,10.1999998092651,10.1999998092651,10.1999998092651,0,0
"117",155,2,10.6999998092651,10.6999998092651,10.6999998092651,0,0
"118",468,5,10.3999996185303,10.3999996185303,10.3999996185303,0,0
"119",523,3,10.5,10.6000003814697,10.5,0.1000003814697,0.0577352471605965
"120",658,2,10.6000003814697,10.6999998092651,10.6500000953674,0.0999994277953995,0.0707102735089015
"121",822,2,9.69999980926514,9.69999980926514,9.69999980926514,0,0
"122",849,2,10.1999998092651,10.3000001907349,10.25,0.100000381469801,0.070710947858538
"123",218,2,10.3000001907349,10.3000001907349,10.3000001907349,0,0
"124",746,2,10.1999998092651,10.1999998092651,10.1999998092651,0,0
"125",422,2,10.1999998092651,10.1999998092651,10.1999998092651,0,0
"126",737,2,10.6000003814697,10.6999998092651,10.6500000953674,0.0999994277953995,0.0707102735089015
"127",414,2,10.3000001907349,10.3000001907349,10.3000001907349,0,0
"128",201,39,8.5,11,10.1999998092651,2.5,0.537626090580253
"129",250,19,9.69999980926514,10.6000003814697,9.89999961853027,0.90000057220456,0.258764486180495
"130",26,418,6.40000009536743,11.1999998092651,8.69999980926514,4.79999971389767,1.16045207245139
"131",88,380,8.10000038146973,10.5,9,2.39999961853027,0.589480721814399
"132",230,23,11,11.6000003814697,11.1000003814697,0.6000003814697,0.158799805610946
"133",274,30,11,11.5,11,0.5,0.104166106264321
"134",731,7,11.1000003814697,11.3000001907349,11.1999998092651,0.199999809265201,0.0899734300422137
"135",326,22,10.8000001907349,11.1999998092651,11,0.399999618530199,0.104550300061164
"136",204,28,10.6000003814697,11.1999998092651,11,0.599999427795399,0.176495819282414
"137",225,28,10.3000001907349,11.1999998092651,10.6500000953674,0.899999618530199,0.239349907680954
"138",391,2,10.8000001907349,10.8999996185303,10.8499999046326,0.0999994277953995,0.0707102735089015
"139",375,10,9.69999980926514,11,10.3499999046326,1.30000019073486,0.404969261269352
"140",480,6,9.89999961853027,10.8000001907349,10.4499998092651,0.900000572204631,0.397072711067366
"141",185,14,9.60000038146973,10.8999996185303,10.5500001907348,1.29999923706057,0.448256651819897
"142",284,6,10.6000003814697,10.8000001907349,10.6999998092651,0.199999809265201,0.0632454928882074
"143",832,3,10.1000003814697,10.6000003814697,10.5,0.5,0.264575059015544
"144",501,2,10.5,10.6000003814697,10.5500001907348,0.1000003814697,0.0707109478584664
"145",761,8,10.3000001907349,10.6999998092651,10.6000003814697,0.399999618530199,0.159798908397718
"146",358,6,10.8000001907349,11.1999998092651,11,0.399999618530199,0.160208114537984
"147",276,7,11.1999998092651,11.6999998092651,11.3000001907349,0.5,0.160356648859566
"148",626,5,11.1000003814697,11.3999996185303,11.1999998092651,0.2999992370606,0.122474175670577
"149",494,8,10.6000003814697,11.1999998092651,10.9499998092652,0.599999427795399,0.212132024722612
"150",504,3,11.1999998092651,11.3000001907349,11.1999998092651,0.100000381469801,0.057735247160655
"151",621,8,10.5,11,10.8499999046326,0.5,0.213808885205964
"152",843,6,10,11.1999998092651,10.7999997138977,1.1999998092651,0.427395220254185
"153",42,8,10.1999998092651,10.6000003814697,10.4499998092652,0.400000572204601,0.151186005476902
"154",496,10,9.5,10.6999998092651,10.0500001907348,1.1999998092651,0.385861164185147
"155",366,6,10.3000001907349,10.6000003814697,10.3499999046326,0.300000190734799,0.116904557514792
"156",779,2,10.6000003814697,10.6999998092651,10.6500000953674,0.0999994277953995,0.0707102735089015
"157",441,2,10.6999998092651,10.8000001907349,10.75,0.100000381469801,0.070710947858538
"158",345,2,11.6999998092651,11.6999998092651,11.6999998092651,0,0
"159",82,4,11,11.1999998092651,11.1500000953674,0.199999809265099,0.0957425779651929
"160",163,2,11.1000003814697,11.1999998092651,11.1500000953674,0.0999994277953995,0.0707102735089015
"161",827,5,10.8000001907349,10.8000001907349,10.8000001907349,0,0
"162",451,3,11.1999998092651,11.3000001907349,11.1999998092651,0.100000381469801,0.057735247160655
"163",316,4,11,11.3000001907349,11.1500000953674,0.300000190734901,0.129099444873828
"164",198,5,10.1000003814697,10.6999998092651,10.6000003814697,0.599999427795399,0.254950826055099
"165",10,2659,2.70000004768372,12.5,7.90000009536743,9.79999995231628,1.70591852042526
"166",208,2,10.6999998092651,10.6999998092651,10.6999998092651,0,0
"167",871,2,11.3000001907349,11.5,11.4000000953674,0.199999809265099,0.141421221367368
"168",29,736,3.90000009536743,7.80000019073486,5.19999980926514,3.90000009536743,0.779894005426699
"169",46,258,9,11.6999998092651,9.89999961853027,2.6999998092651,0.537600741396385
"170",168,79,8.80000019073486,12.1000003814697,11.5,3.30000019073484,0.840985965559242
"171",512,2,12.3000001907349,12.3000001907349,12.3000001907349,0,0
"172",474,12,11.8999996185303,12.3000001907349,12.1000003814697,0.400000572204601,0.133711727331085
"173",19,21,10.6000003814697,11.8999996185303,11.3000001907349,1.2999992370606,0.353014201622918
"174",22,4,11.8000001907349,12.1000003814697,11.8999996185303,0.300000190734799,0.125830738134082
"175",692,4,11.6999998092651,11.8000001907349,11.6999998092651,0.100000381469801,0.0500001907349006
"176",407,5,12.1000003814697,12.1000003814697,12.1000003814697,0,0
"177",848,2,11.6000003814697,11.6000003814697,11.6000003814697,0,0
"178",138,3,11.8000001907349,11.8999996185303,11.8000001907349,0.0999994277953995,0.0577346965564824
"179",615,3,11.3000001907349,11.3000001907349,11.3000001907349,0,0
"180",141,25,11.3000001907349,11.5,11.3999996185303,0.199999809265099,0.0472582390012091
"181",143,3,11,11,11,0,0
"182",532,2,11.6000003814697,11.6999998092651,11.6500000953674,0.0999994277953995,0.0707102735089015
"183",620,2,11.3999996185303,11.3999996185303,11.3999996185303,0,0
"184",511,2,11.1000003814697,11.1000003814697,11.1000003814697,0,0
"185",419,11,10.8000001907349,12.3999996185303,12,1.5999994277954,0.610365066043861
"186",394,6,11.3999996185303,12,11.75,0.6000003814697,0.240139063177067
"187",744,2,12.3000001907349,12.3999996185303,12.3499999046326,0.0999994277953995,0.0707102735089015
"188",241,3,12.1999998092651,12.1999998092651,12.1999998092651,0,0
"189",553,4,11.8999996185303,12,11.9499998092652,0.1000003814697,0.0577352471605965
"190",897,2,11.6999998092651,11.8000001907349,11.75,0.100000381469801,0.070710947858538
"191",38,6,11.3999996185303,11.5,11.3999996185303,0.1000003814697,0.0516399749395382
"192",159,4,11.5,11.6000003814697,11.6000003814697,0.1000003814697,0.05000019073485
"193",616,3,11.5,11.5,11.5,0,0
"194",337,2,11.3999996185303,11.3999996185303,11.3999996185303,0,0
"195",231,3,10.8999996185303,11,11,0.1000003814697,0.0577352471605965
"196",482,2,11.3999996185303,11.5,11.4499998092652,0.1000003814697,0.0707109478584664
"197",548,2,11,11.1000003814697,11.0500001907348,0.1000003814697,0.0707109478584664
"198",286,2,11.3999996185303,11.3999996185303,11.3999996185303,0,0
"199",525,2,11.3000001907349,11.3000001907349,11.3000001907349,0,0
"200",817,2,11.6999998092651,11.6999998092651,11.6999998092651,0,0
"201",801,2,11.1000003814697,11.1000003814697,11.1000003814697,0,0
"202",47,1463,5.59999990463257,13.3000001907349,8.60000038146973,7.70000028610233,2.1064447181861
"203",173,20,12.3000001907349,13,12.8499999046326,0.699999809265099,0.143636839298157
"204",255,5,13.1000003814697,13.1999998092651,13.1999998092651,0.0999994277953995,0.0547719423411494
"205",184,57,13.1000003814697,14.1000003814697,13.5,1,0.290839664784353
"206",91,9,13.3000001907349,13.3999996185303,13.3000001907349,0.0999994277953995,0.0499997138976997
"207",781,7,13.3999996185303,13.5,13.3999996185303,0.1000003814697,0.0487951897855806
"208",51,13,13.5,13.6000003814697,13.5,0.1000003814697,0.0506371615188746
"209",585,3,12.6999998092651,12.8000001907349,12.6999998092651,0.100000381469801,0.057735247160655
"210",27,31,12.3999996185303,12.8999996185303,12.6000003814697,0.5,0.13865709459063
"211",202,23,12.3000001907349,12.8999996185303,12.6000003814697,0.599999427795399,0.199703205352081
"212",188,66,12,12.8000001907349,12.6000003814697,0.800000190734901,0.220721505414574
"213",664,2,12.5,12.5,12.5,0,0
"214",142,26,11.8999996185303,12.1000003814697,12,0.2000007629394,0.0515902972224696
"215",894,2,12.3000001907349,12.3000001907349,12.3000001907349,0,0
"216",671,3,12.1999998092651,12.1999998092651,12.1999998092651,0,0
"217",464,2,12.1999998092651,12.1999998092651,12.1999998092651,0,0
"218",392,2,12.1000003814697,12.1000003814697,12.1000003814697,0,0
"219",195,6,11.8000001907349,12.1000003814697,12,0.300000190734799,0.132916257533282
"220",416,2,12,12,12,0,0
"221",291,3,12.1000003814697,12.1000003814697,12.1000003814697,0,0
"222",614,2,13.6999998092651,13.6999998092651,13.6999998092651,0,0
"223",380,3,12.6999998092651,12.8000001907349,12.6999998092651,0.100000381469801,0.057735247160655
"224",306,4,12.6999998092651,12.8000001907349,12.75,0.100000381469801,0.057735247160655
"225",387,6,12.6999998092651,12.8000001907349,12.8000001907349,0.100000381469801,0.0408249847807805
"226",560,3,12,12.1000003814697,12.1000003814697,0.1000003814697,0.0577352471605965
"227",239,13,11.8999996185303,12.1000003814697,12,0.2000007629394,0.0800643823227375
"228",698,2,12.1999998092651,12.1999998092651,12.1999998092651,0,0
"229",442,3,12.1000003814697,12.1000003814697,12.1000003814697,0,0
"230",842,2,12.1999998092651,12.3000001907349,12.25,0.100000381469801,0.070710947858538
"231",568,2,14.1000003814697,14.1000003814697,14.1000003814697,0,0
"232",889,2,12.3999996185303,12.5,12.4499998092652,0.1000003814697,0.0707109478584664
"233",786,3,12.1999998092651,12.3000001907349,12.3000001907349,0.100000381469801,0.057735247160655
"234",661,6,12.1000003814697,12.1000003814697,12.1000003814697,0,0
"235",624,2,12,12.1000003814697,12.0500001907348,0.1000003814697,0.0707109478584664
"236",290,2,14,14,14,0,0
"237",576,6,13.6000003814697,13.6999998092651,13.6999998092651,0.0999994277953995,0.0408245954448364
"238",663,2,12.8000001907349,12.8000001907349,12.8000001907349,0,0
"239",709,2,12.6000003814697,12.6999998092651,12.6500000953674,0.0999994277953995,0.0707102735089015
"240",724,2,12.3000001907349,12.3000001907349,12.3000001907349,0,0
"241",778,2,12.1999998092651,12.1999998092651,12.1999998092651,0,0
"242",90,420,7.30000019073486,14.3999996185303,12.3999996185303,7.09999942779544,1.24541704523353
"243",266,40,12.3000001907349,14,13.1000003814697,1.6999998092651,0.534160013772813
"244",148,21,11.8999996185303,13.6999998092651,13.5,1.8000001907348,0.655090088176586
"245",215,12,11.5,13.3999996185303,12.4499998092652,1.8999996185303,0.677338742756385
"246",831,4,13,13.8000001907349,13.5500001907348,0.800000190734901,0.340343071691497
"247",426,3,14.1000003814697,14.1999998092651,14.1999998092651,0.0999994277953995,0.0577346965564824
"248",535,4,12.8999996185303,13.1999998092651,13.1000003814697,0.300000190734799,0.125830738134082
"249",105,36,12.8999996185303,13.8000001907349,13.1999998092651,0.900000572204601,0.297609606057325
"250",389,7,13.1000003814697,13.1999998092651,13.1999998092651,0.0999994277953995,0.0377962310279124
"251",311,3,13.5,13.8000001907349,13.6500000953674,0.300000190734901,0.212132169225906
"252",403,13,12.8000001907349,13,12.8999996185303,0.199999809265099,0.0599142893725109
"253",730,2,13.5,13.8000001907349,13.6500000953674,0.300000190734901,0.212132169225906
"254",630,3,13.5,13.5,13.5,0,0
"255",409,3,13.8999996185303,14,13.8999996185303,0.1000003814697,0.0577352471605965
"256",721,5,13.8000001907349,13.8999996185303,13.8499999046326,0.0999994277953995,0.0577346965564824
"257",497,2,13.1999998092651,13.1999998092651,13.1999998092651,0,0
"258",826,3,13.1000003814697,13.1999998092651,13.1000003814697,0.0999994277953995,0.0577346965564824
"259",453,3,13.3000001907349,13.6999998092651,13.6999998092651,0.399999618530199,0.230939887434158
"260",685,5,15.3999996185303,15.3999996185303,15.3999996185303,0,0
"261",766,5,14,14,14,0,0
"262",15,765,9.19999980926514,15.6000003814697,13.8999996185303,6.40000057220456,0.82501715664257
"263",166,186,12,14.6999998092651,13.8999996185303,2.6999998092651,0.609469088458924
"264",75,382,13.1000003814697,15.1999998092651,13.8000001907349,2.0999994277954,0.57398616125159
"265",93,23,14.3000001907349,14.8999996185303,14.6999998092651,0.599999427795399,0.200493510889974
"266",582,7,14.8000001907349,15,14.8999996185303,0.199999809265099,0.0899734805159672
"267",593,7,14.3999996185303,14.5,14.3999996185303,0.1000003814697,0.0377965914829168
"268",187,25,15.3999996185303,15.5,15.3999996185303,0.1000003814697,0.0331663744227403
"269",301,7,13.6000003814697,13.8000001907349,13.6000003814697,0.199999809265201,0.0786794176340712
"270",54,18,13.8999996185303,14,14,0.1000003814697,0.0501633239276063
"271",555,2,15,15,15,0,0
"272",868,2,14.1000003814697,14.1999998092651,14.1500000953674,0.0999994277953995,0.0707102735089015
"273",351,4,15.1000003814697,15.1000003814697,15.1000003814697,0,0
"274",863,2,14.6999998092651,14.6999998092651,14.6999998092651,0,0
"275",5,483,11.6000003814697,16.2999992370605,14.6000003814697,4.6999988555908,0.60607478283983
"276",16,400,13.8000001907349,16.3999996185303,14.8999996185303,2.5999994277954,0.409547021136517
"277",221,15,15.3999996185303,16,15.5,0.6000003814697,0.203071651397812
"278",765,3,16.6000003814697,16.7000007629395,16.7000007629395,0.100000381469798,0.0577352471606529
"279",228,3,16.7000007629395,16.7999992370605,16.7999992370605,0.0999984741210014,0.057734145952312
"280",60,586,14.8999996185303,17.2999992370605,15.6999998092651,2.3999996185302,0.43321617525556
"281",126,304,14.8999996185303,17,15.3999996185303,2.1000003814697,0.364038212033494
"282",411,9,17.2000007629395,17.2999992370605,17.2999992370605,0.0999984741210014,0.0527038234606281
"283",438,6,17.1000003814697,17.2000007629395,17.1500005722046,0.100000381469798,0.0547724646901298
"284",587,3,17,17,17,0,0
"285",447,2,17.3999996185303,17.3999996185303,17.3999996185303,0,0
"286",9,2247,12.8999996185303,17.8999996185303,16.1000003814697,5,0.803440721044564
"287",2,3241,9.80000019073486,19.3999996185303,17.3999996185303,9.59999942779544,1.21931132527735
"288",791,2,18.3999996185303,18.3999996185303,18.3999996185303,0,0
"289",378,2,17.5,17.5,17.5,0,0
"290",35,609,16.7000007629395,19,17.7000007629395,2.2999992370605,0.517873578651983
"291",355,10,18.1000003814697,18.7999992370605,18.7999992370605,0.699998855590799,0.271824545825949
"292",592,2,18.5,18.5,18.5,0,0
"293",885,2,18.3999996185303,18.3999996185303,18.3999996185303,0,0
"294",24,1810,15.5,19.6000003814697,17.8999996185303,4.1000003814697,0.913626131847988
"295",21,516,18.8999996185303,23,19.4499998092652,4.1000003814697,1.45017236318917
"296",376,9,21.2000007629395,22.6000003814697,22.2999992370605,1.3999996185302,0.491878347572909
"297",623,2,21.2000007629395,21.2000007629395,21.2000007629395,0,0
"298",317,26,24.1000003814697,24.2000007629395,24.1000003814697,0.100000381469798,0.0470680519828819
"299",633,5,24.1000003814697,24.2999992370605,24.2000007629395,0.199998855590799,0.0707102735108309
"300",161,8,23.3999996185303,24.3999996185303,23.7999992370605,1,0.354310037354085
"301",542,2,23.5,23.5,23.5,0,0
"302",662,4,23.7000007629395,23.7999992370605,23.7000007629395,0.0999984741210014,0.0499992370605007
"303",147,24,23.6000003814697,24.3999996185303,24.0500001907348,0.799999237060597,0.27343092278302
"304",635,3,24.1000003814697,24.2000007629395,24.2000007629395,0.100000381469798,0.0577352471606529
"305",628,2,24.1000003814697,24.1000003814697,24.1000003814697,0,0
"306",634,3,24.2000007629395,24.2000007629395,24.2000007629395,0,0
"307",763,2,24.5,24.5,24.5,0,0
"308",824,2,23.7000007629395,23.7999992370605,23.75,0.0999984741210014,0.0707095991592676
"309",158,6,24,24.2000007629395,24.1000003814697,0.200000762939499,0.0632457944660211
"310",513,2,24.3999996185303,24.3999996185303,24.3999996185303,0,0
"311",767,2,23.1000003814697,23.2000007629395,23.1500005722046,0.100000381469798,0.0707109478585355
"312",869,2,24.5,24.5,24.5,0,0
"313",800,5,24.1000003814697,24.1000003814697,24.1000003814697,0,0
"314",699,2,24.1000003814697,24.1000003814697,24.1000003814697,0,0
"315",430,2,23.5,23.5,23.5,0,0
"316",483,3,24.1000003814697,24.2000007629395,24.1000003814697,0.100000381469798,0.0577352471606529
"317",695,2,24.5,24.5,24.5,0,0
"318",629,2,24.5,24.5,24.5,0,0
"319",240,19,22.6000003814697,23.2999992370605,22.7000007629395,0.699998855590799,0.183532244937064
"320",302,19,21.1000003814697,22.5,21.8999996185303,1.3999996185303,0.322091035202099
"321",875,2,22.5,22.5,22.5,0,0
"322",526,3,22.5,22.5,22.5,0,0
"323",473,3,23,23.1000003814697,23,0.100000381469702,0.0577352471605975
"324",217,2,22.1000003814697,22.1000003814697,22.1000003814697,0,0
"325",405,23,22.2999992370605,22.6000003814697,22.5,0.300001144409201,0.0951391215847422
"326",522,10,22.8999996185303,23,22.8999996185303,0.100000381469702,0.0316228972329954
"327",113,10,22.7999992370605,23.1000003814697,22.9499998092652,0.300001144409201,0.0966095468426915
"328",129,23,22.5,22.7999992370605,22.6000003814697,0.299999237060501,0.0777653219944939
"329",687,2,23.2999992370605,23.2999992370605,23.2999992370605,0,0
"330",704,5,23.2999992370605,23.2999992370605,23.2999992370605,0,0
"331",342,8,22.7999992370605,22.8999996185303,22.7999992370605,0.100000381469798,0.0517551143800535
"332",172,2,23.1000003814697,23.1000003814697,23.1000003814697,0,0
"333",715,2,22.7000007629395,22.7999992370605,22.75,0.0999984741210014,0.0707095991592676
"334",644,2,22.7999992370605,22.7999992370605,22.7999992370605,0,0
"335",498,2,22.5,22.5,22.5,0,0
"336",310,2,22.1000003814697,22.1000003814697,22.1000003814697,0,0
"337",803,3,22.8999996185303,22.8999996185303,22.8999996185303,0,0
"338",571,2,22.5,22.5,22.5,0,0
"339",530,2,22.3999996185303,22.3999996185303,22.3999996185303,0,0
"340",418,3,22.1000003814697,22.1000003814697,22.1000003814697,0,0
"341",656,3,23,23,23,0,0
"342",723,2,22.7000007629395,22.7000007629395,22.7000007629395,0,0
"343",602,3,22.7000007629395,22.7000007629395,22.7000007629395,0,0
"344",234,46,19.6000003814697,20,19.7000007629395,0.399999618530298,0.0965088053576424
"345",36,1076,18.6000003814697,20.6000003814697,19.1000003814697,2,0.27371081483957
"346",680,3,20.3999996185303,20.5,20.3999996185303,0.100000381469702,0.0577352471605975
"347",206,3,20.6000003814697,20.7000007629395,20.7000007629395,0.100000381469798,0.0577352471606529
"348",486,7,20.1000003814697,20.1000003814697,20.1000003814697,0,0
"349",281,2,20.2999992370605,20.7000007629395,20.5,0.400001525878999,0.282843791434006
"350",472,3,20.6000003814697,20.6000003814697,20.6000003814697,0,0
"351",116,2,20.7999992370605,20.7999992370605,20.7999992370605,0,0
"352",703,2,20.3999996185303,20.5,20.4499998092652,0.100000381469702,0.0707109478584676
"353",884,2,20.6000003814697,20.6000003814697,20.6000003814697,0,0
"354",18,410,18.8999996185303,19.7000007629395,19.5,0.800001144409201,0.157736285843547
"355",450,17,19.6000003814697,19.7000007629395,19.7000007629395,0.100000381469798,0.0242536550236491
"356",103,27,19.6000003814697,19.7000007629395,19.6000003814697,0.100000381469798,0.0500713654196617
"357",491,2,19.7000007629395,19.7000007629395,19.7000007629395,0,0
"358",288,3,19.7000007629395,19.7000007629395,19.7000007629395,0,0
"359",816,2,19.7999992370605,19.8999996185303,19.8499994277954,0.100000381469798,0.0707109478585355
"360",28,1665,13,20.2000007629395,17.7999992370605,7.2000007629395,1.10984463576654
"361",895,2,20.2999992370605,20.2999992370605,20.2999992370605,0,0
"362",299,4,20.2999992370605,20.2999992370605,20.2999992370605,0,0
"363",248,6,19.2000007629395,19.7999992370605,19.6999998092651,0.599998474121001,0.271415622852551
"364",17,222,18,19.6000003814697,18.5500001907348,1.6000003814697,0.187411059931689
"365",196,18,18.7000007629395,19.7000007629395,19.3999996185303,1,0.409088278279203
"366",627,6,19.6000003814697,19.7000007629395,19.7000007629395,0.100000381469798,0.040824984780779
"367",708,3,19.7999992370605,19.7999992370605,19.7999992370605,0,0
"368",873,3,19.7000007629395,19.7000007629395,19.7000007629395,0,0
"369",65,48,18.6000003814697,19.6000003814697,18.7999992370605,1,0.364078426979677
"370",133,172,18.5,19.7000007629395,18.7000007629395,1.2000007629395,0.295210100725061
"371",100,249,18,19.7999992370605,18.6000003814697,1.7999992370605,0.344500943966169
"372",124,4,19.2000007629395,19.3999996185303,19.2999992370605,0.199998855590799,0.0816491908915292
"373",324,6,19.5,19.7000007629395,19.5,0.200000762939499,0.0816499695615189
"374",444,2,20.1000003814697,20.2000007629395,20.1500005722046,0.100000381469798,0.0707109478585355
"375",818,2,19.6000003814697,19.6000003814697,19.6000003814697,0,0
"376",552,2,19.5,19.5,19.5,0,0
"377",603,2,20,20,20,0,0
"378",384,2,19.2999992370605,19.3999996185303,19.3499994277954,0.100000381469798,0.0707109478585355
"379",562,2,19.6000003814697,19.6000003814697,19.6000003814697,0,0
"380",6,2604,12.3000001907349,19.7000007629395,17,7.4000005722046,1.01222418275048
"381",697,2,19.5,19.7000007629395,19.6000003814697,0.200000762939499,0.141421895717003
"382",332,2,19.6000003814697,19.6000003814697,19.6000003814697,0,0
"383",777,2,19.6000003814697,19.7000007629395,19.6500005722046,0.100000381469798,0.0707109478585355
"384",58,441,17.3999996185303,19.7999992370605,18.3999996185303,2.3999996185302,0.54278607949639
"385",69,26,19.3999996185303,19.8999996185303,19.7000007629395,0.5,0.124344321509765
"386",44,36,19.1000003814697,20,19.5,0.899999618530298,0.268091284668695
"387",192,26,19.2000007629395,19.8999996185303,19.6000003814697,0.699998855590799,0.183345122415047
"388",645,2,19.7000007629395,19.7000007629395,19.7000007629395,0,0
"389",128,3,19.6000003814697,19.6000003814697,19.6000003814697,0,0
"390",850,2,20,20,20,0,0
"391",561,2,19.7000007629395,19.7999992370605,19.75,0.0999984741210014,0.0707095991592676
"392",1,32811,-4.40000009536743,21.1000003814697,9.89999961853027,25.5000004768371,4.70217871290673
"393",13,240,3.09999990463257,4.59999990463257,3.59999990463257,1.5,0.291008625340662
"394",293,23,3,3.5,3.29999995231628,0.5,0.152579950973043
"395",23,237,2.40000009536743,3.59999990463257,2.90000009536743,1.19999980926514,0.225771925692996
"396",164,30,3,3.5,3.20000004768372,0.5,0.143198285645689
"397",322,2,3.29999995231628,3.29999995231628,3.29999995231628,0,0
"398",200,64,2.40000009536743,3.5,2.59999990463257,1.09999990463257,0.245873675695227
"399",304,16,4.59999990463257,5,4.75,0.40000009536743,0.103077742798037
"400",251,2,3.79999995231628,4,3.89999997615814,0.20000004768372,0.141421389954791
"401",220,7,3.40000009536743,4,3.70000004768372,0.59999990463257,0.197604696542807
"402",130,45,4.69999980926514,5.59999990463257,5.09999990463257,0.90000009536743,0.230765106785926
"403",144,15,3,3.79999995231628,3.70000004768372,0.79999995231628,0.274815965479726
"404",180,11,3,3.70000004768372,3.5,0.70000004768372,0.237792871768236
"405",277,50,3,3.59999990463257,3.20000004768372,0.59999990463257,0.13099308438879
"406",243,15,4.69999980926514,5.40000009536743,4.80000019073486,0.70000028610229,0.219956792205039
"407",581,6,3,3.29999995231628,3.09999990463257,0.29999995231628,0.103279565132792
"408",400,2,3.59999990463257,3.59999990463257,3.59999990463257,0,0
"409",296,7,4.80000019073486,5,4.90000009536743,0.19999980926514,0.0755928225108447
"410",338,6,4.90000009536743,5.09999990463257,4.90000009536743,0.19999980926514,0.0816495802255922
"411",575,4,3.09999990463257,3.40000009536743,3.25,0.30000019073486,0.129099506433005
"412",216,7,4.80000019073486,5.40000009536743,4.90000009536743,0.59999990463257,0.197604687924638
"413",308,4,3.5,3.70000004768372,3.59999990463257,0.20000004768372,0.0816496775595987
"414",675,2,3.09999990463257,3.20000004768372,3.14999997615814,0.10000014305115,0.0707107792710927
"415",259,2,3.40000009536743,3.5,3.45000004768371,0.0999999046325701,0.0707106106836984
"416",589,3,4,4.09999990463257,4,0.0999999046325701,0.0577349718585513
"417",844,2,3.90000009536743,4,3.95000004768371,0.0999999046325701,0.0707106106836984
"418",856,2,3.40000009536743,3.5,3.45000004768371,0.0999999046325701,0.0707106106836984
"419",55,2,5.5,5.5,5.5,0,0
"420",115,47,4.5,4.80000019073486,4.69999980926514,0.30000019073486,0.0358586969556329
"421",235,79,4.5,5.09999990463257,4.59999990463257,0.59999990463257,0.0911714876778411
"422",452,8,5.40000009536743,6.30000019073486,5.69999980926514,0.90000009536743,0.337003701237031
"423",81,15,4.59999990463257,5.19999980926514,4.80000019073486,0.59999990463257,0.216464957920041
"424",608,3,5.30000019073486,5.40000009536743,5.30000019073486,0.0999999046325701,0.0577349718585513
"425",117,49,4.19999980926514,5.69999980926514,4.40000009536743,1.5,0.337948490030267
"426",710,4,4.30000019073486,4.80000019073486,4.60000014305114,0.5,0.26299558512049
"427",212,33,4.09999990463257,5.90000009536743,4.59999990463257,1.80000019073486,0.440428496630047
"428",536,10,4.30000019073486,6.09999990463257,4.5,1.79999971389771,0.698331274820125
"429",802,2,5.59999990463257,5.69999980926514,5.64999985694886,0.0999999046325701,0.0707106106836984
"430",752,7,5.5,5.69999980926514,5.59999990463257,0.19999980926514,0.0755928225108447
"431",169,34,4.90000009536743,5.69999980926514,5.19999980926514,0.79999971389771,0.187867312209507
"432",666,4,5,5,5,0,0
"433",242,6,4.69999980926514,4.80000019073486,4.69999980926514,0.100000381469719,0.0516399749395483
"434",492,3,5.59999990463257,5.69999980926514,5.69999980926514,0.0999999046325701,0.0577349718585513
"435",846,2,5,5,5,0,0
"436",397,4,5.30000019073486,5.30000019073486,5.30000019073486,0,0
"437",469,5,4.40000009536743,5.90000009536743,4.80000019073486,1.5,0.634822816684373
"438",570,6,5.59999990463257,5.69999980926514,5.64999985694886,0.0999999046325701,0.054772203515624
"439",379,13,5.09999990463257,5.5,5.30000019073486,0.40000009536743,0.114354453029925
"440",181,2,4.69999980926514,4.69999980926514,4.69999980926514,0,0
"441",720,2,4.80000019073486,5.5,5.15000009536743,0.69999980926514,0.494974611960671
"442",574,3,5.19999980926514,5.5,5.40000009536743,0.30000019073486,0.152752637625058
"443",349,2,5.59999990463257,5.69999980926514,5.64999985694886,0.0999999046325701,0.0707106106836984
"444",797,3,5.5,5.5,5.5,0,0
"445",819,3,5.30000019073486,5.40000009536743,5.30000019073486,0.0999999046325701,0.0577349718585513
"446",377,2,5.30000019073486,5.69999980926514,5.5,0.399999618530281,0.282842442734794
"447",796,3,4.5,5.59999990463257,4.69999980926514,1.09999990463257,0.585946511432448
"448",517,5,5.09999990463257,6,5.09999990463257,0.90000009536743,0.466904776771351
"449",74,58,4.19999980926514,5.90000009536743,4.69999980926514,1.70000028610229,0.409775480654247
"450",424,2,5.40000009536743,5.59999990463257,5.5,0.19999980926514,0.141421221367397
"451",600,2,4.90000009536743,4.90000009536743,4.90000009536743,0,0
"452",245,2,5.09999990463257,5.30000019073486,5.20000004768371,0.20000028610229,0.141421558542179
"453",182,3,4.90000009536743,5.09999990463257,5.09999990463257,0.19999980926514,0.115469943717103
"454",68,364,4.69999980926514,8.19999980926514,6.85000014305114,3.5,0.988447667368703
"455",56,453,4.09999990463257,7.19999980926514,4.80000019073486,3.09999990463257,0.689287690865792
"456",622,2,7.09999990463257,7.09999990463257,7.09999990463257,0,0
"457",104,17,7.90000009536743,8.30000019073486,8,0.40000009536743,0.0939337481753379
"458",112,5,7.69999980926514,8,7.90000009536743,0.30000019073486,0.130384088333037
"459",171,4,7.59999990463257,7.69999980926514,7.69999980926514,0.0999999046325701,0.0499999523162851
"460",573,6,5.80000019073486,5.90000009536743,5.85000014305114,0.0999999046325701,0.054772203515624
"461",565,6,5.69999980926514,5.80000019073486,5.69999980926514,0.100000381469719,0.0408249847807471
"462",307,12,5.69999980926514,5.80000019073486,5.69999980926514,0.100000381469719,0.0514930614841316
"463",298,4,6.69999980926514,6.90000009536743,6.85000014305114,0.20000028610229,0.0957428269850763
"464",845,2,7,7,7,0,0
"465",874,2,7.80000019073486,7.90000009536743,7.85000014305114,0.0999999046325701,0.0707106106836984
"466",323,5,6.30000019073486,7,6.90000009536743,0.69999980926514,0.282842653469034
"467",495,9,5.69999980926514,6,5.80000019073486,0.30000019073486,0.086602595439001
"468",429,2,7.09999990463257,7.09999990463257,7.09999990463257,0,0
"469",459,2,5.90000009536743,6,5.95000004768371,0.0999999046325701,0.0707106106836984
"470",374,3,8.19999980926514,8.30000019073486,8.19999980926514,0.100000381469719,0.0577352471606078
"471",625,3,4.80000019073486,5.59999990463257,5.19999980926514,0.79999971389771,0.399999856948879
"472",886,2,6.90000009536743,7.09999990463257,7,0.19999980926514,0.141421221367397
"473",86,36,8,8.89999961853027,8.19999980926514,0.89999961853027,0.220389171221019
"474",77,7,8.69999980926514,9,8.89999961853027,0.30000019073486,0.111269703565003
"475",649,2,8.80000019073486,8.89999961853027,8.84999990463256,0.0999994277954102,0.070710273508909
"476",146,33,9.69999980926514,10.3999996185303,10,0.69999980926516,0.195982399965247
"477",309,27,9.69999980926514,10.1000003814697,10,0.40000057220456,0.128878710575847
"478",341,3,9,9.10000038146973,9.10000038146973,0.10000038146973,0.0577352471606139
"479",399,3,9.69999980926514,9.80000019073486,9.80000019073486,0.100000381469719,0.0577352471606078
"480",333,2,10.1999998092651,10.1999998092651,10.1999998092651,0,0
"481",829,3,9.89999961853027,10,10,0.10000038146973,0.0577352471606139
"482",63,454,9.10000038146973,10,9.69999980926514,0.89999961853027,0.158219315824592
"483",64,825,6.59999990463257,10.3999996185303,8.80000019073486,3.79999971389773,0.673592756187975
"484",758,4,9.39999961853027,9.5,9.44999980926513,0.10000038146973,0.0577352471606139
"485",224,23,9.30000019073486,9.60000038146973,9.39999961853027,0.30000019073487,0.0864312964140675
"486",153,174,9.10000038146973,9.89999961853027,9.30000019073486,0.79999923706054,0.144759830319558
"487",177,55,6.30000019073486,8.39999961853027,6.69999980926514,2.09999942779541,0.558394710336664
"488",373,2,7.59999990463257,7.59999990463257,7.59999990463257,0,0
"489",272,19,7.30000019073486,8.10000038146973,7.5,0.80000019073487,0.217508495960064
"490",268,3,7.40000009536743,7.59999990463257,7.5,0.19999980926514,0.0999999046325701
"491",123,82,5.30000019073486,6.09999990463257,5.69999980926514,0.79999971389771,0.15485713083529
"492",7,153,6.30000019073486,8.80000019073486,7.19999980926514,2.5,0.615883146672901
"493",30,20,6.59999990463257,7.59999990463257,7.45000004768371,1,0.233677674648005
"494",321,14,6.90000009536743,7.59999990463257,7.5,0.69999980926514,0.165250357246709
"495",175,9,8.10000038146973,8.60000038146973,8.5,0.5,0.158113933271781
"496",89,3,5.69999980926514,5.69999980926514,5.69999980926514,0,0
"497",127,30,7,8.60000038146973,7.80000019073486,1.60000038146973,0.280987631187299
"498",406,10,7.90000009536743,8.5,8,0.59999990463257,0.233094980570205
"499",381,28,7.59999990463257,8.69999980926514,8,1.09999990463257,0.299823586922333
"500",653,6,7.59999990463257,8.5,8.15000009536743,0.90000009536743,0.44271890258142
"501",454,2,7.80000019073486,7.80000019073486,7.80000019073486,0,0
"502",489,6,5.30000019073486,5.59999990463257,5.5,0.29999971389771,0.103279457403806
"503",878,2,7.5,7.5,7.5,0,0
"504",289,13,6.30000019073486,7.40000009536743,6.59999990463257,1.09999990463257,0.390430378637745
"505",651,5,6.19999980926514,6.40000009536743,6.30000019073486,0.20000028610229,0.0707107792712099
"506",735,2,6.40000009536743,6.40000009536743,6.40000009536743,0,0
"507",569,3,8.5,8.60000038146973,8.60000038146973,0.10000038146973,0.0577352471606139
"508",632,17,7,8.10000038146973,7.19999980926514,1.10000038146973,0.387488230810674
"509",344,8,5.09999990463257,5.30000019073486,5.19999980926514,0.20000028610229,0.0834524307242423
"510",591,6,5.5,5.69999980926514,5.59999990463257,0.19999980926514,0.0752771934809149
"511",588,6,5.09999990463257,5.30000019073486,5.19999980926514,0.20000028610229,0.0752774046280602
"512",706,2,6.5,6.69999980926514,6.59999990463257,0.19999980926514,0.141421221367397
"513",183,3,8,8,8,0,0
"514",825,2,5.69999980926514,5.69999980926514,5.69999980926514,0,0
"515",319,2,5.59999990463257,5.59999990463257,5.59999990463257,0,0
"516",782,3,5.5,5.69999980926514,5.59999990463257,0.19999980926514,0.0999999046325701
"517",244,50,6.09999990463257,7.09999990463257,6.5,1,0.281859697185217
"518",41,100,6.30000019073486,7.40000009536743,6.5,1.09999990463257,0.237928765024828
"519",76,2,6.90000009536743,7,6.95000004768371,0.0999999046325701,0.0707106106836984
"520",636,4,5.30000019073486,5.80000019073486,5.5,0.5,0.2629954793564
"521",556,3,6.19999980926514,6.30000019073486,6.19999980926514,0.100000381469719,0.0577352471606078
"522",80,20,5,5.80000019073486,5.25,0.80000019073486,0.195407858865516
"523",578,2,5.90000009536743,6,5.95000004768371,0.0999999046325701,0.0707106106836984
"524",194,62,6.5,7.09999990463257,6.59999990463257,0.59999990463257,0.134492837898109
"525",97,14,6.80000019073486,7.19999980926514,7,0.399999618530281,0.136880341903775
"526",713,2,6.69999980926514,6.69999980926514,6.69999980926514,0,0
"527",437,6,5.30000019073486,5.40000009536743,5.30000019073486,0.0999999046325701,0.0408247901127961
"528",270,2,5.80000019073486,5.80000019073486,5.80000019073486,0,0
"529",788,2,5.69999980926514,5.69999980926514,5.69999980926514,0,0
"530",294,2,6.69999980926514,6.69999980926514,6.69999980926514,0,0
"531",396,2,6.30000019073486,6.40000009536743,6.35000014305114,0.0999999046325701,0.0707106106836984
"532",738,2,6.19999980926514,6.19999980926514,6.19999980926514,0,0
"533",847,2,7,7,7,0,0
"534",493,3,6.80000019073486,6.90000009536743,6.90000009536743,0.0999999046325701,0.0577349718585513
"535",275,11,6.69999980926514,7,6.80000019073486,0.30000019073486,0.112815238018422
"536",383,6,6.69999980926514,7.40000009536743,6.85000014305114,0.70000028610229,0.248327772432441
"537",823,2,8.5,8.60000038146973,8.55000019073487,0.10000038146973,0.0707109478584877
"538",246,3,8.60000038146973,8.60000038146973,8.60000038146973,0,0
"539",812,2,5.69999980926514,5.69999980926514,5.69999980926514,0,0
"540",857,2,7.40000009536743,7.40000009536743,7.40000009536743,0,0
"541",794,2,5.69999980926514,5.69999980926514,5.69999980926514,0,0
"542",110,142,8.80000019073486,10,9.10000038146973,1.19999980926514,0.225075020948603
"543",114,50,9.19999980926514,9.89999961853027,9.39999961853027,0.69999980926513,0.207019675323933
"544",67,146,9.10000038146973,10.6999998092651,10,1.59999942779537,0.428840444535814
"545",855,3,9.60000038146973,10.1999998092651,9.69999980926514,0.599999427795369,0.321454817694529
"546",753,3,10.5,10.6999998092651,10.6999998092651,0.199999809265099,0.115469943717079
"547",267,4,9.39999961853027,10.3000001907349,10.0999999046326,0.900000572204631,0.40311308456286
"548",12,3,10.3999996185303,10.3999996185303,10.3999996185303,0,0
"549",149,3,10.3999996185303,10.3999996185303,10.3999996185303,0,0
"550",427,10,9.89999961853027,10,9.89999961853027,0.10000038146973,0.0421638629773391
"551",546,2,10.3999996185303,10.8999996185303,10.6499996185303,0.5,0.353553390593274
"552",488,3,10.5,10.6999998092651,10.6000003814697,0.199999809265099,0.0999999046329287
"553",717,2,10.6000003814697,10.6000003814697,10.6000003814697,0,0
"554",78,16,9.89999961853027,10.3000001907349,10,0.400000572204631,0.11474629875908
"555",8,32,9.80000019073486,10.1999998092651,10.1000003814697,0.39999961853024,0.0910845752431668
"556",199,89,8.80000019073486,10.3999996185303,10.1000003814697,1.59999942779544,0.381070268453433
"557",315,44,8.89999961853027,10.3999996185303,9.5,1.50000000000003,0.31997454110894
"558",92,75,8.89999961853027,10.5,9.69999980926514,1.60000038146973,0.446076010526135
"559",670,2,10.3999996185303,10.5,10.4499998092652,0.1000003814697,0.0707109478584664
"560",465,6,9,9.69999980926514,9.55000019073487,0.69999980926514,0.258843611585922
"561",631,3,9.80000019073486,9.89999961853027,9.89999961853027,0.0999994277954102,0.0577346965564886
"562",327,2,9,9.19999980926514,9.09999990463257,0.19999980926514,0.141421221367397
"563",638,4,8.10000038146973,8.80000019073486,8.34999990463256,0.69999980926513,0.294391964088359
"564",254,22,7.19999980926514,9,7.64999985694886,1.80000019073486,0.651687733306793
"565",150,29,6.80000019073486,9.39999961853027,7.40000009536743,2.59999942779541,0.664141289519547
"566",139,271,5.19999980926514,9.39999961853027,8,4.19999980926513,0.777857451464868
"567",711,4,8.5,8.69999980926514,8.65000009536744,0.19999980926514,0.0957425779652116
"568",599,3,8.60000038146973,9.60000038146973,8.80000019073486,1,0.529150298258431
"569",531,2,8.89999961853027,9.10000038146973,9,0.20000076293946,0.141421895716975
"570",205,14,8.89999961853027,9.60000038146973,9.19999980926514,0.70000076293946,0.210702732030375
"571",439,2,9.60000038146973,9.60000038146973,9.60000038146973,0,0
"572",783,3,9.19999980926514,9.39999961853027,9.39999961853027,0.19999980926513,0.115469943717096
"573",646,2,9.39999961853027,9.39999961853027,9.39999961853027,0,0
"574",678,3,9.19999980926514,9.39999961853027,9.30000019073486,0.19999980926513,0.0999999046329438
"575",353,26,5.5,8.10000038146973,6.95000004768371,2.60000038146973,0.788884385242711
"576",72,12,8.89999961853027,9.19999980926514,9,0.30000019073487,0.105529085619931
"577",372,3,9.19999980926514,9.19999980926514,9.19999980926514,0,0
"578",686,3,9.10000038146973,9.10000038146973,9.10000038146973,0,0
"579",554,3,7.59999990463257,8.10000038146973,7.59999990463257,0.50000047683716,0.288675409896876
"580",667,3,7.30000019073486,7.80000019073486,7.59999990463257,0.5,0.251661128894825
"581",125,10,7.5,8.19999980926514,7.59999990463257,0.69999980926514,0.234757546419708
"582",347,12,5.40000009536743,8.10000038146973,6.95000004768371,2.7000002861023,1.1176274663672
"583",540,2,9.19999980926514,9.30000019073486,9.25,0.100000381469719,0.0707109478584802
"584",566,2,8.89999961853027,8.89999961853027,8.89999961853027,0,0
"585",297,3,9,9,9,0,0
"586",792,3,9.10000038146973,9.10000038146973,9.10000038146973,0,0
"587",346,4,7.59999990463257,7.69999980926514,7.64999985694886,0.0999999046325701,0.0577349718585513
"588",53,338,3.29999995231628,8.39999961853027,5.69999980926514,5.09999966621399,0.983391343764152
"589",233,47,4.40000009536743,6.80000019073486,5.09999990463257,2.40000009536743,0.652973012836649
"590",385,4,4.69999980926514,4.80000019073486,4.75,0.100000381469719,0.0577352471606078
"591",590,3,7.59999990463257,7.69999980926514,7.59999990463257,0.0999999046325701,0.0577349718585513
"592",207,83,5.19999980926514,7.09999990463257,5.5,1.90000009536743,0.324750372318911
"593",135,24,5.30000019073486,6.90000009536743,5.75,1.59999990463257,0.425777247272778
"594",361,7,5.59999990463257,6.40000009536743,6.19999980926514,0.80000019073486,0.279455319029666
"595",851,4,4.19999980926514,4.59999990463257,4.34999990463257,0.40000009536743,0.206155354525888
"596",402,2,6.09999990463257,6.40000009536743,6.25,0.30000019073486,0.212132169225877
"597",313,8,4.30000019073486,4.40000009536743,4.40000009536743,0.0999999046325701,0.0353553053418492
"598",605,2,7.09999990463257,7.19999980926514,7.14999985694886,0.0999999046325701,0.0707106106836984
"599",572,2,6.40000009536743,6.5,6.45000004768371,0.0999999046325701,0.0707106106836984
"600",509,2,6.19999980926514,6.19999980926514,6.19999980926514,0,0
"601",170,2,5.80000019073486,5.90000009536743,5.85000014305114,0.0999999046325701,0.0707106106836984
"602",890,2,5.80000019073486,5.80000019073486,5.80000019073486,0,0
"603",370,3,7.59999990463257,7.69999980926514,7.69999980926514,0.0999999046325701,0.0577349718585513
"604",688,3,6.90000009536743,6.90000009536743,6.90000009536743,0,0
"605",487,2,7.59999990463257,7.69999980926514,7.64999985694886,0.0999999046325701,0.0707106106836984
"606",668,3,11.8999996185303,12,12,0.1000003814697,0.0577352471605965
"607",743,2,12.1000003814697,12.1000003814697,12.1000003814697,0,0
"608",48,1603,17.6000003814697,20.7999992370605,18.7999992370605,3.1999988555908,0.579249852094345
"609",564,2,21.3999996185303,21.5,21.4499998092652,0.100000381469702,0.0707109478584676
"610",229,2,21.1000003814697,21.1000003814697,21.1000003814697,0,0
"611",160,147,3.09999990463257,5.09999990463257,4.19999980926514,2,0.547227231468599
"612",841,2,5.09999990463257,5.09999990463257,5.09999990463257,0,0
"613",11,754,2.90000009536743,6.5,4.5,3.59999990463257,0.782791923869981
"614",689,2,4.69999980926514,4.69999980926514,4.69999980926514,0,0
"615",83,23,3.20000004768372,4.19999980926514,3.5,0.99999976158142,0.303666594827917
"616",719,2,3.40000009536743,3.5,3.45000004768371,0.0999999046325701,0.0707106106836984
"617",484,9,3.20000004768372,4.30000019073486,3.59999990463257,1.10000014305114,0.433333377043416
"618",594,3,5.09999990463257,5.19999980926514,5.09999990463257,0.0999999046325701,0.0577349718585513
"619",787,2,5.09999990463257,5.09999990463257,5.09999990463257,0,0
"620",858,6,4.30000019073486,4.30000019073486,4.30000019073486,0,0
"621",725,3,4.40000009536743,4.40000009536743,4.40000009536743,0,0
"622",176,2,4.59999990463257,4.69999980926514,4.64999985694886,0.0999999046325701,0.0707106106836984
"623",785,2,5.19999980926514,5.19999980926514,5.19999980926514,0,0
"624",356,5,4.19999980926514,4.40000009536743,4.30000019073486,0.20000028610229,0.0836660938422091
"625",43,1190,2.70000004768372,4.09999990463257,3.5,1.39999985694885,0.265024731213936
"626",328,20,1,3,1.39999997615814,2,0.661159281507668
"627",223,14,1.10000002384186,2.70000004768372,1.20000004768372,1.60000002384186,0.473936052311916
"628",305,69,0,4.30000019073486,2.09999990463257,4.30000019073486,1.329230666146
"629",810,3,5.69999980926514,5.90000009536743,5.90000009536743,0.20000028610229,0.115470219019159
"630",360,4,5.90000009536743,5.90000009536743,5.90000009536743,0,0
"631",853,4,6.09999990463257,6.09999990463257,6.09999990463257,0,0
"632",412,4,7.30000019073486,7.40000009536743,7.40000009536743,0.0999999046325701,0.0499999523162851
"633",760,5,5.90000009536743,6.19999980926514,6.09999990463257,0.29999971389771,0.114017433774314
"634",386,5,6.19999980926514,6.30000019073486,6.19999980926514,0.100000381469719,0.054772464690087
"635",367,2,4.59999990463257,4.59999990463257,4.59999990463257,0,0
"636",586,3,7.5,7.59999990463257,7.59999990463257,0.0999999046325701,0.0577349718585513
"637",609,2,3.90000009536743,4,3.95000004768371,0.0999999046325701,0.0707106106836984
"638",167,2,3.79999995231628,3.90000009536743,3.85000002384186,0.10000014305115,0.0707107792710927
"639",533,4,5,5.09999990463257,5.04999995231629,0.0999999046325701,0.0577349718585513
"640",577,3,5.40000009536743,5.40000009536743,5.40000009536743,0,0
"641",866,2,7.19999980926514,7.40000009536743,7.29999995231629,0.20000028610229,0.141421558542179
"642",793,2,6.40000009536743,6.40000009536743,6.40000009536743,0,0
"643",340,3,5.09999990463257,5.19999980926514,5.19999980926514,0.0999999046325701,0.0577349718585513
"644",892,2,4.90000009536743,5,4.95000004768371,0.0999999046325701,0.0707106106836984
"645",804,3,6.19999980926514,6.19999980926514,6.19999980926514,0,0
"646",350,2,5.09999990463257,5.09999990463257,5.09999990463257,0,0
"647",650,2,7.09999990463257,7.09999990463257,7.09999990463257,0,0
"648",756,3,7,7.09999990463257,7,0.0999999046325701,0.0577349718585513
"649",518,2,8.89999961853027,9,8.94999980926513,0.10000038146973,0.0707109478584877
"650",462,2,8.10000038146973,8.19999980926514,8.15000009536744,0.0999994277954102,0.070710273508909
"651",354,5,8.39999961853027,8.60000038146973,8.60000038146973,0.20000076293946,0.0894430602968907
"652",39,7,5.90000009536743,6.09999990463257,5.90000009536743,0.19999980926514,0.0975899142257716
"653",551,4,7.5,7.59999990463257,7.5,0.0999999046325701,0.0499999523162851
"654",66,6,6.80000019073486,6.90000009536743,6.85000014305114,0.0999999046325701,0.054772203515624
"655",537,4,6.90000009536743,6.90000009536743,6.90000009536743,0,0
"656",867,2,5.19999980926514,5.30000019073486,5.25,0.100000381469719,0.0707109478584802
"657",364,5,8,8.30000019073486,8.10000038146973,0.30000019073486,0.130384070047276
"658",238,10,5.90000009536743,6.09999990463257,6.09999990463257,0.19999980926514,0.0843273238502787
"659",475,2,5.19999980926514,5.19999980926514,5.19999980926514,0,0
"660",550,5,6.09999990463257,6.19999980926514,6.09999990463257,0.0999999046325701,0.0447213169003846
"661",279,9,5.90000009536743,6.19999980926514,6.09999990463257,0.29999971389771,0.0866024577878269
"662",262,2,5.19999980926514,5.19999980926514,5.19999980926514,0,0
"663",776,3,6.59999990463257,6.59999990463257,6.59999990463257,0,0
"664",505,3,7.5,7.5,7.5,0,0
"665",597,3,6.09999990463257,6.19999980926514,6.19999980926514,0.0999999046325701,0.0577349718585513
"666",502,2,7.5,7.5,7.5,0,0
"667",865,3,6.19999980926514,6.19999980926514,6.19999980926514,0,0
"668",510,3,6.19999980926514,6.30000019073486,6.30000019073486,0.100000381469719,0.0577352471606078
"669",457,5,6,6.19999980926514,6.09999990463257,0.19999980926514,0.0707106106836984
"670",830,2,6.69999980926514,6.69999980926514,6.69999980926514,0,0
"671",529,6,6.40000009536743,6.5,6.45000004768371,0.0999999046325701,0.054772203515624
"672",352,2,6.19999980926514,6.19999980926514,6.19999980926514,0,0
"673",618,4,6.19999980926514,6.19999980926514,6.19999980926514,0,0
"674",210,7,6.30000019073486,6.40000009536743,6.40000009536743,0.0999999046325701,0.0534521974064494
"675",131,4,5.80000019073486,6.09999990463257,6,0.29999971389771,0.125830453919795
"676",287,5,6.19999980926514,6.30000019073486,6.30000019073486,0.100000381469719,0.054772464690087
"677",446,2,5.59999990463257,5.90000009536743,5.75,0.30000019073486,0.212132169225877
"678",741,2,6.09999990463257,6.19999980926514,6.14999985694886,0.0999999046325701,0.0707106106836984
"679",840,2,7.40000009536743,7.69999980926514,7.54999995231629,0.29999971389771,0.212131832051095
"680",334,2,7.30000019073486,7.30000019073486,7.30000019073486,0,0
"681",751,2,9.5,9.5,9.5,0,0
"682",742,2,8.60000038146973,8.60000038146973,8.60000038146973,0,0
"683",549,2,11,11.6000003814697,11.3000001907348,0.6000003814697,0.42426433845174
"684",888,2,20.8999996185303,21,20.9499998092652,0.100000381469702,0.0707109478584676
"685",25,98,19.6000003814697,20.7999992370605,19.8999996185303,1.1999988555908,0.270966808590927
"686",50,1529,14.8999996185303,21.7999992370605,18.5,6.8999996185302,1.0009020304989
"687",467,2,21,21.1000003814697,21.0500001907348,0.100000381469702,0.0707109478584676
"688",203,3,21,21,21,0,0
"689",45,326,18,22,20.7999992370605,4,1.12539930928401
"690",325,13,21.7000007629395,22,22,0.299999237060501,0.112659877625651
"691",165,24,20.6000003814697,21.7000007629395,21.2000007629395,1.1000003814698,0.282554429914471
"692",808,3,21.7999992370605,22.1000003814697,21.8999996185303,0.300001144409201,0.152753105869831
"693",610,2,21.8999996185303,21.8999996185303,21.8999996185303,0,0
"694",774,4,21.8999996185303,21.8999996185303,21.8999996185303,0,0
"695",839,2,21.8999996185303,21.8999996185303,21.8999996185303,0,0
"696",701,4,21.8999996185303,21.8999996185303,21.8999996185303,0,0
"697",479,3,21.8999996185303,21.8999996185303,21.8999996185303,0,0
"698",740,2,21.6000003814697,21.6000003814697,21.6000003814697,0,0
"699",859,2,22.1000003814697,22.1000003814697,22.1000003814697,0,0
"700",31,454,18.5,22.6000003814697,22,4.1000003814697,0.809278323017464
"701",775,3,22.7000007629395,23.1000003814697,23.1000003814697,0.399999618530202,0.23093988743416
"702",151,22,22.2999992370605,22.7999992370605,22.4499998092652,0.5,0.17357994589551
"703",314,72,23,23.7000007629395,23.5,0.700000762939499,0.12138363482137
"704",256,5,22.2000007629395,22.5,22.5,0.299999237060501,0.130383740901719
"705",423,9,23.3999996185303,23.5,23.5,0.100000381469702,0.0440960233967371
"706",769,2,22.7999992370605,22.7999992370605,22.7999992370605,0,0
"707",665,5,22.2999992370605,23.1000003814697,23,0.800001144409201,0.334664460857946
"708",52,536,-3.59999990463257,23.6000003814697,15.8000001907349,27.2000002861023,9.10843366696753
"709",514,2,-0.600000023841858,-0.5,-0.550000011920929,0.100000023841858,0.0707106949773942
"710",348,2,8.69999980926514,9.10000038146973,8.90000009536744,0.40000057220459,0.282843117084365
"711",727,3,12.1999998092651,13.6999998092651,13,1.5,0.750555354181939
"712",3,2027,-2.70000004768372,23.5,1.79999995231628,26.2000000476837,5.21363231367121
"713",879,2,1.60000002384186,1.79999995231628,1.69999998807907,0.19999992847442,0.141421305661087
"714",834,2,1,1.5,1.25,0.5,0.353553390593274
"715",682,2,2.79999995231628,3.90000009536743,3.35000002384186,1.10000014305115,0.77781756045764
"716",331,2,4.90000009536743,5.80000019073486,5.35000014305114,0.90000009536743,0.636396170502849
"717",303,3,4.09999990463257,4.90000009536743,4.80000019073486,0.80000019073486,0.435890025626805
"718",643,8,5.5,5.80000019073486,5.59999990463257,0.30000019073486,0.118773567041065
"719",809,3,-1.10000002384186,-0.600000023841858,-0.699999988079071,0.500000000000002,0.264575137864992
"720",683,2,-0.400000005960464,-0.300000011920929,-0.350000008940696,0.099999994039535,0.0707106739039695
"721",580,2,-1,-0.300000011920929,-0.650000005960464,0.699999988079071,0.494974738401214
"722",507,2,11,11.5,11.25,0.5,0.353553390593274
"723",99,105,-0.699999988079071,9.89999961853027,5.09999990463257,10.5999996066093,2.37182675791774
"724",700,2,9.69999980926514,10,9.84999990463257,0.30000019073486,0.212132169225877
"725",837,2,9.69999980926514,9.69999980926514,9.69999980926514,0,0
"726",237,28,3.90000009536743,10.6999998092651,6.64999985694886,6.79999971389767,1.88182623293156
"727",140,41,0.400000005960464,11.3999996185303,6.5,10.9999996125698,3.87985264525831
"728",481,2,7.90000009536743,8.30000019073486,8.10000014305114,0.40000009536743,0.282842779909575
"729",393,4,9.5,10.1000003814697,9.90000009536743,0.6000003814697,0.264575239242995
"730",312,2,8.39999961853027,9.80000019073486,9.09999990463256,1.40000057220459,0.989949898270912
"731",458,2,7.40000009536743,7.80000019073486,7.60000014305114,0.40000009536743,0.282842779909575
"732",728,4,7.59999990463257,8.69999980926514,7.84999990463257,1.09999990463257,0.496655455255815
"733",432,2,10.1999998092651,10.6999998092651,10.4499998092651,0.5,0.353553390593274
"734",119,45,2.20000004768372,10.6000003814697,6.59999990463257,8.40000033378598,2.53337922941524
"735",676,4,10,10.8000001907349,10.6999998092651,0.800000190734901,0.369684541614699
"736",870,2,4.5,4.59999990463257,4.54999995231629,0.0999999046325701,0.0707106106836984
"737",648,5,8,10.5,9.19999980926514,2.5,1.09178756704441
"738",500,10,3.59999990463257,9.60000038146973,7.59999990463256,6.00000047683716,2.13124909212922
"739",95,21,2.20000004768372,10.6999998092651,7.09999990463257,8.49999976158138,2.58440377193533
"740",836,2,8.89999961853027,9.30000019073486,9.09999990463256,0.40000057220459,0.282843117084365
"741",14,65,3.70000004768372,12.1000003814697,5.90000009536743,8.40000033378598,1.48311008182709
"742",71,40,2.5,12.3000001907349,5.19999980926514,9.8000001907349,3.32342114156591
"743",261,55,1.79999995231628,12.8000001907349,3,11.0000002384186,3.13897189070612
"744",477,2,12.1000003814697,12.1000003814697,12.1000003814697,0,0
"745",716,2,11.6000003814697,11.8000001907349,11.7000002861023,0.199999809265201,0.141421221367439
"746",754,4,6.59999990463257,8.30000019073486,7.45000004768371,1.70000028610229,0.695221901466765
"747",34,2397,-1.5,12.1000003814697,4.80000019073486,13.6000003814697,3.26178352651986
"748",773,2,3.09999990463257,5.09999990463257,4.09999990463257,2,1.4142135623731
"749",433,3,7.59999990463257,7.69999980926514,7.59999990463257,0.0999999046325701,0.0577349718585513
"750",264,5,7.09999990463257,7.69999980926514,7.69999980926514,0.59999990463257,0.260768057807781
"751",330,2,6.19999980926514,6.5,6.34999990463257,0.30000019073486,0.212132169225877
"752",732,2,4.90000009536743,4.90000009536743,4.90000009536743,0,0
"753",807,2,8.69999980926514,8.89999961853027,8.79999971389771,0.19999980926513,0.141421221367389
"754",749,2,4.09999990463257,4.80000019073486,4.45000004768371,0.70000028610229,0.494974949135452
"755",567,2,8.10000038146973,8.10000038146973,8.10000038146973,0,0
"756",106,15,8.39999961853027,9.5,9,1.10000038146973,0.412656988350838
"757",877,2,5.40000009536743,9.60000038146973,7.50000023841858,4.2000002861023,2.96984868328838
"758",543,5,9.19999980926514,9.60000038146973,9.39999961853027,0.40000057220459,0.178885667441838
"759",179,3,11.1999998092651,11.5,11.5,0.300000190734901,0.173205190877734
"760",860,2,9.69999980926514,10,9.84999990463257,0.30000019073486,0.212132169225877
"761",747,2,8.5,8.5,8.5,0,0
"762",669,2,10.8000001907349,11,10.9000000953674,0.199999809265099,0.141421221367368
"763",404,4,8.60000038146973,9.30000019073486,8.84999990463256,0.69999980926513,0.294391964088359
"764",408,2,8.10000038146973,8.19999980926514,8.15000009536744,0.0999994277954102,0.070710273508909
"765",410,10,-0.600000023841858,6.09999990463257,0.25000000745058,6.69999992847443,2.67199464230059
"766",637,2,5.59999990463257,5.90000009536743,5.75,0.30000019073486,0.212132169225877
"767",425,2,7.69999980926514,7.90000009536743,7.79999995231629,0.20000028610229,0.141421558542179
"768",872,2,5,5.5,5.25,0.5,0.353553390593274
"769",712,3,4.59999990463257,6.30000019073486,5.69999980926514,1.70000028610229,0.862167928412957
"770",583,2,5.59999990463257,5.69999980926514,5.64999985694886,0.0999999046325701,0.0707106106836984
"771",292,3,5.40000009536743,5.69999980926514,5.40000009536743,0.29999971389771,0.173204915575654
"772",118,28,5.40000009536743,12.3999996185303,11.1500000953674,6.99999952316287,1.85486627294773
"773",145,23,4.19999980926514,12.1999998092651,8.60000038146973,7.99999999999996,2.49579097893664
"774",660,6,11.1000003814697,11.3999996185303,11.1999998092651,0.2999992370606,0.11690428559062
"775",478,6,10.8999996185303,11.5,11.0999999046326,0.6000003814697,0.301109280676573
"776",456,2,10.1000003814697,10.1999998092651,10.1500000953674,0.0999994277953995,0.0707102735089015
"777",544,10,5.69999980926514,9.80000019073486,6.75,4.10000038146972,1.8333029815589
"778",579,2,9.69999980926514,9.80000019073486,9.75,0.100000381469719,0.0707109478584802
"779",508,2,11,11.1999998092651,11.0999999046326,0.199999809265099,0.141421221367368
"780",876,2,9.39999961853027,9.60000038146973,9.5,0.20000076293946,0.141421895716975
"781",460,6,11.1000003814697,11.3999996185303,11.1500000953674,0.2999992370606,0.147195647298882
"782",371,16,7.40000009536743,10.8999996185303,10.3999996185303,3.49999952316287,0.800806854434225
"783",369,6,11.1000003814697,11.6999998092651,11.1000003814697,0.599999427795399,0.250997711596999
"784",674,2,10,10.1000003814697,10.0500001907348,0.1000003814697,0.0707109478584664
"785",722,3,10.8999996185303,11.8000001907349,11,0.900000572204601,0.493288524672017
"786",655,2,8.89999961853027,8.89999961853027,8.89999961853027,0,0
"787",503,2,11,11,11,0,0
"788",260,2,10.8999996185303,11.1000003814697,11,0.2000007629394,0.141421895716933
"789",854,2,10.1999998092651,10.1999998092651,10.1999998092651,0,0
"790",690,2,10.5,10.5,10.5,0,0
"791",362,2,10.6000003814697,10.6999998092651,10.6500000953674,0.0999994277953995,0.0707102735089015
"792",673,6,8.19999980926514,10.5,9.70000028610228,2.30000019073486,0.906458330434286
"793",820,3,4.59999990463257,4.59999990463257,4.59999990463257,0,0
"794",604,8,10.6000003814697,10.8000001907349,10.6999998092651,0.199999809265201,0.0707107070197758
"795",835,2,10.1999998092651,10.3000001907349,10.25,0.100000381469801,0.070710947858538
"796",101,2,10.3999996185303,10.3999996185303,10.3999996185303,0,0
"797",612,2,10.3000001907349,10.3999996185303,10.3499999046326,0.0999994277953995,0.0707102735089015
"798",476,18,6.5,10.6000003814697,10.3999996185303,4.1000003814697,1.17723502382943
"799",382,5,10.3999996185303,10.6999998092651,10.5,0.300000190734799,0.130384216334312
"800",339,22,3.90000009536743,10.3000001907349,9.65000009536743,6.40000009536747,2.63486442816732
"801",265,20,6.5,10.5,8.40000009536744,4,1.40685348958817
"802",98,92,0.600000023841858,10.3999996185303,4.09999990463257,9.79999959468844,2.51686616494818
"803",191,8,9.39999961853027,10.3000001907349,9.79999971389771,0.900000572204631,0.305894648858823
"804",420,6,7.69999980926514,10.8000001907349,10.5,3.10000038146976,1.31453413220854
"805",111,18,8.19999980926514,11.5,10.5,3.30000019073486,0.868549940963099
"806",263,14,3.09999990463257,10.1000003814697,4.54999995231629,7.00000047683713,2.40352319866129
"807",40,200,3,11.1999998092651,6.09999990463257,8.1999998092651,2.25830545159598
"808",684,3,2,3.29999995231628,2.5,1.29999995231628,0.655743826979253
"809",815,3,10.5,10.6999998092651,10.6000003814697,0.199999809265099,0.0999999046329287
"810",528,3,9.5,10.3999996185303,9.69999980926514,0.8999996185303,0.472581381004379
"811",516,5,10.3000001907349,10.3999996185303,10.3000001907349,0.0999994277953995,0.0547719423411494
"812",887,2,3.90000009536743,4.30000019073486,4.10000014305114,0.40000009536743,0.282842779909575
"813",861,2,4.40000009536743,6.59999990463257,5.5,2.19999980926514,1.55563478374049
"814",693,3,10.6000003814697,11,10.8000001907349,0.3999996185303,0.19999980926515
"815",563,2,10.6000003814697,10.8000001907349,10.7000002861023,0.199999809265201,0.141421221367439
"816",443,7,4.80000019073486,8.89999961853027,5.40000009536743,4.09999942779541,1.70070009014352
"817",520,2,4.69999980926514,9.39999961853027,7.04999971389771,4.69999980926513,3.32340173670685
"818",654,4,10.6999998092651,11.1000003814697,10.8499999046326,0.400000572204601,0.206155528000919
"819",805,2,10.6999998092651,10.6999998092651,10.6999998092651,0,0
"820",641,2,9.69999980926514,9.80000019073486,9.75,0.100000381469719,0.0707109478584802
"821",368,12,7,9.5,8.80000019073486,2.5,0.736700216214871
"822",395,3,6.40000009536743,7.09999990463257,6.69999980926514,0.69999980926514,0.351188372435624
"823",707,3,6.69999980926514,7.80000019073486,7.5,1.10000038146972,0.56862425479548
"824",681,7,8.39999961853027,8.5,8.5,0.10000038146973,0.0534524522866325
"825",772,7,4.59999990463257,8,7.40000009536743,3.40000009536743,1.16025453093421
"826",762,5,9.69999980926514,9.80000019073486,9.80000019073486,0.100000381469719,0.0447215301484406
"827",463,5,8.39999961853027,8.60000038146973,8.60000038146973,0.20000076293946,0.0894430602968907
"828",799,3,5.69999980926514,6.19999980926514,6,0.5,0.251661160474107
"829",252,6,3.79999995231628,8.69999980926514,8.29999995231628,4.89999985694886,2.34776487747206
"830",613,3,8.19999980926514,8.5,8.39999961853027,0.30000019073486,0.152752585597938
"831",838,2,3.20000004768372,10.1000003814697,6.65000021457671,6.90000033378598,4.87903702620951
"832",780,2,7.09999990463257,8.39999961853027,7.74999976158142,1.2999997138977,0.919238613237635
"833",726,2,7,7.69999980926514,7.34999990463257,0.69999980926514,0.494974611960671
"834",32,122,4.5,12.6999998092651,7.69999980926514,8.1999998092651,1.66651250926157
"835",448,12,8.89999961853027,13.6999998092651,12.6500000953674,4.80000019073483,1.71561457982495
"836",136,21,12.8000001907349,15,14.5,2.1999998092651,0.457321358256951
"837",736,2,9.69999980926514,11,10.3499999046326,1.30000019073486,0.919238950412424
"838",539,2,8.39999961853027,8.39999961853027,8.39999961853027,0,0
"839",893,2,8.19999980926514,8.19999980926514,8.19999980926514,0,0
"840",768,2,11.5,11.6999998092651,11.5999999046326,0.199999809265099,0.141421221367368
"841",59,1780,-1.20000004768372,17.7999992370605,6.19999980926514,18.9999992847442,5.95049070660209
"842",611,3,6.40000009536743,6.59999990463257,6.40000009536743,0.19999980926514,0.115469943717103
"843",864,2,10.3999996185303,10.5,10.4499998092652,0.1000003814697,0.0707109478584664
"844",896,2,6.59999990463257,7.69999980926514,7.14999985694886,1.09999990463257,0.777817391870246
"845",109,52,0.5,17.8999996185303,3.64999997615814,17.3999996185303,6.49265398671739
"846",189,133,-1.70000004768372,19.3999996185303,1,21.099999666214,2.89280813389099
"847",862,2,10.3000001907349,13.3999996185303,11.8499999046326,3.0999994277954,2.19203061706854
"848",365,2,10.5,13.3000001907349,11.9000000953674,2.8000001907349,1.97989912219227
"849",273,3,16.2000007629395,16.7999992370605,16.5,0.599998474121001,0.299999237060501
"850",318,2,16.2999992370605,16.3999996185303,16.3499994277954,0.100000381469798,0.0707109478585355
"851",461,3,13.6999998092651,14.3999996185303,14.1999998092651,0.699999809265201,0.360555048195934
"852",227,16,14.3000001907349,15.5,15.1000003814697,1.1999998092651,0.393064796435072
"853",652,4,14.1000003814697,14.5,14.3499999046326,0.3999996185303,0.206155181051017
"854",696,3,14.8000001907349,14.8999996185303,14.8999996185303,0.0999994277953995,0.0577346965564824
"855",795,3,13.1999998092651,13.3999996185303,13.3000001907349,0.199999809265201,0.0999999046329793
"856",157,3,13.3999996185303,13.5,13.3999996185303,0.1000003814697,0.0577352471605965
"857",601,2,15.1999998092651,15.1999998092651,15.1999998092651,0,0
"858",388,16,15,16.1000003814697,15.3000001907349,1.1000003814697,0.296648010210284
"859",545,7,14.5,15.3000001907349,15.1000003814697,0.800000190734901,0.310912747572149
"860",329,19,14,15.3000001907349,14.8999996185303,1.3000001907349,0.32317857847004
"861",108,5,14.3999996185303,14.5,14.5,0.1000003814697,0.0447215301484319
"862",748,3,14.6999998092651,15,14.8000001907349,0.300000190734901,0.152752585597952
"863",898,2,13.8999996185303,14.1999998092651,14.0499997138977,0.300000190734799,0.212132169225834
"864",440,9,14.6999998092651,15.3000001907349,15.1000003814697,0.600000381469801,0.171593903611261
"865",445,2,14.3000001907349,14.3999996185303,14.3499999046326,0.0999994277953995,0.0707102735089015
"866",642,2,13.5,13.5,13.5,0,0
"867",122,27,14.3000001907349,16,15.1999998092651,1.6999998092651,0.448358738482855
"868",236,14,14.1000003814697,15.6999998092651,14.9000000953674,1.5999994277954,0.488325118221753
"869",137,5,13.6000003814697,14.5,14.3000001907349,0.8999996185303,0.363318010993002
"870",421,9,13.8000001907349,16.7000007629395,15.1999998092651,2.9000005722046,1.17910077772519
"871",694,2,13.8000001907349,13.8999996185303,13.8499999046326,0.0999994277953995,0.0707102735089015
"872",739,2,14.3999996185303,14.6999998092651,14.5499997138977,0.300000190734799,0.212132169225834
"873",232,13,15.8000001907349,18.1000003814697,17.2000007629395,2.3000001907348,0.679932071880649
"874",134,40,4.5,17.7000007629395,17.2000007629395,13.2000007629395,3.4299875895122
"875",222,9,11.3999996185303,16.1000003814697,13.6000003814697,4.7000007629394,1.81383577912949
"876",490,7,15.6000003814697,16,15.8000001907349,0.3999996185303,0.160207975641266
"877",764,6,16.3999996185303,17.5,17.3999996185303,1.1000003814697,0.413118260531169
"878",413,9,13.3999996185303,17,16.2999992370605,3.6000003814697,1.17556125727426
"879",211,8,13.6999998092651,17.2000007629395,16.3999996185303,3.5000009536744,1.35453390576053
"880",466,14,14.8999996185303,17.2000007629395,16.3499994277954,2.3000011444092,0.676773286370594
"881",584,5,15.8999996185303,17.5,16.7999992370605,1.6000003814697,0.642650793169974
"882",541,6,15.3000001907349,17.5,16.8000001907349,2.1999998092651,0.882420906650731
"883",320,2,15.8000001907349,15.8999996185303,15.8499999046326,0.0999994277953995,0.0707102735089015
"884",757,2,16,16.3999996185303,16.1999998092652,0.399999618530298,0.282842442734806
"885",821,5,17.1000003814697,17.6000003814697,17.3999996185303,0.5,0.181659031746186
"886",258,4,16.8999996185303,17.6000003814697,17.1999998092652,0.700000762939403,0.377492067030681
"887",515,2,16.3999996185303,16.5,16.4499998092652,0.100000381469702,0.0707109478584676
"888",197,2,16.6000003814697,16.7999992370605,16.6999998092651,0.199998855590799,0.141420547017803
"889",363,5,5.5,9.10000038146973,7.30000019073486,3.60000038146973,1.2747550186714
"890",521,6,6.80000019073486,7.80000019073486,7.54999995231629,1,0.414728753482171
"891",506,3,6.80000019073486,8.30000019073486,8.10000038146973,1.5,0.814452824459136
"892",174,2,7.40000009536743,7.40000009536743,7.40000009536743,0,0
"893",253,42,2.09999990463257,8.19999980926514,2.64999997615814,6.09999990463257,1.43972183740487
"894",132,108,-1.70000004768372,17.1000003814697,2,18.8000004291534,3.9596287242028
"895",813,2,16.2999992370605,16.2999992370605,16.2999992370605,0,0
"896",527,7,9.19999980926514,18.7999992370605,12.3999996185303,9.59999942779536,3.26584034465029
"897",659,3,18.2000007629395,18.3999996185303,18.3999996185303,0.199998855590799,0.115469393112965
"898",617,2,14.5,22.8999996185303,18.6999998092652,8.3999996185303,5.93969669222719
